ptg000006l_rc_rotated	ptg000007l_1_1_1	90.437	7686	658	52	11633	19306	55667763	55660143	0.0	10050
ptg000006l_rc_rotated	ptg000007l_1_1_1	86.147	9269	1008	177	10080	19306	96865086	96856052	0.0	9749
ptg000006l_rc_rotated	ptg000007l_1_1_1	89.275	6471	630	37	7	6449	55680826	55674392	0.0	8046
ptg000006l_rc_rotated	ptg000007l_1_1_1	89.613	5189	504	25	14125	19306	55685993	55680833	0.0	6564
ptg000006l_rc_rotated	ptg000007l_1_1_1	87.230	4252	528	14	1305	5553	96854769	96850530	0.0	4830
ptg000006l_rc_rotated	ptg000007l_1_1_1	87.347	2608	266	39	9043	11637	55671653	55669097	0.0	2929
ptg000006l_rc_rotated	ptg000007l_1_1_1	89.025	2041	204	10	7	2043	55660136	55658112	0.0	2510
ptg000006l_rc_rotated	ptg000007l_1_1_1	90.268	1531	126	14	13023	14548	18936602	18938114	0.0	1980
ptg000006l_rc_rotated	ptg000007l_1_1_1	89.233	1291	128	7	4	1286	96856048	96854761	0.0	1604
ptg000006l_rc_rotated	ptg000007l_1_1_1	93.049	820	45	10	12219	13035	18935516	18936326	0.0	1188
ptg000006l_rc_rotated	ptg000007l_1_1_1	82.195	1376	203	24	8100	9468	55671818	55670478	0.0	1146
ptg000006l_rc_rotated	ptg000007l_1_1_1	84.137	1223	147	20	8459	9679	55671653	55670476	0.0	1140
ptg000006l_rc_rotated	ptg000007l_1_1_1	83.892	1223	150	23	8605	9825	55671653	55670476	0.0	1123
ptg000006l_rc_rotated	ptg000007l_1_1_1	83.729	1223	152	23	8897	10117	55671653	55670476	0.0	1112
ptg000006l_rc_rotated	ptg000007l_1_1_1	83.565	1223	154	23	8751	9971	55671653	55670476	0.0	1101
ptg000006l_rc_rotated	ptg000007l_1_1_1	84.460	1139	151	14	8397	9533	55671590	55670476	0.0	1099
ptg000006l_rc_rotated	ptg000007l_1_1_1	84.450	1119	148	13	8271	9387	55671570	55670476	0.0	1079
ptg000006l_rc_rotated	ptg000007l_1_1_1	82.855	1184	188	15	8313	9489	55671653	55670478	0.0	1048
ptg000006l_rc_rotated	ptg000007l_1_1_1	84.121	1058	155	13	9189	10240	55671653	55670603	0.0	1011
ptg000006l_rc_rotated	ptg000007l_1_1_1	82.556	1158	153	30	10715	11857	63046332	63045209	0.0	974
ptg000006l_rc_rotated	ptg000007l_1_1_1	81.688	1185	200	17	8584	9760	55671653	55670478	0.0	970
ptg000006l_rc_rotated	ptg000007l_1_1_1	81.912	1161	196	14	8524	9678	55671650	55670498	0.0	968
ptg000006l_rc_rotated	ptg000007l_1_1_1	81.708	1159	198	14	8818	9970	55671648	55670498	0.0	953
ptg000006l_rc_rotated	ptg000007l_1_1_1	81.409	1221	174	24	8962	10177	55671650	55670478	0.0	948
ptg000006l_rc_rotated	ptg000007l_1_1_1	81.481	1161	201	14	8670	9824	55671650	55670498	0.0	941
ptg000006l_rc_rotated	ptg000007l_1_1_1	81.683	1141	195	14	9108	10242	55671650	55670518	0.0	937
ptg000006l_rc_rotated	ptg000007l_1_1_1	81.162	1205	191	21	8834	10031	55671653	55670478	0.0	935
ptg000006l_rc_rotated	ptg000007l_1_1_1	81.079	1205	192	24	8396	9593	55671653	55670478	0.0	929
ptg000006l_rc_rotated	ptg000007l_1_1_1	84.173	973	128	14	8271	9241	55671424	55670476	0.0	920
ptg000006l_rc_rotated	ptg000007l_1_1_1	80.913	1205	194	21	8688	9885	55671653	55670478	0.0	918
ptg000006l_rc_rotated	ptg000007l_1_1_1	80.747	1205	196	21	8542	9739	55671653	55670478	0.0	907
ptg000006l_rc_rotated	ptg000007l_1_1_1	85.430	906	90	18	9335	10240	55671653	55670790	0.0	904
ptg000006l_rc_rotated	ptg000007l_1_1_1	88.664	741	80	4	18198	18938	96359721	96360457	0.0	900
ptg000006l_rc_rotated	ptg000007l_1_1_1	81.306	1118	175	20	9126	10237	55671653	55670564	0.0	876
ptg000006l_rc_rotated	ptg000007l_1_1_1	81.296	1080	166	17	8271	9322	55671549	55670478	0.0	843
ptg000006l_rc_rotated	ptg000007l_1_1_1	82.129	996	166	12	9254	10244	55671650	55670662	0.0	843
ptg000006l_rc_rotated	ptg000007l_1_1_1	84.420	828	122	7	8271	9095	55671299	55670476	0.0	808
ptg000006l_rc_rotated	ptg000007l_1_1_1	81.614	979	167	13	9272	10244	55671653	55670682	0.0	798
ptg000006l_rc_rotated	ptg000007l_1_1_1	81.182	1015	158	19	8293	9301	55671465	55670478	0.0	785
ptg000006l_rc_rotated	ptg000007l_1_1_1	81.565	933	138	20	8271	9176	55671403	55670478	0.0	739
ptg000006l_rc_rotated	ptg000007l_1_1_1	84.737	760	91	13	9481	10238	55671653	55670917	0.0	737
ptg000006l_rc_rotated	ptg000007l_1_1_1	82.547	848	120	14	9400	10244	55671650	55670828	0.0	721
ptg000006l_rc_rotated	ptg000007l_1_1_1	82.225	827	138	9	8272	9094	55671319	55670498	0.0	704
ptg000006l_rc_rotated	ptg000007l_1_1_1	88.007	592	69	2	5641	6232	96850506	96849917	0.0	699
ptg000006l_rc_rotated	ptg000007l_1_1_1	84.728	681	99	5	8271	8949	55671153	55670476	0.0	676
ptg000006l_rc_rotated	ptg000007l_1_1_1	83.071	762	102	13	8272	9030	55671215	55670478	0.0	667
ptg000006l_rc_rotated	ptg000007l_1_1_1	81.106	868	133	18	8293	9155	55671319	55670478	0.0	665
ptg000006l_rc_rotated	ptg000007l_1_1_1	83.380	722	94	12	9546	10244	55671650	55670932	0.0	645
ptg000006l_rc_rotated	ptg000007l_1_1_1	82.100	743	104	14	8271	9009	55671195	55670478	1.78e-170	608
ptg000006l_rc_rotated	ptg000007l_1_1_1	80.265	831	134	13	9418	10244	55671653	55670849	1.07e-167	599
ptg000006l_rc_rotated	ptg000007l_1_1_1	82.879	660	104	9	8271	8926	55671132	55670478	2.99e-163	584
ptg000006l_rc_rotated	ptg000007l_1_1_1	84.339	613	73	6	9627	10238	55671653	55671063	1.39e-161	579
ptg000006l_rc_rotated	ptg000007l_1_1_1	83.388	614	95	7	8274	8884	55671087	55670478	1.40e-156	562
ptg000006l_rc_rotated	ptg000007l_1_1_1	81.606	685	117	9	9564	10244	55671653	55670974	1.81e-155	558
ptg000006l_rc_rotated	ptg000007l_1_1_1	84.144	555	83	5	9692	10244	55671650	55671099	1.10e-147	532
ptg000006l_rc_rotated	ptg000007l_1_1_1	83.925	535	81	5	8271	8803	55671007	55670476	6.66e-140	507
ptg000006l_rc_rotated	ptg000007l_1_1_1	82.305	616	80	17	9606	10217	55671653	55671063	6.66e-140	507
ptg000006l_rc_rotated	ptg000007l_1_1_1	80.301	665	120	11	9585	10244	55671653	55670995	1.87e-135	492
ptg000006l_rc_rotated	ptg000007l_1_1_1	81.681	595	82	11	8272	8863	55671048	55670478	8.74e-129	470
ptg000006l_rc_rotated	ptg000007l_1_1_1	84.632	475	66	7	9773	10244	55671653	55671183	1.13e-127	466
ptg000006l_rc_rotated	ptg000007l_1_1_1	94.898	294	14	1	200	492	96013970	96014263	1.89e-125	459
ptg000006l_rc_rotated	ptg000007l_1_1_1	83.503	491	76	5	8271	8759	55670965	55670478	8.80e-124	453
ptg000006l_rc_rotated	ptg000007l_1_1_1	84.154	467	69	5	8274	8738	55670941	55670478	4.10e-122	448
ptg000006l_rc_rotated	ptg000007l_1_1_1	95.341	279	6	4	11686	11962	134607716	134607989	8.87e-119	436
ptg000006l_rc_rotated	ptg000007l_1_1_1	81.413	538	93	7	9710	10244	55671653	55671120	1.15e-117	433
ptg000006l_rc_rotated	ptg000007l_1_1_1	87.850	321	37	2	9919	10238	55671653	55671334	1.96e-100	375
ptg000006l_rc_rotated	ptg000007l_1_1_1	79.691	517	96	9	9731	10243	55671653	55671142	4.24e-97	364
ptg000006l_rc_rotated	ptg000007l_1_1_1	86.378	323	41	3	8271	8592	55670798	55670478	1.19e-92	350
ptg000006l_rc_rotated	ptg000007l_1_1_1	82.469	405	66	5	9838	10240	55671650	55671249	1.19e-92	350
ptg000006l_rc_rotated	ptg000007l_1_1_1	84.770	348	50	3	8271	8617	55670819	55670474	1.54e-91	346
ptg000006l_rc_rotated	ptg000007l_1_1_1	81.308	428	74	6	8272	8696	55670902	55670478	1.99e-90	342
ptg000006l_rc_rotated	ptg000007l_1_1_1	81.841	391	66	5	9856	10244	55671653	55671266	7.20e-85	324
ptg000006l_rc_rotated	ptg000007l_1_1_1	81.701	388	66	5	8271	8656	55670882	55670498	3.35e-83	318
ptg000006l_rc_rotated	ptg000007l_1_1_1	88.843	242	27	0	10003	10244	55671590	55671349	4.37e-77	298
ptg000006l_rc_rotated	ptg000007l_1_1_1	91.748	206	17	0	2433	2638	34931835	34931630	9.45e-74	287
ptg000006l_rc_rotated	ptg000007l_1_1_1	79.784	371	68	7	9877	10244	55671653	55671287	1.59e-66	263
ptg000006l_rc_rotated	ptg000007l_1_1_1	84.733	262	37	3	9984	10244	55671629	55671370	2.06e-65	259
ptg000006l_rc_rotated	ptg000007l_1_1_1	90.805	174	16	0	10065	10238	55671653	55671480	1.25e-57	233
ptg000006l_rc_rotated	ptg000007l_1_1_1	94.667	150	7	1	2170	2318	14889908	14890057	4.49e-57	231
ptg000006l_rc_rotated	ptg000007l_1_1_1	82.824	262	42	3	9984	10244	55671650	55671391	4.49e-57	231
ptg000006l_rc_rotated	ptg000007l_1_1_1	83.817	241	25	9	4919	5156	102092177	102091948	1.26e-52	217
ptg000006l_rc_rotated	ptg000007l_1_1_1	87.634	186	19	3	205	388	94409519	94409702	1.63e-51	213
ptg000006l_rc_rotated	ptg000007l_1_1_1	81.967	244	41	3	10002	10244	55671653	55671412	9.79e-49	204
ptg000006l_rc_rotated	ptg000007l_1_1_1	85.864	191	27	0	14610	14800	59942405	59942215	9.79e-49	204
ptg000006l_rc_rotated	ptg000007l_1_1_1	81.818	253	35	10	4728	4975	6566912	6566666	3.52e-48	202
ptg000006l_rc_rotated	ptg000007l_1_1_1	94.615	130	7	0	9108	9237	96865077	96864948	3.52e-48	202
ptg000006l_rc_rotated	ptg000007l_1_1_1	91.667	144	12	0	13232	13375	60120203	60120346	1.27e-47	200
ptg000006l_rc_rotated	ptg000007l_1_1_1	92.254	142	9	2	9838	9978	96865056	96864916	1.27e-47	200
ptg000006l_rc_rotated	ptg000007l_1_1_1	92.254	142	9	2	9692	9832	96865056	96864916	1.27e-47	200
ptg000006l_rc_rotated	ptg000007l_1_1_1	92.254	142	9	2	9400	9540	96865056	96864916	1.27e-47	200
ptg000006l_rc_rotated	ptg000007l_1_1_1	92.254	142	9	2	9254	9394	96865056	96864916	1.27e-47	200
ptg000006l_rc_rotated	ptg000007l_1_1_1	92.254	142	9	2	8670	8810	96865056	96864916	1.27e-47	200
ptg000006l_rc_rotated	ptg000007l_1_1_1	84.653	202	28	3	10044	10244	55671653	55671454	4.55e-47	198
ptg000006l_rc_rotated	ptg000007l_1_1_1	92.143	140	9	2	8818	8956	96865054	96864916	1.64e-46	196
ptg000006l_rc_rotated	ptg000007l_1_1_1	93.846	130	8	0	9838	9967	96865077	96864948	1.64e-46	196
ptg000006l_rc_rotated	ptg000007l_1_1_1	93.846	130	8	0	9692	9821	96865077	96864948	1.64e-46	196
ptg000006l_rc_rotated	ptg000007l_1_1_1	93.846	130	8	0	9400	9529	96865077	96864948	1.64e-46	196
ptg000006l_rc_rotated	ptg000007l_1_1_1	93.846	130	8	0	9254	9383	96865077	96864948	1.64e-46	196
ptg000006l_rc_rotated	ptg000007l_1_1_1	93.846	130	8	0	8670	8799	96865077	96864948	1.64e-46	196
ptg000006l_rc_rotated	ptg000007l_1_1_1	91.549	142	10	2	9984	10124	96865056	96864916	5.89e-46	195
ptg000006l_rc_rotated	ptg000007l_1_1_1	91.549	142	10	2	9546	9686	96865056	96864916	5.89e-46	195
ptg000006l_rc_rotated	ptg000007l_1_1_1	91.549	142	10	2	9108	9248	96865056	96864916	5.89e-46	195
ptg000006l_rc_rotated	ptg000007l_1_1_1	91.549	142	10	2	8962	9102	96865056	96864916	5.89e-46	195
ptg000006l_rc_rotated	ptg000007l_1_1_1	93.750	128	8	0	8818	8945	96865075	96864948	2.12e-45	193
ptg000006l_rc_rotated	ptg000007l_1_1_1	91.429	140	10	2	8380	8518	96865054	96864916	7.62e-45	191
ptg000006l_rc_rotated	ptg000007l_1_1_1	93.077	130	9	0	9984	10113	96865077	96864948	7.62e-45	191
ptg000006l_rc_rotated	ptg000007l_1_1_1	93.077	130	9	0	9546	9675	96865077	96864948	7.62e-45	191
ptg000006l_rc_rotated	ptg000007l_1_1_1	93.077	130	9	0	8962	9091	96865077	96864948	7.62e-45	191
ptg000006l_rc_rotated	ptg000007l_1_1_1	98.131	107	2	0	12907	13013	6830738	6830632	9.86e-44	187
ptg000006l_rc_rotated	ptg000007l_1_1_1	92.969	128	9	0	8380	8507	96865075	96864948	9.86e-44	187
ptg000006l_rc_rotated	ptg000007l_1_1_1	84.865	185	26	2	1763	1947	44391750	44391932	3.55e-43	185
ptg000006l_rc_rotated	ptg000007l_1_1_1	87.578	161	19	1	9871	10030	96865086	96864926	3.55e-43	185
ptg000006l_rc_rotated	ptg000007l_1_1_1	87.578	161	19	1	9433	9592	96865086	96864926	3.55e-43	185
ptg000006l_rc_rotated	ptg000007l_1_1_1	95.652	115	5	0	10130	10244	96865077	96864963	3.55e-43	185
ptg000006l_rc_rotated	ptg000007l_1_1_1	90.141	142	12	2	8524	8664	96865056	96864916	1.28e-42	183
ptg000006l_rc_rotated	ptg000007l_1_1_1	86.957	161	20	1	9725	9884	96865086	96864926	1.65e-41	180
ptg000006l_rc_rotated	ptg000007l_1_1_1	86.957	161	20	1	9287	9446	96865086	96864926	1.65e-41	180
ptg000006l_rc_rotated	ptg000007l_1_1_1	86.957	161	20	1	9141	9300	96865086	96864926	1.65e-41	180
ptg000006l_rc_rotated	ptg000007l_1_1_1	86.957	161	20	1	8849	9008	96865086	96864926	1.65e-41	180
ptg000006l_rc_rotated	ptg000007l_1_1_1	91.538	130	11	0	8524	8653	96865077	96864948	1.65e-41	180
ptg000006l_rc_rotated	ptg000007l_1_1_1	95.536	112	4	1	10140	10250	107013595	107013484	5.93e-41	178
ptg000006l_rc_rotated	ptg000007l_1_1_1	97.143	105	2	1	9850	9953	96865086	96864982	2.13e-40	176
ptg000006l_rc_rotated	ptg000007l_1_1_1	97.143	105	2	1	9704	9807	96865086	96864982	2.13e-40	176
ptg000006l_rc_rotated	ptg000007l_1_1_1	97.143	105	2	1	9412	9515	96865086	96864982	2.13e-40	176
ptg000006l_rc_rotated	ptg000007l_1_1_1	97.143	105	2	1	9266	9369	96865086	96864982	2.13e-40	176
ptg000006l_rc_rotated	ptg000007l_1_1_1	97.143	105	2	1	9120	9223	96865086	96864982	2.13e-40	176
ptg000006l_rc_rotated	ptg000007l_1_1_1	97.143	105	2	1	8828	8931	96865086	96864982	2.13e-40	176
ptg000006l_rc_rotated	ptg000007l_1_1_1	97.143	105	2	1	8682	8785	96865086	96864982	2.13e-40	176
ptg000006l_rc_rotated	ptg000007l_1_1_1	98.020	101	2	0	10142	10242	96865086	96864986	2.13e-40	176
ptg000006l_rc_rotated	ptg000007l_1_1_1	97.143	105	2	1	8388	8491	107013595	107013491	2.13e-40	176
ptg000006l_rc_rotated	ptg000007l_1_1_1	86.335	161	21	1	10017	10176	96865086	96864926	7.68e-40	174
ptg000006l_rc_rotated	ptg000007l_1_1_1	86.335	161	21	1	9579	9738	96865086	96864926	7.68e-40	174
ptg000006l_rc_rotated	ptg000007l_1_1_1	86.335	161	21	1	8703	8862	96865086	96864926	7.68e-40	174
ptg000006l_rc_rotated	ptg000007l_1_1_1	95.413	109	3	2	9115	9221	107013599	107013491	2.76e-39	172
ptg000006l_rc_rotated	ptg000007l_1_1_1	96.190	105	3	1	9996	10099	96865086	96864982	9.93e-39	171
ptg000006l_rc_rotated	ptg000007l_1_1_1	96.190	105	3	1	9558	9661	96865086	96864982	9.93e-39	171
ptg000006l_rc_rotated	ptg000007l_1_1_1	96.190	105	3	1	8974	9077	96865086	96864982	9.93e-39	171
ptg000006l_rc_rotated	ptg000007l_1_1_1	96.190	105	3	1	8390	8493	96865086	96864982	9.93e-39	171
ptg000006l_rc_rotated	ptg000007l_1_1_1	96.190	105	3	1	9848	9951	107013595	107013491	9.93e-39	171
ptg000006l_rc_rotated	ptg000007l_1_1_1	96.190	105	3	1	9702	9805	107013595	107013491	9.93e-39	171
ptg000006l_rc_rotated	ptg000007l_1_1_1	96.190	105	3	1	9410	9513	107013595	107013491	9.93e-39	171
ptg000006l_rc_rotated	ptg000007l_1_1_1	96.190	105	3	1	9264	9367	107013595	107013491	9.93e-39	171
ptg000006l_rc_rotated	ptg000007l_1_1_1	96.190	105	3	1	8826	8929	107013595	107013491	9.93e-39	171
ptg000006l_rc_rotated	ptg000007l_1_1_1	96.190	105	3	1	8680	8783	107013595	107013491	9.93e-39	171
ptg000006l_rc_rotated	ptg000007l_1_1_1	85.030	167	24	1	8891	9056	96865086	96864920	3.57e-38	169
ptg000006l_rc_rotated	ptg000007l_1_1_1	85.714	161	22	1	10038	10197	96865086	96864926	3.57e-38	169
ptg000006l_rc_rotated	ptg000007l_1_1_1	85.714	161	22	1	9788	9947	96865086	96864926	3.57e-38	169
ptg000006l_rc_rotated	ptg000007l_1_1_1	85.714	161	22	1	9767	9926	96865086	96864926	3.57e-38	169
ptg000006l_rc_rotated	ptg000007l_1_1_1	85.714	161	22	1	9746	9905	96865086	96864926	3.57e-38	169
ptg000006l_rc_rotated	ptg000007l_1_1_1	85.714	161	22	1	9642	9801	96865086	96864926	3.57e-38	169
ptg000006l_rc_rotated	ptg000007l_1_1_1	85.714	161	22	1	9621	9780	96865086	96864926	3.57e-38	169
ptg000006l_rc_rotated	ptg000007l_1_1_1	85.714	161	22	1	9600	9759	96865086	96864926	3.57e-38	169
ptg000006l_rc_rotated	ptg000007l_1_1_1	85.714	161	22	1	9350	9509	96865086	96864926	3.57e-38	169
ptg000006l_rc_rotated	ptg000007l_1_1_1	85.714	161	22	1	9329	9488	96865086	96864926	3.57e-38	169
ptg000006l_rc_rotated	ptg000007l_1_1_1	85.714	161	22	1	9308	9467	96865086	96864926	3.57e-38	169
ptg000006l_rc_rotated	ptg000007l_1_1_1	85.714	161	22	1	9204	9363	96865086	96864926	3.57e-38	169
ptg000006l_rc_rotated	ptg000007l_1_1_1	85.714	161	22	1	9183	9342	96865086	96864926	3.57e-38	169
ptg000006l_rc_rotated	ptg000007l_1_1_1	85.714	161	22	1	9162	9321	96865086	96864926	3.57e-38	169
ptg000006l_rc_rotated	ptg000007l_1_1_1	85.714	161	22	1	8995	9154	96865086	96864926	3.57e-38	169
ptg000006l_rc_rotated	ptg000007l_1_1_1	85.714	161	22	1	8870	9029	96865086	96864926	3.57e-38	169
ptg000006l_rc_rotated	ptg000007l_1_1_1	85.714	161	22	1	8557	8716	96865086	96864926	3.57e-38	169
ptg000006l_rc_rotated	ptg000007l_1_1_1	85.714	161	22	1	8411	8570	96865086	96864926	3.57e-38	169
ptg000006l_rc_rotated	ptg000007l_1_1_1	96.970	99	3	0	8536	8634	96865086	96864988	1.28e-37	167
ptg000006l_rc_rotated	ptg000007l_1_1_1	97.000	100	2	1	8993	9091	107013595	107013496	1.28e-37	167
ptg000006l_rc_rotated	ptg000007l_1_1_1	97.938	97	1	1	1	97	127975099	127975194	1.28e-37	167
ptg000006l_rc_rotated	ptg000007l_1_1_1	80.269	223	41	3	10023	10244	55671653	55671433	4.62e-37	165
ptg000006l_rc_rotated	ptg000007l_1_1_1	93.636	110	7	0	8670	8779	96865035	96864926	4.62e-37	165
ptg000006l_rc_rotated	ptg000007l_1_1_1	95.238	105	4	1	9994	10097	107013595	107013491	4.62e-37	165
ptg000006l_rc_rotated	ptg000007l_1_1_1	95.238	105	4	1	9556	9659	107013595	107013491	4.62e-37	165
ptg000006l_rc_rotated	ptg000007l_1_1_1	95.238	105	4	1	8972	9075	107013595	107013491	4.62e-37	165
ptg000006l_rc_rotated	ptg000007l_1_1_1	84.431	167	25	1	8453	8618	96865086	96864920	1.66e-36	163
ptg000006l_rc_rotated	ptg000007l_1_1_1	84.431	167	25	1	8286	8451	96865086	96864920	1.66e-36	163
ptg000006l_rc_rotated	ptg000007l_1_1_1	85.093	161	23	1	9934	10093	96865086	96864926	1.66e-36	163
ptg000006l_rc_rotated	ptg000007l_1_1_1	85.093	161	23	1	9913	10072	96865086	96864926	1.66e-36	163
ptg000006l_rc_rotated	ptg000007l_1_1_1	85.093	161	23	1	9892	10051	96865086	96864926	1.66e-36	163
ptg000006l_rc_rotated	ptg000007l_1_1_1	85.093	161	23	1	9496	9655	96865086	96864926	1.66e-36	163
ptg000006l_rc_rotated	ptg000007l_1_1_1	85.093	161	23	1	9475	9634	96865086	96864926	1.66e-36	163
ptg000006l_rc_rotated	ptg000007l_1_1_1	85.093	161	23	1	9454	9613	96865086	96864926	1.66e-36	163
ptg000006l_rc_rotated	ptg000007l_1_1_1	85.093	161	23	1	9058	9217	96865086	96864926	1.66e-36	163
ptg000006l_rc_rotated	ptg000007l_1_1_1	85.093	161	23	1	8912	9071	96865086	96864926	1.66e-36	163
ptg000006l_rc_rotated	ptg000007l_1_1_1	85.093	161	23	1	8766	8925	96865086	96864926	1.66e-36	163
ptg000006l_rc_rotated	ptg000007l_1_1_1	85.093	161	23	1	8745	8904	96865086	96864926	1.66e-36	163
ptg000006l_rc_rotated	ptg000007l_1_1_1	85.093	161	23	1	8724	8883	96865086	96864926	1.66e-36	163
ptg000006l_rc_rotated	ptg000007l_1_1_1	85.806	155	21	1	8271	8424	96865080	96864926	1.66e-36	163
ptg000006l_rc_rotated	ptg000007l_1_1_1	96.040	101	3	1	8534	8633	107013595	107013495	1.66e-36	163
ptg000006l_rc_rotated	ptg000007l_1_1_1	95.098	102	5	0	295	396	51187876	51187977	5.98e-36	161
ptg000006l_rc_rotated	ptg000007l_1_1_1	96.000	100	3	1	9869	9967	107013595	107013496	5.98e-36	161
ptg000006l_rc_rotated	ptg000007l_1_1_1	96.000	100	3	1	9723	9821	107013595	107013496	5.98e-36	161
ptg000006l_rc_rotated	ptg000007l_1_1_1	96.000	100	3	1	9431	9529	107013595	107013496	5.98e-36	161
ptg000006l_rc_rotated	ptg000007l_1_1_1	96.000	100	3	1	9285	9383	107013595	107013496	5.98e-36	161
ptg000006l_rc_rotated	ptg000007l_1_1_1	96.000	100	3	1	9139	9237	107013595	107013496	5.98e-36	161
ptg000006l_rc_rotated	ptg000007l_1_1_1	96.000	100	3	1	8847	8945	107013595	107013496	5.98e-36	161
ptg000006l_rc_rotated	ptg000007l_1_1_1	96.000	100	3	1	8701	8799	107013595	107013496	5.98e-36	161
ptg000006l_rc_rotated	ptg000007l_1_1_1	96.000	100	3	1	8555	8653	107013595	107013496	5.98e-36	161
ptg000006l_rc_rotated	ptg000007l_1_1_1	81.313	198	35	2	8271	8467	55670674	55670478	2.15e-35	159
ptg000006l_rc_rotated	ptg000007l_1_1_1	83.425	181	20	4	4632	4812	85952996	85952826	2.15e-35	159
ptg000006l_rc_rotated	ptg000007l_1_1_1	84.472	161	24	1	9037	9196	96865086	96864926	7.73e-35	158
ptg000006l_rc_rotated	ptg000007l_1_1_1	84.472	161	24	1	9016	9175	96865086	96864926	7.73e-35	158
ptg000006l_rc_rotated	ptg000007l_1_1_1	84.472	161	24	1	8599	8758	96865086	96864926	7.73e-35	158
ptg000006l_rc_rotated	ptg000007l_1_1_1	84.472	161	24	1	8578	8737	96865086	96864926	7.73e-35	158
ptg000006l_rc_rotated	ptg000007l_1_1_1	84.472	161	24	1	8432	8591	96865086	96864926	7.73e-35	158
ptg000006l_rc_rotated	ptg000007l_1_1_1	84.472	161	24	1	8328	8487	96865086	96864926	7.73e-35	158
ptg000006l_rc_rotated	ptg000007l_1_1_1	96.774	93	3	0	10130	10222	107013583	107013491	2.78e-34	156
ptg000006l_rc_rotated	ptg000007l_1_1_1	96.774	93	3	0	9838	9930	107013583	107013491	2.78e-34	156
ptg000006l_rc_rotated	ptg000007l_1_1_1	96.774	93	3	0	9692	9784	107013583	107013491	2.78e-34	156
ptg000006l_rc_rotated	ptg000007l_1_1_1	96.774	93	3	0	9400	9492	107013583	107013491	2.78e-34	156
ptg000006l_rc_rotated	ptg000007l_1_1_1	96.774	93	3	0	9254	9346	107013583	107013491	2.78e-34	156
ptg000006l_rc_rotated	ptg000007l_1_1_1	96.774	93	3	0	8670	8762	107013583	107013491	2.78e-34	156
ptg000006l_rc_rotated	ptg000007l_1_1_1	95.000	100	4	1	10015	10113	107013595	107013496	2.78e-34	156
ptg000006l_rc_rotated	ptg000007l_1_1_1	95.000	100	4	1	9577	9675	107013595	107013496	2.78e-34	156
ptg000006l_rc_rotated	ptg000007l_1_1_1	95.000	100	4	1	8409	8507	107013595	107013496	2.78e-34	156
ptg000006l_rc_rotated	ptg000007l_1_1_1	97.753	89	2	0	8962	9050	107013583	107013495	1.00e-33	154
ptg000006l_rc_rotated	ptg000007l_1_1_1	96.703	91	3	0	8818	8908	107013581	107013491	3.60e-33	152
ptg000006l_rc_rotated	ptg000007l_1_1_1	96.703	91	3	0	8271	8361	107013586	107013496	3.60e-33	152
ptg000006l_rc_rotated	ptg000007l_1_1_1	95.699	93	4	0	9984	10076	107013583	107013491	1.29e-32	150
ptg000006l_rc_rotated	ptg000007l_1_1_1	95.699	93	4	0	9546	9638	107013583	107013491	1.29e-32	150
ptg000006l_rc_rotated	ptg000007l_1_1_1	95.699	93	4	0	9108	9200	107013583	107013491	1.29e-32	150
ptg000006l_rc_rotated	ptg000007l_1_1_1	96.629	89	3	0	8524	8612	107013583	107013495	4.65e-32	148
ptg000006l_rc_rotated	ptg000007l_1_1_1	98.780	82	1	0	10163	10244	96865086	96865005	1.67e-31	147
ptg000006l_rc_rotated	ptg000007l_1_1_1	95.604	91	4	0	8380	8470	107013581	107013491	1.67e-31	147
ptg000006l_rc_rotated	ptg000007l_1_1_1	97.647	85	1	1	10161	10244	107013595	107013511	6.02e-31	145
ptg000006l_rc_rotated	ptg000007l_1_1_1	83.974	156	15	8	11159	11311	92539942	92540090	7.79e-30	141
ptg000006l_rc_rotated	ptg000007l_1_1_1	92.708	96	7	0	10149	10244	55671590	55671495	2.80e-29	139
ptg000006l_rc_rotated	ptg000007l_1_1_1	91.919	99	7	1	17901	17999	60999530	60999433	1.01e-28	137
ptg000006l_rc_rotated	ptg000007l_1_1_1	87.826	115	13	1	10130	10244	55671629	55671516	1.30e-27	134
ptg000006l_rc_rotated	ptg000007l_1_1_1	97.436	78	1	1	8271	8347	96865059	96864982	4.69e-27	132
ptg000006l_rc_rotated	ptg000007l_1_1_1	88.182	110	12	1	10130	10239	55671650	55671542	1.69e-26	130
ptg000006l_rc_rotated	ptg000007l_1_1_1	82.581	155	19	8	11159	11311	92854839	92854987	1.69e-26	130
ptg000006l_rc_rotated	ptg000007l_1_1_1	92.308	91	7	0	8271	8361	96865038	96864948	1.69e-26	130
ptg000006l_rc_rotated	ptg000007l_1_1_1	89.320	103	9	2	8271	8372	96865017	96864916	6.06e-26	128
ptg000006l_rc_rotated	ptg000007l_1_1_1	82.051	156	19	8	11159	11311	92356068	92356217	7.84e-25	124
ptg000006l_rc_rotated	ptg000007l_1_1_1	96.000	75	3	0	8271	8345	107013565	107013491	2.82e-24	122
ptg000006l_rc_rotated	ptg000007l_1_1_1	94.737	76	4	0	17929	18004	67077740	67077665	3.65e-23	119
ptg000006l_rc_rotated	ptg000007l_1_1_1	97.101	69	2	0	18459	18527	101822762	101822830	1.31e-22	117
ptg000006l_rc_rotated	ptg000007l_1_1_1	95.833	72	3	0	10130	10201	107013562	107013491	1.31e-22	117
ptg000006l_rc_rotated	ptg000007l_1_1_1	95.833	72	3	0	9838	9909	107013562	107013491	1.31e-22	117
ptg000006l_rc_rotated	ptg000007l_1_1_1	95.833	72	3	0	9692	9763	107013562	107013491	1.31e-22	117
ptg000006l_rc_rotated	ptg000007l_1_1_1	95.833	72	3	0	9400	9471	107013562	107013491	1.31e-22	117
ptg000006l_rc_rotated	ptg000007l_1_1_1	95.833	72	3	0	9254	9325	107013562	107013491	1.31e-22	117
ptg000006l_rc_rotated	ptg000007l_1_1_1	95.833	72	3	0	8962	9033	107013562	107013491	1.31e-22	117
ptg000006l_rc_rotated	ptg000007l_1_1_1	95.833	72	3	0	8670	8741	107013562	107013491	1.31e-22	117
ptg000006l_rc_rotated	ptg000007l_1_1_1	93.671	79	4	1	10036	10113	107013595	107013517	1.31e-22	117
ptg000006l_rc_rotated	ptg000007l_1_1_1	93.671	79	4	1	9890	9967	107013595	107013517	1.31e-22	117
ptg000006l_rc_rotated	ptg000007l_1_1_1	93.671	79	4	1	9744	9821	107013595	107013517	1.31e-22	117
ptg000006l_rc_rotated	ptg000007l_1_1_1	93.671	79	4	1	9598	9675	107013595	107013517	1.31e-22	117
ptg000006l_rc_rotated	ptg000007l_1_1_1	93.671	79	4	1	9452	9529	107013595	107013517	1.31e-22	117
ptg000006l_rc_rotated	ptg000007l_1_1_1	93.671	79	4	1	9306	9383	107013595	107013517	1.31e-22	117
ptg000006l_rc_rotated	ptg000007l_1_1_1	93.671	79	4	1	9160	9237	107013595	107013517	1.31e-22	117
ptg000006l_rc_rotated	ptg000007l_1_1_1	93.671	79	4	1	8868	8945	107013595	107013517	1.31e-22	117
ptg000006l_rc_rotated	ptg000007l_1_1_1	93.671	79	4	1	8722	8799	107013595	107013517	1.31e-22	117
ptg000006l_rc_rotated	ptg000007l_1_1_1	93.671	79	4	1	8576	8653	107013595	107013517	1.31e-22	117
ptg000006l_rc_rotated	ptg000007l_1_1_1	93.671	79	4	1	8284	8361	107013595	107013517	1.31e-22	117
ptg000006l_rc_rotated	ptg000007l_1_1_1	95.714	70	3	0	8818	8887	107013560	107013491	1.70e-21	113
ptg000006l_rc_rotated	ptg000007l_1_1_1	100.000	60	0	0	14323	14382	34168319	34168378	6.10e-21	111
ptg000006l_rc_rotated	ptg000007l_1_1_1	94.444	72	4	0	9108	9179	107013562	107013491	6.10e-21	111
ptg000006l_rc_rotated	ptg000007l_1_1_1	94.444	72	4	0	8524	8595	107013562	107013491	6.10e-21	111
ptg000006l_rc_rotated	ptg000007l_1_1_1	96.970	66	2	0	8380	8445	107013560	107013495	6.10e-21	111
ptg000006l_rc_rotated	ptg000007l_1_1_1	92.405	79	5	1	9014	9091	107013595	107013517	6.10e-21	111
ptg000006l_rc_rotated	ptg000007l_1_1_1	92.405	79	5	1	8430	8507	107013595	107013517	6.10e-21	111
ptg000006l_rc_rotated	ptg000007l_1_1_1	98.361	61	1	0	4934	4994	1223185	1223245	7.90e-20	108
ptg000006l_rc_rotated	ptg000007l_1_1_1	98.361	61	1	0	10184	10244	96865086	96865026	7.90e-20	108
ptg000006l_rc_rotated	ptg000007l_1_1_1	86.598	97	12	1	10148	10244	55671653	55671558	2.84e-19	106
ptg000006l_rc_rotated	ptg000007l_1_1_1	96.875	64	1	1	10182	10244	107013595	107013532	2.84e-19	106
ptg000006l_rc_rotated	ptg000007l_1_1_1	81.022	137	17	5	1556	1683	118881481	118881345	1.32e-17	100
ptg000006l_rc_rotated	ptg000007l_1_1_1	91.549	71	6	0	8271	8341	96864996	96864926	4.75e-17	99.0
ptg000006l_rc_rotated	ptg000007l_1_1_1	83.810	105	15	2	10057	10159	107013595	107013491	4.75e-17	99.0
ptg000006l_rc_rotated	ptg000007l_1_1_1	83.810	105	15	2	9911	10013	107013595	107013491	4.75e-17	99.0
ptg000006l_rc_rotated	ptg000007l_1_1_1	83.810	105	15	2	9765	9867	107013595	107013491	4.75e-17	99.0
ptg000006l_rc_rotated	ptg000007l_1_1_1	83.810	105	15	2	9619	9721	107013595	107013491	4.75e-17	99.0
ptg000006l_rc_rotated	ptg000007l_1_1_1	83.810	105	15	2	9473	9575	107013595	107013491	4.75e-17	99.0
ptg000006l_rc_rotated	ptg000007l_1_1_1	83.810	105	15	2	9327	9429	107013595	107013491	4.75e-17	99.0
ptg000006l_rc_rotated	ptg000007l_1_1_1	83.810	105	15	2	9181	9283	107013595	107013491	4.75e-17	99.0
ptg000006l_rc_rotated	ptg000007l_1_1_1	83.810	105	15	2	8889	8991	107013595	107013491	4.75e-17	99.0
ptg000006l_rc_rotated	ptg000007l_1_1_1	96.552	58	2	0	7997	8054	43039781	43039724	1.71e-16	97.1
ptg000006l_rc_rotated	ptg000007l_1_1_1	93.750	64	4	0	4299	4362	63877376	63877313	1.71e-16	97.1
ptg000006l_rc_rotated	ptg000007l_1_1_1	82.857	105	16	2	9932	10034	107013595	107013491	2.21e-15	93.5
ptg000006l_rc_rotated	ptg000007l_1_1_1	82.857	105	16	2	9494	9596	107013595	107013491	2.21e-15	93.5
ptg000006l_rc_rotated	ptg000007l_1_1_1	82.857	105	16	2	8743	8845	107013595	107013491	2.21e-15	93.5
ptg000006l_rc_rotated	ptg000007l_1_1_1	82.857	105	16	2	8472	8574	107013595	107013491	2.21e-15	93.5
ptg000006l_rc_rotated	ptg000007l_1_1_1	82.857	105	16	2	8451	8553	107013595	107013491	2.21e-15	93.5
ptg000006l_rc_rotated	ptg000007l_1_1_1	82.857	105	16	2	8305	8407	107013595	107013491	2.21e-15	93.5
ptg000006l_rc_rotated	ptg000007l_1_1_1	100.000	48	0	0	10194	10241	94949982	94949935	2.86e-14	89.8
ptg000006l_rc_rotated	ptg000007l_1_1_1	100.000	48	0	0	10173	10220	94949982	94949935	2.86e-14	89.8
ptg000006l_rc_rotated	ptg000007l_1_1_1	100.000	48	0	0	10152	10199	94949982	94949935	2.86e-14	89.8
ptg000006l_rc_rotated	ptg000007l_1_1_1	100.000	48	0	0	10131	10178	94949982	94949935	2.86e-14	89.8
ptg000006l_rc_rotated	ptg000007l_1_1_1	100.000	48	0	0	10048	10095	94949982	94949935	2.86e-14	89.8
ptg000006l_rc_rotated	ptg000007l_1_1_1	100.000	48	0	0	10027	10074	94949982	94949935	2.86e-14	89.8
ptg000006l_rc_rotated	ptg000007l_1_1_1	100.000	48	0	0	9902	9949	94949982	94949935	2.86e-14	89.8
ptg000006l_rc_rotated	ptg000007l_1_1_1	100.000	48	0	0	9881	9928	94949982	94949935	2.86e-14	89.8
ptg000006l_rc_rotated	ptg000007l_1_1_1	100.000	48	0	0	9860	9907	94949982	94949935	2.86e-14	89.8
ptg000006l_rc_rotated	ptg000007l_1_1_1	100.000	48	0	0	9839	9886	94949982	94949935	2.86e-14	89.8
ptg000006l_rc_rotated	ptg000007l_1_1_1	100.000	48	0	0	9756	9803	94949982	94949935	2.86e-14	89.8
ptg000006l_rc_rotated	ptg000007l_1_1_1	100.000	48	0	0	9735	9782	94949982	94949935	2.86e-14	89.8
ptg000006l_rc_rotated	ptg000007l_1_1_1	100.000	48	0	0	9714	9761	94949982	94949935	2.86e-14	89.8
ptg000006l_rc_rotated	ptg000007l_1_1_1	100.000	48	0	0	9693	9740	94949982	94949935	2.86e-14	89.8
ptg000006l_rc_rotated	ptg000007l_1_1_1	100.000	48	0	0	9610	9657	94949982	94949935	2.86e-14	89.8
ptg000006l_rc_rotated	ptg000007l_1_1_1	100.000	48	0	0	9589	9636	94949982	94949935	2.86e-14	89.8
ptg000006l_rc_rotated	ptg000007l_1_1_1	100.000	48	0	0	9464	9511	94949982	94949935	2.86e-14	89.8
ptg000006l_rc_rotated	ptg000007l_1_1_1	100.000	48	0	0	9443	9490	94949982	94949935	2.86e-14	89.8
ptg000006l_rc_rotated	ptg000007l_1_1_1	100.000	48	0	0	9422	9469	94949982	94949935	2.86e-14	89.8
ptg000006l_rc_rotated	ptg000007l_1_1_1	100.000	48	0	0	9401	9448	94949982	94949935	2.86e-14	89.8
ptg000006l_rc_rotated	ptg000007l_1_1_1	100.000	48	0	0	9318	9365	94949982	94949935	2.86e-14	89.8
ptg000006l_rc_rotated	ptg000007l_1_1_1	100.000	48	0	0	9297	9344	94949982	94949935	2.86e-14	89.8
ptg000006l_rc_rotated	ptg000007l_1_1_1	100.000	48	0	0	9276	9323	94949982	94949935	2.86e-14	89.8
ptg000006l_rc_rotated	ptg000007l_1_1_1	100.000	48	0	0	9255	9302	94949982	94949935	2.86e-14	89.8
ptg000006l_rc_rotated	ptg000007l_1_1_1	100.000	48	0	0	9172	9219	94949982	94949935	2.86e-14	89.8
ptg000006l_rc_rotated	ptg000007l_1_1_1	100.000	48	0	0	9151	9198	94949982	94949935	2.86e-14	89.8
ptg000006l_rc_rotated	ptg000007l_1_1_1	100.000	48	0	0	9130	9177	94949982	94949935	2.86e-14	89.8
ptg000006l_rc_rotated	ptg000007l_1_1_1	100.000	48	0	0	8984	9031	94949982	94949935	2.86e-14	89.8
ptg000006l_rc_rotated	ptg000007l_1_1_1	100.000	48	0	0	8963	9010	94949982	94949935	2.86e-14	89.8
ptg000006l_rc_rotated	ptg000007l_1_1_1	100.000	48	0	0	8880	8927	94949982	94949935	2.86e-14	89.8
ptg000006l_rc_rotated	ptg000007l_1_1_1	100.000	48	0	0	8859	8906	94949982	94949935	2.86e-14	89.8
ptg000006l_rc_rotated	ptg000007l_1_1_1	100.000	48	0	0	8838	8885	94949982	94949935	2.86e-14	89.8
ptg000006l_rc_rotated	ptg000007l_1_1_1	100.000	48	0	0	8734	8781	94949982	94949935	2.86e-14	89.8
ptg000006l_rc_rotated	ptg000007l_1_1_1	100.000	48	0	0	8713	8760	94949982	94949935	2.86e-14	89.8
ptg000006l_rc_rotated	ptg000007l_1_1_1	100.000	48	0	0	8692	8739	94949982	94949935	2.86e-14	89.8
ptg000006l_rc_rotated	ptg000007l_1_1_1	100.000	48	0	0	8671	8718	94949982	94949935	2.86e-14	89.8
ptg000006l_rc_rotated	ptg000007l_1_1_1	100.000	48	0	0	8546	8593	94949982	94949935	2.86e-14	89.8
ptg000006l_rc_rotated	ptg000007l_1_1_1	100.000	48	0	0	8296	8343	94949982	94949935	2.86e-14	89.8
ptg000006l_rc_rotated	ptg000007l_1_1_1	100.000	48	0	0	8275	8322	94949982	94949935	2.86e-14	89.8
ptg000006l_rc_rotated	ptg000007l_1_1_1	96.296	54	2	0	11619	11672	137724884	137724831	2.86e-14	89.8
ptg000006l_rc_rotated	ptg000007l_1_1_1	100.000	47	0	0	8818	8864	94949981	94949935	1.03e-13	87.9
ptg000006l_rc_rotated	ptg000007l_1_1_1	100.000	47	0	0	8380	8426	94949981	94949935	1.03e-13	87.9
ptg000006l_rc_rotated	ptg000007l_1_1_1	100.000	47	0	0	9005	9051	94949982	94949936	1.03e-13	87.9
ptg000006l_rc_rotated	ptg000007l_1_1_1	100.000	47	0	0	8567	8613	94949982	94949936	1.03e-13	87.9
ptg000006l_rc_rotated	ptg000007l_1_1_1	100.000	47	0	0	8400	8446	94949982	94949936	1.03e-13	87.9
ptg000006l_rc_rotated	ptg000007l_1_1_1	81.905	105	17	2	10078	10180	107013595	107013491	1.03e-13	87.9
ptg000006l_rc_rotated	ptg000007l_1_1_1	81.905	105	17	2	9786	9888	107013595	107013491	1.03e-13	87.9
ptg000006l_rc_rotated	ptg000007l_1_1_1	81.905	105	17	2	9640	9742	107013595	107013491	1.03e-13	87.9
ptg000006l_rc_rotated	ptg000007l_1_1_1	81.905	105	17	2	9348	9450	107013595	107013491	1.03e-13	87.9
ptg000006l_rc_rotated	ptg000007l_1_1_1	81.905	105	17	2	9202	9304	107013595	107013491	1.03e-13	87.9
ptg000006l_rc_rotated	ptg000007l_1_1_1	81.905	105	17	2	9035	9137	107013595	107013491	1.03e-13	87.9
ptg000006l_rc_rotated	ptg000007l_1_1_1	81.905	105	17	2	8910	9012	107013595	107013491	1.03e-13	87.9
ptg000006l_rc_rotated	ptg000007l_1_1_1	97.959	49	1	0	10190	10238	55671653	55671605	3.70e-13	86.1
ptg000006l_rc_rotated	ptg000007l_1_1_1	97.959	49	1	0	10169	10217	55671653	55671605	3.70e-13	86.1
ptg000006l_rc_rotated	ptg000007l_1_1_1	97.917	48	1	0	10006	10053	94949982	94949935	1.33e-12	84.2
ptg000006l_rc_rotated	ptg000007l_1_1_1	97.917	48	1	0	9985	10032	94949982	94949935	1.33e-12	84.2
ptg000006l_rc_rotated	ptg000007l_1_1_1	97.917	48	1	0	9568	9615	94949982	94949935	1.33e-12	84.2
ptg000006l_rc_rotated	ptg000007l_1_1_1	97.917	48	1	0	9547	9594	94949982	94949935	1.33e-12	84.2
ptg000006l_rc_rotated	ptg000007l_1_1_1	97.917	48	1	0	9109	9156	94949982	94949935	1.33e-12	84.2
ptg000006l_rc_rotated	ptg000007l_1_1_1	97.917	48	1	0	8525	8572	94949982	94949935	1.33e-12	84.2
ptg000006l_rc_rotated	ptg000007l_1_1_1	97.917	48	1	0	8442	8489	94949982	94949935	1.33e-12	84.2
ptg000006l_rc_rotated	ptg000007l_1_1_1	94.444	54	3	0	8271	8324	107013544	107013491	1.33e-12	84.2
ptg000006l_rc_rotated	ptg000007l_1_1_1	80.952	105	18	2	9056	9158	107013595	107013491	4.79e-12	82.4
ptg000006l_rc_rotated	ptg000007l_1_1_1	80.952	105	18	2	8764	8866	107013595	107013491	4.79e-12	82.4
ptg000006l_rc_rotated	ptg000007l_1_1_1	80.952	105	18	2	8618	8720	107013595	107013491	4.79e-12	82.4
ptg000006l_rc_rotated	ptg000007l_1_1_1	80.952	105	18	2	8326	8428	107013595	107013491	4.79e-12	82.4
ptg000006l_rc_rotated	ptg000007l_1_1_1	100.000	43	0	0	10202	10244	55670786	55670744	1.72e-11	80.5
ptg000006l_rc_rotated	ptg000007l_1_1_1	91.071	56	5	0	17946	18001	28420118	28420173	2.23e-10	76.8
ptg000006l_rc_rotated	ptg000007l_1_1_1	97.727	44	1	0	8380	8423	55671648	55671605	2.23e-10	76.8
ptg000006l_rc_rotated	ptg000007l_1_1_1	97.674	43	1	0	7933	7975	96726987	96726945	8.01e-10	75.0
ptg000006l_rc_rotated	ptg000007l_1_1_1	97.674	43	1	0	7578	7620	96726987	96726945	8.01e-10	75.0
ptg000006l_rc_rotated	ptg000007l_1_1_1	97.674	43	1	0	6398	6440	96726987	96726945	8.01e-10	75.0
ptg000006l_rc_rotated	ptg000007l_1_1_1	88.333	60	7	0	2989	3048	53527556	53527497	2.88e-09	73.1
ptg000006l_rc_rotated	ptg000007l_1_1_1	97.674	43	0	1	10203	10244	107013595	107013553	2.88e-09	73.1
ptg000006l_rc_rotated	ptg000007l_1_1_1	92.000	50	4	0	8271	8320	96864975	96864926	1.04e-08	71.3
ptg000006l_rc_rotated	ptg000007l_1_1_1	95.349	43	2	0	8596	8638	55670516	55670474	3.73e-08	69.4
ptg000006l_rc_rotated	ptg000007l_1_1_1	92.000	50	3	1	12870	12918	66149997	66150046	3.73e-08	69.4
ptg000006l_rc_rotated	ptg000007l_1_1_1	93.333	45	3	0	10069	10113	94949982	94949938	1.34e-07	67.6
ptg000006l_rc_rotated	ptg000007l_1_1_1	93.333	45	3	0	9923	9967	94949982	94949938	1.34e-07	67.6
ptg000006l_rc_rotated	ptg000007l_1_1_1	93.333	45	3	0	9777	9821	94949982	94949938	1.34e-07	67.6
ptg000006l_rc_rotated	ptg000007l_1_1_1	93.333	45	3	0	9631	9675	94949982	94949938	1.34e-07	67.6
ptg000006l_rc_rotated	ptg000007l_1_1_1	93.333	45	3	0	9485	9529	94949982	94949938	1.34e-07	67.6
ptg000006l_rc_rotated	ptg000007l_1_1_1	93.333	45	3	0	9339	9383	94949982	94949938	1.34e-07	67.6
ptg000006l_rc_rotated	ptg000007l_1_1_1	93.333	45	3	0	9193	9237	94949982	94949938	1.34e-07	67.6
ptg000006l_rc_rotated	ptg000007l_1_1_1	93.333	45	3	0	8901	8945	94949982	94949938	1.34e-07	67.6
ptg000006l_rc_rotated	ptg000007l_1_1_1	93.333	45	3	0	8755	8799	94949982	94949938	1.34e-07	67.6
ptg000006l_rc_rotated	ptg000007l_1_1_1	93.333	45	3	0	8463	8507	94949982	94949938	1.34e-07	67.6
ptg000006l_rc_rotated	ptg000007l_1_1_1	93.333	45	3	0	8317	8361	94949982	94949938	1.34e-07	67.6
ptg000006l_rc_rotated	ptg000007l_1_1_1	100.000	35	0	0	8273	8307	85952794	85952828	4.82e-07	65.8
ptg000006l_rc_rotated	ptg000007l_1_1_1	100.000	35	0	0	8294	8328	85952794	85952828	4.82e-07	65.8
ptg000006l_rc_rotated	ptg000007l_1_1_1	100.000	35	0	0	8315	8349	85952794	85952828	4.82e-07	65.8
ptg000006l_rc_rotated	ptg000007l_1_1_1	100.000	35	0	0	8398	8432	85952794	85952828	4.82e-07	65.8
ptg000006l_rc_rotated	ptg000007l_1_1_1	100.000	35	0	0	8461	8495	85952794	85952828	4.82e-07	65.8
ptg000006l_rc_rotated	ptg000007l_1_1_1	100.000	35	0	0	8544	8578	85952794	85952828	4.82e-07	65.8
ptg000006l_rc_rotated	ptg000007l_1_1_1	100.000	35	0	0	8565	8599	85952794	85952828	4.82e-07	65.8
ptg000006l_rc_rotated	ptg000007l_1_1_1	100.000	35	0	0	8690	8724	85952794	85952828	4.82e-07	65.8
ptg000006l_rc_rotated	ptg000007l_1_1_1	100.000	35	0	0	8711	8745	85952794	85952828	4.82e-07	65.8
ptg000006l_rc_rotated	ptg000007l_1_1_1	100.000	35	0	0	8732	8766	85952794	85952828	4.82e-07	65.8
ptg000006l_rc_rotated	ptg000007l_1_1_1	100.000	35	0	0	8753	8787	85952794	85952828	4.82e-07	65.8
ptg000006l_rc_rotated	ptg000007l_1_1_1	100.000	35	0	0	8836	8870	85952794	85952828	4.82e-07	65.8
ptg000006l_rc_rotated	ptg000007l_1_1_1	100.000	35	0	0	8857	8891	85952794	85952828	4.82e-07	65.8
ptg000006l_rc_rotated	ptg000007l_1_1_1	100.000	35	0	0	8878	8912	85952794	85952828	4.82e-07	65.8
ptg000006l_rc_rotated	ptg000007l_1_1_1	100.000	35	0	0	8899	8933	85952794	85952828	4.82e-07	65.8
ptg000006l_rc_rotated	ptg000007l_1_1_1	100.000	35	0	0	8982	9016	85952794	85952828	4.82e-07	65.8
ptg000006l_rc_rotated	ptg000007l_1_1_1	100.000	35	0	0	9003	9037	85952794	85952828	4.82e-07	65.8
ptg000006l_rc_rotated	ptg000007l_1_1_1	100.000	35	0	0	9128	9162	85952794	85952828	4.82e-07	65.8
ptg000006l_rc_rotated	ptg000007l_1_1_1	100.000	35	0	0	9149	9183	85952794	85952828	4.82e-07	65.8
ptg000006l_rc_rotated	ptg000007l_1_1_1	100.000	35	0	0	9170	9204	85952794	85952828	4.82e-07	65.8
ptg000006l_rc_rotated	ptg000007l_1_1_1	100.000	35	0	0	9191	9225	85952794	85952828	4.82e-07	65.8
ptg000006l_rc_rotated	ptg000007l_1_1_1	100.000	35	0	0	9274	9308	85952794	85952828	4.82e-07	65.8
ptg000006l_rc_rotated	ptg000007l_1_1_1	100.000	35	0	0	9295	9329	85952794	85952828	4.82e-07	65.8
ptg000006l_rc_rotated	ptg000007l_1_1_1	100.000	35	0	0	9316	9350	85952794	85952828	4.82e-07	65.8
ptg000006l_rc_rotated	ptg000007l_1_1_1	100.000	35	0	0	9337	9371	85952794	85952828	4.82e-07	65.8
ptg000006l_rc_rotated	ptg000007l_1_1_1	100.000	35	0	0	9420	9454	85952794	85952828	4.82e-07	65.8
ptg000006l_rc_rotated	ptg000007l_1_1_1	100.000	35	0	0	9441	9475	85952794	85952828	4.82e-07	65.8
ptg000006l_rc_rotated	ptg000007l_1_1_1	100.000	35	0	0	9462	9496	85952794	85952828	4.82e-07	65.8
ptg000006l_rc_rotated	ptg000007l_1_1_1	100.000	35	0	0	9483	9517	85952794	85952828	4.82e-07	65.8
ptg000006l_rc_rotated	ptg000007l_1_1_1	100.000	35	0	0	9587	9621	85952794	85952828	4.82e-07	65.8
ptg000006l_rc_rotated	ptg000007l_1_1_1	100.000	35	0	0	9608	9642	85952794	85952828	4.82e-07	65.8
ptg000006l_rc_rotated	ptg000007l_1_1_1	100.000	35	0	0	9629	9663	85952794	85952828	4.82e-07	65.8
ptg000006l_rc_rotated	ptg000007l_1_1_1	100.000	35	0	0	9712	9746	85952794	85952828	4.82e-07	65.8
ptg000006l_rc_rotated	ptg000007l_1_1_1	100.000	35	0	0	9733	9767	85952794	85952828	4.82e-07	65.8
ptg000006l_rc_rotated	ptg000007l_1_1_1	100.000	35	0	0	9754	9788	85952794	85952828	4.82e-07	65.8
ptg000006l_rc_rotated	ptg000007l_1_1_1	100.000	35	0	0	9775	9809	85952794	85952828	4.82e-07	65.8
ptg000006l_rc_rotated	ptg000007l_1_1_1	100.000	35	0	0	9858	9892	85952794	85952828	4.82e-07	65.8
ptg000006l_rc_rotated	ptg000007l_1_1_1	100.000	35	0	0	9879	9913	85952794	85952828	4.82e-07	65.8
ptg000006l_rc_rotated	ptg000007l_1_1_1	100.000	35	0	0	9900	9934	85952794	85952828	4.82e-07	65.8
ptg000006l_rc_rotated	ptg000007l_1_1_1	100.000	35	0	0	9921	9955	85952794	85952828	4.82e-07	65.8
ptg000006l_rc_rotated	ptg000007l_1_1_1	100.000	35	0	0	10025	10059	85952794	85952828	4.82e-07	65.8
ptg000006l_rc_rotated	ptg000007l_1_1_1	100.000	35	0	0	10046	10080	85952794	85952828	4.82e-07	65.8
ptg000006l_rc_rotated	ptg000007l_1_1_1	100.000	35	0	0	10067	10101	85952794	85952828	4.82e-07	65.8
ptg000006l_rc_rotated	ptg000007l_1_1_1	100.000	35	0	0	10150	10184	85952794	85952828	4.82e-07	65.8
ptg000006l_rc_rotated	ptg000007l_1_1_1	100.000	35	0	0	10171	10205	85952794	85952828	4.82e-07	65.8
ptg000006l_rc_rotated	ptg000007l_1_1_1	100.000	35	0	0	10192	10226	85952794	85952828	4.82e-07	65.8
ptg000006l_rc_rotated	ptg000007l_1_1_1	100.000	35	0	0	8669	8703	115835030	115835064	4.82e-07	65.8
ptg000006l_rc_rotated	ptg000007l_1_1_1	100.000	35	0	0	8961	8995	115835030	115835064	4.82e-07	65.8
ptg000006l_rc_rotated	ptg000007l_1_1_1	100.000	35	0	0	9253	9287	115835030	115835064	4.82e-07	65.8
ptg000006l_rc_rotated	ptg000007l_1_1_1	100.000	35	0	0	9399	9433	115835030	115835064	4.82e-07	65.8
ptg000006l_rc_rotated	ptg000007l_1_1_1	100.000	35	0	0	9545	9579	115835030	115835064	4.82e-07	65.8
ptg000006l_rc_rotated	ptg000007l_1_1_1	100.000	35	0	0	9691	9725	115835030	115835064	4.82e-07	65.8
ptg000006l_rc_rotated	ptg000007l_1_1_1	100.000	35	0	0	9837	9871	115835030	115835064	4.82e-07	65.8
ptg000006l_rc_rotated	ptg000007l_1_1_1	100.000	35	0	0	9983	10017	115835030	115835064	4.82e-07	65.8
ptg000006l_rc_rotated	ptg000007l_1_1_1	100.000	35	0	0	10129	10163	115835030	115835064	4.82e-07	65.8
ptg000006l_rc_rotated	ptg000007l_1_1_1	95.122	41	2	0	8316	8356	115835031	115835071	4.82e-07	65.8
ptg000006l_rc_rotated	ptg000007l_1_1_1	95.122	41	2	0	8462	8502	115835031	115835071	4.82e-07	65.8
ptg000006l_rc_rotated	ptg000007l_1_1_1	95.122	41	2	0	8754	8794	115835031	115835071	4.82e-07	65.8
ptg000006l_rc_rotated	ptg000007l_1_1_1	95.122	41	2	0	8900	8940	115835031	115835071	4.82e-07	65.8
ptg000006l_rc_rotated	ptg000007l_1_1_1	95.122	41	2	0	9192	9232	115835031	115835071	4.82e-07	65.8
ptg000006l_rc_rotated	ptg000007l_1_1_1	95.122	41	2	0	9338	9378	115835031	115835071	4.82e-07	65.8
ptg000006l_rc_rotated	ptg000007l_1_1_1	95.122	41	2	0	9484	9524	115835031	115835071	4.82e-07	65.8
ptg000006l_rc_rotated	ptg000007l_1_1_1	95.122	41	2	0	9630	9670	115835031	115835071	4.82e-07	65.8
ptg000006l_rc_rotated	ptg000007l_1_1_1	95.122	41	2	0	9776	9816	115835031	115835071	4.82e-07	65.8
ptg000006l_rc_rotated	ptg000007l_1_1_1	95.122	41	2	0	9922	9962	115835031	115835071	4.82e-07	65.8
ptg000006l_rc_rotated	ptg000007l_1_1_1	95.122	41	2	0	10068	10108	115835031	115835071	4.82e-07	65.8
ptg000006l_rc_rotated	ptg000007l_1_1_1	86.441	59	8	0	2982	3040	116035103	116035161	4.82e-07	65.8
ptg000006l_rc_rotated	ptg000007l_1_1_1	100.000	34	0	0	8670	8703	85952795	85952828	1.73e-06	63.9
ptg000006l_rc_rotated	ptg000007l_1_1_1	100.000	34	0	0	8962	8995	85952795	85952828	1.73e-06	63.9
ptg000006l_rc_rotated	ptg000007l_1_1_1	100.000	34	0	0	9254	9287	85952795	85952828	1.73e-06	63.9
ptg000006l_rc_rotated	ptg000007l_1_1_1	100.000	34	0	0	9400	9433	85952795	85952828	1.73e-06	63.9
ptg000006l_rc_rotated	ptg000007l_1_1_1	100.000	34	0	0	9546	9579	85952795	85952828	1.73e-06	63.9
ptg000006l_rc_rotated	ptg000007l_1_1_1	100.000	34	0	0	9692	9725	85952795	85952828	1.73e-06	63.9
ptg000006l_rc_rotated	ptg000007l_1_1_1	100.000	34	0	0	9838	9871	85952795	85952828	1.73e-06	63.9
ptg000006l_rc_rotated	ptg000007l_1_1_1	100.000	34	0	0	9984	10017	85952795	85952828	1.73e-06	63.9
ptg000006l_rc_rotated	ptg000007l_1_1_1	100.000	34	0	0	10130	10163	85952795	85952828	1.73e-06	63.9
ptg000006l_rc_rotated	ptg000007l_1_1_1	100.000	34	0	0	8274	8307	115835031	115835064	1.73e-06	63.9
ptg000006l_rc_rotated	ptg000007l_1_1_1	100.000	34	0	0	8295	8328	115835031	115835064	1.73e-06	63.9
ptg000006l_rc_rotated	ptg000007l_1_1_1	100.000	34	0	0	8399	8432	115835031	115835064	1.73e-06	63.9
ptg000006l_rc_rotated	ptg000007l_1_1_1	100.000	34	0	0	8545	8578	115835031	115835064	1.73e-06	63.9
ptg000006l_rc_rotated	ptg000007l_1_1_1	100.000	34	0	0	8566	8599	115835031	115835064	1.73e-06	63.9
ptg000006l_rc_rotated	ptg000007l_1_1_1	100.000	34	0	0	8691	8724	115835031	115835064	1.73e-06	63.9
ptg000006l_rc_rotated	ptg000007l_1_1_1	100.000	34	0	0	8712	8745	115835031	115835064	1.73e-06	63.9
ptg000006l_rc_rotated	ptg000007l_1_1_1	100.000	34	0	0	8733	8766	115835031	115835064	1.73e-06	63.9
ptg000006l_rc_rotated	ptg000007l_1_1_1	100.000	34	0	0	8837	8870	115835031	115835064	1.73e-06	63.9
ptg000006l_rc_rotated	ptg000007l_1_1_1	100.000	34	0	0	8858	8891	115835031	115835064	1.73e-06	63.9
ptg000006l_rc_rotated	ptg000007l_1_1_1	100.000	34	0	0	8879	8912	115835031	115835064	1.73e-06	63.9
ptg000006l_rc_rotated	ptg000007l_1_1_1	100.000	34	0	0	8983	9016	115835031	115835064	1.73e-06	63.9
ptg000006l_rc_rotated	ptg000007l_1_1_1	100.000	34	0	0	9004	9037	115835031	115835064	1.73e-06	63.9
ptg000006l_rc_rotated	ptg000007l_1_1_1	100.000	34	0	0	9129	9162	115835031	115835064	1.73e-06	63.9
ptg000006l_rc_rotated	ptg000007l_1_1_1	100.000	34	0	0	9150	9183	115835031	115835064	1.73e-06	63.9
ptg000006l_rc_rotated	ptg000007l_1_1_1	100.000	34	0	0	9171	9204	115835031	115835064	1.73e-06	63.9
ptg000006l_rc_rotated	ptg000007l_1_1_1	100.000	34	0	0	9275	9308	115835031	115835064	1.73e-06	63.9
ptg000006l_rc_rotated	ptg000007l_1_1_1	100.000	34	0	0	9296	9329	115835031	115835064	1.73e-06	63.9
ptg000006l_rc_rotated	ptg000007l_1_1_1	100.000	34	0	0	9317	9350	115835031	115835064	1.73e-06	63.9
ptg000006l_rc_rotated	ptg000007l_1_1_1	100.000	34	0	0	9421	9454	115835031	115835064	1.73e-06	63.9
ptg000006l_rc_rotated	ptg000007l_1_1_1	100.000	34	0	0	9442	9475	115835031	115835064	1.73e-06	63.9
ptg000006l_rc_rotated	ptg000007l_1_1_1	100.000	34	0	0	9463	9496	115835031	115835064	1.73e-06	63.9
ptg000006l_rc_rotated	ptg000007l_1_1_1	100.000	34	0	0	9588	9621	115835031	115835064	1.73e-06	63.9
ptg000006l_rc_rotated	ptg000007l_1_1_1	100.000	34	0	0	9609	9642	115835031	115835064	1.73e-06	63.9
ptg000006l_rc_rotated	ptg000007l_1_1_1	100.000	34	0	0	9713	9746	115835031	115835064	1.73e-06	63.9
ptg000006l_rc_rotated	ptg000007l_1_1_1	100.000	34	0	0	9734	9767	115835031	115835064	1.73e-06	63.9
ptg000006l_rc_rotated	ptg000007l_1_1_1	100.000	34	0	0	9755	9788	115835031	115835064	1.73e-06	63.9
ptg000006l_rc_rotated	ptg000007l_1_1_1	100.000	34	0	0	9859	9892	115835031	115835064	1.73e-06	63.9
ptg000006l_rc_rotated	ptg000007l_1_1_1	100.000	34	0	0	9880	9913	115835031	115835064	1.73e-06	63.9
ptg000006l_rc_rotated	ptg000007l_1_1_1	100.000	34	0	0	9901	9934	115835031	115835064	1.73e-06	63.9
ptg000006l_rc_rotated	ptg000007l_1_1_1	100.000	34	0	0	10026	10059	115835031	115835064	1.73e-06	63.9
ptg000006l_rc_rotated	ptg000007l_1_1_1	100.000	34	0	0	10047	10080	115835031	115835064	1.73e-06	63.9
ptg000006l_rc_rotated	ptg000007l_1_1_1	100.000	34	0	0	10151	10184	115835031	115835064	1.73e-06	63.9
ptg000006l_rc_rotated	ptg000007l_1_1_1	100.000	34	0	0	10172	10205	115835031	115835064	1.73e-06	63.9
ptg000006l_rc_rotated	ptg000007l_1_1_1	100.000	34	0	0	10193	10226	115835031	115835064	1.73e-06	63.9
ptg000006l_rc_rotated	ptg000007l_1_1_1	91.111	45	4	0	9047	9091	94949982	94949938	6.24e-06	62.1
ptg000006l_rc_rotated	ptg000007l_1_1_1	100.000	33	0	0	8376	8408	95269449	95269481	6.24e-06	62.1
ptg000006l_rc_rotated	ptg000007l_1_1_1	100.000	33	0	0	8814	8846	95269449	95269481	6.24e-06	62.1
ptg000006l_rc_rotated	ptg000007l_1_1_1	97.143	35	1	0	17167	17201	37972742	37972776	2.24e-05	60.2
ptg000006l_rc_rotated	ptg000007l_1_1_1	97.143	35	1	0	8419	8453	85952794	85952828	2.24e-05	60.2
ptg000006l_rc_rotated	ptg000007l_1_1_1	97.143	35	1	0	8586	8620	85952794	85952828	2.24e-05	60.2
ptg000006l_rc_rotated	ptg000007l_1_1_1	97.143	35	1	0	9024	9058	85952794	85952828	2.24e-05	60.2
ptg000006l_rc_rotated	ptg000007l_1_1_1	100.000	32	0	0	10213	10244	85952794	85952825	2.24e-05	60.2
ptg000006l_rc_rotated	ptg000007l_1_1_1	100.000	32	0	0	8380	8411	85952797	85952828	2.24e-05	60.2
ptg000006l_rc_rotated	ptg000007l_1_1_1	100.000	32	0	0	8818	8849	85952797	85952828	2.24e-05	60.2
ptg000006l_rc_rotated	ptg000007l_1_1_1	97.143	35	1	0	8377	8411	115835030	115835064	2.24e-05	60.2
ptg000006l_rc_rotated	ptg000007l_1_1_1	97.143	35	1	0	8815	8849	115835030	115835064	2.24e-05	60.2
ptg000006l_rc_rotated	ptg000007l_1_1_1	100.000	31	0	0	10214	10244	115835031	115835061	8.07e-05	58.4
ptg000006l_rc_rotated	ptg000007l_1_1_1	97.143	35	0	1	8423	8457	127999826	127999859	8.07e-05	58.4
ptg000006l_rc_rotated	ptg000007l_1_1_1	97.143	35	0	1	8590	8624	127999826	127999859	8.07e-05	58.4
ptg000006l_rc_rotated	ptg000007l_1_1_1	97.143	35	0	1	9028	9062	127999826	127999859	8.07e-05	58.4
ptg000006l_rc_rotated	ptg000007l_1_1_1	100.000	30	0	0	10215	10244	94949982	94949953	2.90e-04	56.5
ptg000006l_rc_rotated	ptg000007l_1_1_1	96.970	33	1	0	8668	8700	95269449	95269481	2.90e-04	56.5
ptg000006l_rc_rotated	ptg000007l_1_1_1	96.970	33	1	0	8960	8992	95269449	95269481	2.90e-04	56.5
ptg000006l_rc_rotated	ptg000007l_1_1_1	96.970	33	1	0	9252	9284	95269449	95269481	2.90e-04	56.5
ptg000006l_rc_rotated	ptg000007l_1_1_1	96.970	33	1	0	9398	9430	95269449	95269481	2.90e-04	56.5
ptg000006l_rc_rotated	ptg000007l_1_1_1	96.970	33	1	0	9544	9576	95269449	95269481	2.90e-04	56.5
ptg000006l_rc_rotated	ptg000007l_1_1_1	96.970	33	1	0	9690	9722	95269449	95269481	2.90e-04	56.5
ptg000006l_rc_rotated	ptg000007l_1_1_1	96.970	33	1	0	9836	9868	95269449	95269481	2.90e-04	56.5
ptg000006l_rc_rotated	ptg000007l_1_1_1	96.970	33	1	0	9982	10014	95269449	95269481	2.90e-04	56.5
ptg000006l_rc_rotated	ptg000007l_1_1_1	96.970	33	1	0	10128	10160	95269449	95269481	2.90e-04	56.5
ptg000006l_rc_rotated	ptg000007l_1_1_1	100.000	29	0	0	8276	8304	95269453	95269481	0.001	54.7
ptg000006l_rc_rotated	ptg000007l_1_1_1	100.000	29	0	0	8297	8325	95269453	95269481	0.001	54.7
ptg000006l_rc_rotated	ptg000007l_1_1_1	100.000	29	0	0	8318	8346	95269453	95269481	0.001	54.7
ptg000006l_rc_rotated	ptg000007l_1_1_1	100.000	29	0	0	8401	8429	95269453	95269481	0.001	54.7
ptg000006l_rc_rotated	ptg000007l_1_1_1	100.000	29	0	0	8464	8492	95269453	95269481	0.001	54.7
ptg000006l_rc_rotated	ptg000007l_1_1_1	100.000	29	0	0	8547	8575	95269453	95269481	0.001	54.7
ptg000006l_rc_rotated	ptg000007l_1_1_1	100.000	29	0	0	8568	8596	95269453	95269481	0.001	54.7
ptg000006l_rc_rotated	ptg000007l_1_1_1	100.000	29	0	0	8693	8721	95269453	95269481	0.001	54.7
ptg000006l_rc_rotated	ptg000007l_1_1_1	100.000	29	0	0	8714	8742	95269453	95269481	0.001	54.7
ptg000006l_rc_rotated	ptg000007l_1_1_1	100.000	29	0	0	8735	8763	95269453	95269481	0.001	54.7
ptg000006l_rc_rotated	ptg000007l_1_1_1	100.000	29	0	0	8756	8784	95269453	95269481	0.001	54.7
ptg000006l_rc_rotated	ptg000007l_1_1_1	100.000	29	0	0	8839	8867	95269453	95269481	0.001	54.7
ptg000006l_rc_rotated	ptg000007l_1_1_1	100.000	29	0	0	8860	8888	95269453	95269481	0.001	54.7
ptg000006l_rc_rotated	ptg000007l_1_1_1	100.000	29	0	0	8881	8909	95269453	95269481	0.001	54.7
ptg000006l_rc_rotated	ptg000007l_1_1_1	100.000	29	0	0	8902	8930	95269453	95269481	0.001	54.7
ptg000006l_rc_rotated	ptg000007l_1_1_1	100.000	29	0	0	8985	9013	95269453	95269481	0.001	54.7
ptg000006l_rc_rotated	ptg000007l_1_1_1	100.000	29	0	0	9006	9034	95269453	95269481	0.001	54.7
ptg000006l_rc_rotated	ptg000007l_1_1_1	100.000	29	0	0	9131	9159	95269453	95269481	0.001	54.7
ptg000006l_rc_rotated	ptg000007l_1_1_1	100.000	29	0	0	9152	9180	95269453	95269481	0.001	54.7
ptg000006l_rc_rotated	ptg000007l_1_1_1	100.000	29	0	0	9173	9201	95269453	95269481	0.001	54.7
ptg000006l_rc_rotated	ptg000007l_1_1_1	100.000	29	0	0	9194	9222	95269453	95269481	0.001	54.7
ptg000006l_rc_rotated	ptg000007l_1_1_1	100.000	29	0	0	9277	9305	95269453	95269481	0.001	54.7
ptg000006l_rc_rotated	ptg000007l_1_1_1	100.000	29	0	0	9298	9326	95269453	95269481	0.001	54.7
ptg000006l_rc_rotated	ptg000007l_1_1_1	100.000	29	0	0	9319	9347	95269453	95269481	0.001	54.7
ptg000006l_rc_rotated	ptg000007l_1_1_1	100.000	29	0	0	9340	9368	95269453	95269481	0.001	54.7
ptg000006l_rc_rotated	ptg000007l_1_1_1	100.000	29	0	0	9423	9451	95269453	95269481	0.001	54.7
ptg000006l_rc_rotated	ptg000007l_1_1_1	100.000	29	0	0	9444	9472	95269453	95269481	0.001	54.7
ptg000006l_rc_rotated	ptg000007l_1_1_1	100.000	29	0	0	9465	9493	95269453	95269481	0.001	54.7
ptg000006l_rc_rotated	ptg000007l_1_1_1	100.000	29	0	0	9486	9514	95269453	95269481	0.001	54.7
ptg000006l_rc_rotated	ptg000007l_1_1_1	100.000	29	0	0	9590	9618	95269453	95269481	0.001	54.7
ptg000006l_rc_rotated	ptg000007l_1_1_1	100.000	29	0	0	9611	9639	95269453	95269481	0.001	54.7
ptg000006l_rc_rotated	ptg000007l_1_1_1	100.000	29	0	0	9632	9660	95269453	95269481	0.001	54.7
ptg000006l_rc_rotated	ptg000007l_1_1_1	100.000	29	0	0	9715	9743	95269453	95269481	0.001	54.7
ptg000006l_rc_rotated	ptg000007l_1_1_1	100.000	29	0	0	9736	9764	95269453	95269481	0.001	54.7
ptg000006l_rc_rotated	ptg000007l_1_1_1	100.000	29	0	0	9757	9785	95269453	95269481	0.001	54.7
ptg000006l_rc_rotated	ptg000007l_1_1_1	100.000	29	0	0	9778	9806	95269453	95269481	0.001	54.7
ptg000006l_rc_rotated	ptg000007l_1_1_1	100.000	29	0	0	9861	9889	95269453	95269481	0.001	54.7
ptg000006l_rc_rotated	ptg000007l_1_1_1	100.000	29	0	0	9882	9910	95269453	95269481	0.001	54.7
ptg000006l_rc_rotated	ptg000007l_1_1_1	100.000	29	0	0	9903	9931	95269453	95269481	0.001	54.7
ptg000006l_rc_rotated	ptg000007l_1_1_1	100.000	29	0	0	9924	9952	95269453	95269481	0.001	54.7
ptg000006l_rc_rotated	ptg000007l_1_1_1	100.000	29	0	0	10028	10056	95269453	95269481	0.001	54.7
ptg000006l_rc_rotated	ptg000007l_1_1_1	100.000	29	0	0	10049	10077	95269453	95269481	0.001	54.7
ptg000006l_rc_rotated	ptg000007l_1_1_1	100.000	29	0	0	10070	10098	95269453	95269481	0.001	54.7
ptg000006l_rc_rotated	ptg000007l_1_1_1	100.000	29	0	0	10153	10181	95269453	95269481	0.001	54.7
ptg000006l_rc_rotated	ptg000007l_1_1_1	100.000	29	0	0	10174	10202	95269453	95269481	0.001	54.7
ptg000006l_rc_rotated	ptg000007l_1_1_1	100.000	29	0	0	10195	10223	95269453	95269481	0.001	54.7
ptg000006l_rc_rotated	ptg000007l_1_1_1	100.000	29	0	0	10216	10244	95269453	95269481	0.001	54.7
ptg000006l_rc_rotated	ptg000007l_1_1_1	100.000	28	0	0	10212	10239	55670902	55670875	0.004	52.8
ptg000006l_rc_rotated	ptg000007l_1_1_1	100.000	28	0	0	10130	10157	94949962	94949935	0.004	52.8
ptg000006l_rc_rotated	ptg000007l_1_1_1	100.000	28	0	0	9984	10011	94949962	94949935	0.004	52.8
ptg000006l_rc_rotated	ptg000007l_1_1_1	100.000	28	0	0	9838	9865	94949962	94949935	0.004	52.8
ptg000006l_rc_rotated	ptg000007l_1_1_1	100.000	28	0	0	9692	9719	94949962	94949935	0.004	52.8
ptg000006l_rc_rotated	ptg000007l_1_1_1	100.000	28	0	0	9546	9573	94949962	94949935	0.004	52.8
ptg000006l_rc_rotated	ptg000007l_1_1_1	100.000	28	0	0	9400	9427	94949962	94949935	0.004	52.8
ptg000006l_rc_rotated	ptg000007l_1_1_1	100.000	28	0	0	9254	9281	94949962	94949935	0.004	52.8
ptg000006l_rc_rotated	ptg000007l_1_1_1	100.000	28	0	0	8962	8989	94949962	94949935	0.004	52.8
ptg000006l_rc_rotated	ptg000007l_1_1_1	100.000	28	0	0	8670	8697	94949962	94949935	0.004	52.8
ptg000006l_rc_rotated	ptg000007l_1_1_1	96.429	28	1	0	10212	10239	55671048	55671021	0.17	47.3
ptg000006l_rc_rotated	ptg000007l_1_1_1	100.000	22	0	0	10223	10244	55670786	55670765	8.1	41.7
ptg000006l_rc_rotated	ptg000012l_1_1_1	87.627	5520	622	38	146	5650	4583893	4578420	0.0	6353
ptg000006l_rc_rotated	ptg000012l_1_1_1	86.570	3254	377	45	15346	18587	4587096	4583891	0.0	3533
ptg000006l_rc_rotated	ptg000012l_1_1_1	87.558	3038	324	33	12322	15342	4591566	4588566	0.0	3467
ptg000006l_rc_rotated	ptg000012l_1_1_1	88.795	589	61	2	5652	6240	4576940	4576357	0.0	717
ptg000006l_rc_rotated	ptg000012l_1_1_1	88.293	615	45	14	11687	12300	4592119	4591531	0.0	712
ptg000006l_rc_rotated	ptg000012l_1_1_1	85.854	205	23	5	12607	12806	2330067	2329864	1.63e-51	213
ptg000006l_rc_rotated	ptg000008l_1_1_1	89.157	4482	449	22	1766	6230	16981724	16977263	0.0	5550
ptg000006l_rc_rotated	ptg000008l_1_1_1	87.263	3690	438	22	2311	5998	39314801	39318460	0.0	4181
ptg000006l_rc_rotated	ptg000008l_1_1_1	85.581	2469	272	53	11762	14219	30075140	30077535	0.0	2510
ptg000006l_rc_rotated	ptg000008l_1_1_1	86.287	2246	240	39	12370	14603	56051607	56053796	0.0	2379
ptg000006l_rc_rotated	ptg000008l_1_1_1	83.696	1883	227	45	10500	12371	56047667	56049480	0.0	1703
ptg000006l_rc_rotated	ptg000008l_1_1_1	86.361	1569	185	19	15520	17085	56056447	56057989	0.0	1685
ptg000006l_rc_rotated	ptg000008l_1_1_1	97.172	778	20	2	15209	15986	60846604	60847379	0.0	1314
ptg000006l_rc_rotated	ptg000008l_1_1_1	86.903	565	71	2	15225	15789	76580266	76580827	3.79e-177	630
ptg000006l_rc_rotated	ptg000008l_1_1_1	86.083	503	61	7	8105	8603	39326755	39327252	1.10e-147	532
ptg000006l_rc_rotated	ptg000008l_1_1_1	85.787	394	32	14	5988	6365	39326241	39326626	1.50e-106	396
ptg000006l_rc_rotated	ptg000008l_1_1_1	86.787	333	40	4	9254	9583	39326921	39327252	3.28e-98	368
ptg000006l_rc_rotated	ptg000008l_1_1_1	86.787	333	40	4	9400	9729	39326921	39327252	3.28e-98	368
ptg000006l_rc_rotated	ptg000008l_1_1_1	86.787	333	40	4	9692	10021	39326921	39327252	3.28e-98	368
ptg000006l_rc_rotated	ptg000008l_1_1_1	86.787	333	40	4	9838	10167	39326921	39327252	3.28e-98	368
ptg000006l_rc_rotated	ptg000008l_1_1_1	86.269	335	44	2	9147	9479	39326918	39327252	1.53e-96	363
ptg000006l_rc_rotated	ptg000008l_1_1_1	86.269	335	44	2	9293	9625	39326918	39327252	1.53e-96	363
ptg000006l_rc_rotated	ptg000008l_1_1_1	86.269	335	44	2	9439	9771	39326918	39327252	1.53e-96	363
ptg000006l_rc_rotated	ptg000008l_1_1_1	86.269	335	44	2	9585	9917	39326918	39327252	1.53e-96	363
ptg000006l_rc_rotated	ptg000008l_1_1_1	86.269	335	44	2	9731	10063	39326918	39327252	1.53e-96	363
ptg000006l_rc_rotated	ptg000008l_1_1_1	86.269	335	44	2	9877	10209	39326918	39327252	1.53e-96	363
ptg000006l_rc_rotated	ptg000008l_1_1_1	86.486	333	41	4	8670	8999	39326921	39327252	1.53e-96	363
ptg000006l_rc_rotated	ptg000008l_1_1_1	86.486	333	41	4	9108	9437	39326921	39327252	1.53e-96	363
ptg000006l_rc_rotated	ptg000008l_1_1_1	86.486	333	41	4	9546	9875	39326921	39327252	1.53e-96	363
ptg000006l_rc_rotated	ptg000008l_1_1_1	85.970	335	45	2	8688	9020	39326918	39327252	7.10e-95	357
ptg000006l_rc_rotated	ptg000008l_1_1_1	85.970	335	45	2	8709	9041	39326918	39327252	7.10e-95	357
ptg000006l_rc_rotated	ptg000008l_1_1_1	85.970	335	45	2	9126	9458	39326918	39327252	7.10e-95	357
ptg000006l_rc_rotated	ptg000008l_1_1_1	85.970	335	45	2	9418	9750	39326918	39327252	7.10e-95	357
ptg000006l_rc_rotated	ptg000008l_1_1_1	85.970	335	45	2	9856	10188	39326918	39327252	7.10e-95	357
ptg000006l_rc_rotated	ptg000008l_1_1_1	86.186	333	42	4	8962	9291	39326921	39327252	7.10e-95	357
ptg000006l_rc_rotated	ptg000008l_1_1_1	86.322	329	41	4	8820	9145	39326925	39327252	2.55e-94	355
ptg000006l_rc_rotated	ptg000008l_1_1_1	85.672	335	46	2	8855	9187	39326918	39327252	3.30e-93	351
ptg000006l_rc_rotated	ptg000008l_1_1_1	85.672	335	46	2	9001	9333	39326918	39327252	3.30e-93	351
ptg000006l_rc_rotated	ptg000008l_1_1_1	85.672	335	46	2	9168	9500	39326918	39327252	3.30e-93	351
ptg000006l_rc_rotated	ptg000008l_1_1_1	85.672	335	46	2	9314	9646	39326918	39327252	3.30e-93	351
ptg000006l_rc_rotated	ptg000008l_1_1_1	85.672	335	46	2	9460	9792	39326918	39327252	3.30e-93	351
ptg000006l_rc_rotated	ptg000008l_1_1_1	85.672	335	46	2	9564	9896	39326918	39327252	3.30e-93	351
ptg000006l_rc_rotated	ptg000008l_1_1_1	85.672	335	46	2	9606	9938	39326918	39327252	3.30e-93	351
ptg000006l_rc_rotated	ptg000008l_1_1_1	85.672	335	46	2	9752	10084	39326918	39327252	3.30e-93	351
ptg000006l_rc_rotated	ptg000008l_1_1_1	85.672	335	46	2	9898	10230	39326918	39327252	3.30e-93	351
ptg000006l_rc_rotated	ptg000008l_1_1_1	85.373	335	47	2	8563	8895	39326918	39327252	1.54e-91	346
ptg000006l_rc_rotated	ptg000008l_1_1_1	85.373	335	47	2	8834	9166	39326918	39327252	1.54e-91	346
ptg000006l_rc_rotated	ptg000008l_1_1_1	85.373	335	47	2	8980	9312	39326918	39327252	1.54e-91	346
ptg000006l_rc_rotated	ptg000008l_1_1_1	85.542	332	46	2	9189	9518	39326918	39327249	1.54e-91	346
ptg000006l_rc_rotated	ptg000008l_1_1_1	85.542	332	46	2	9335	9664	39326918	39327249	1.54e-91	346
ptg000006l_rc_rotated	ptg000008l_1_1_1	85.542	332	46	2	9481	9810	39326918	39327249	1.54e-91	346
ptg000006l_rc_rotated	ptg000008l_1_1_1	85.542	332	46	2	9627	9956	39326918	39327249	1.54e-91	346
ptg000006l_rc_rotated	ptg000008l_1_1_1	85.542	332	46	2	9773	10102	39326918	39327249	1.54e-91	346
ptg000006l_rc_rotated	ptg000008l_1_1_1	85.586	333	44	4	8524	8853	39326921	39327252	1.54e-91	346
ptg000006l_rc_rotated	ptg000008l_1_1_1	85.714	329	43	4	8382	8707	39326925	39327252	5.53e-91	344
ptg000006l_rc_rotated	ptg000008l_1_1_1	85.075	335	48	2	8417	8749	39326918	39327252	7.15e-90	340
ptg000006l_rc_rotated	ptg000008l_1_1_1	85.075	335	48	2	8542	8874	39326918	39327252	7.15e-90	340
ptg000006l_rc_rotated	ptg000008l_1_1_1	85.075	335	48	2	8876	9208	39326918	39327252	7.15e-90	340
ptg000006l_rc_rotated	ptg000008l_1_1_1	85.075	335	48	2	9022	9354	39326918	39327252	7.15e-90	340
ptg000006l_rc_rotated	ptg000008l_1_1_1	84.776	335	49	2	8396	8728	39326918	39327252	3.33e-88	335
ptg000006l_rc_rotated	ptg000008l_1_1_1	84.776	335	49	2	8584	8916	39326918	39327252	3.33e-88	335
ptg000006l_rc_rotated	ptg000008l_1_1_1	84.940	332	48	2	8751	9080	39326918	39327249	3.33e-88	335
ptg000006l_rc_rotated	ptg000008l_1_1_1	84.940	332	48	2	8897	9226	39326918	39327249	3.33e-88	335
ptg000006l_rc_rotated	ptg000008l_1_1_1	84.940	332	48	2	9043	9372	39326918	39327249	3.33e-88	335
ptg000006l_rc_rotated	ptg000008l_1_1_1	84.478	335	50	2	8438	8770	39326918	39327252	1.55e-86	329
ptg000006l_rc_rotated	ptg000008l_1_1_1	84.639	332	49	2	8459	8788	39326918	39327249	1.55e-86	329
ptg000006l_rc_rotated	ptg000008l_1_1_1	84.639	332	49	2	8605	8934	39326918	39327249	1.55e-86	329
ptg000006l_rc_rotated	ptg000008l_1_1_1	84.694	294	41	4	8271	8561	39326960	39327252	7.31e-75	291
ptg000006l_rc_rotated	ptg000008l_1_1_1	93.567	171	10	1	181	350	92803790	92803620	9.58e-64	254
ptg000006l_rc_rotated	ptg000008l_1_1_1	86.784	227	29	1	8271	8496	39327023	39327249	3.45e-63	252
ptg000006l_rc_rotated	ptg000008l_1_1_1	95.270	148	7	0	2413	2560	36998998	36999145	3.47e-58	235
ptg000006l_rc_rotated	ptg000008l_1_1_1	86.603	209	27	1	8271	8478	39327044	39327252	1.62e-56	230
ptg000006l_rc_rotated	ptg000008l_1_1_1	99.187	123	1	0	12572	12694	78445691	78445813	2.70e-54	222
ptg000006l_rc_rotated	ptg000008l_1_1_1	90.000	160	16	0	1470	1629	89865538	89865697	7.57e-50	207
ptg000006l_rc_rotated	ptg000008l_1_1_1	82.883	222	34	3	2303	2522	37688237	37688456	1.64e-46	196
ptg000006l_rc_rotated	ptg000008l_1_1_1	94.118	119	7	0	3367	3485	19431092	19430974	4.59e-42	182
ptg000006l_rc_rotated	ptg000008l_1_1_1	86.228	167	22	1	8271	8436	39327086	39327252	1.65e-41	180
ptg000006l_rc_rotated	ptg000008l_1_1_1	93.043	115	8	0	11329	11443	27209881	27209995	3.57e-38	169
ptg000006l_rc_rotated	ptg000008l_1_1_1	93.750	112	5	2	8523	8633	31420166	31420056	1.28e-37	167
ptg000006l_rc_rotated	ptg000008l_1_1_1	82.353	221	8	16	6326	6519	26994156	26994372	1.66e-36	163
ptg000006l_rc_rotated	ptg000008l_1_1_1	82.353	221	8	16	7506	7699	26994156	26994372	1.66e-36	163
ptg000006l_rc_rotated	ptg000008l_1_1_1	91.667	120	5	4	7936	8054	26994257	26994372	5.98e-36	161
ptg000006l_rc_rotated	ptg000008l_1_1_1	92.857	112	6	2	8961	9071	31420166	31420056	5.98e-36	161
ptg000006l_rc_rotated	ptg000008l_1_1_1	86.301	146	19	1	8271	8415	39327107	39327252	7.73e-35	158
ptg000006l_rc_rotated	ptg000008l_1_1_1	95.699	93	3	1	9551	9643	79560904	79560995	4.65e-32	148
ptg000006l_rc_rotated	ptg000008l_1_1_1	95.699	93	3	1	9989	10081	79560904	79560995	4.65e-32	148
ptg000006l_rc_rotated	ptg000008l_1_1_1	79.457	258	9	21	7431	7661	26994156	26994396	2.16e-30	143
ptg000006l_rc_rotated	ptg000008l_1_1_1	85.161	155	5	9	7863	8016	26994259	26994396	2.16e-30	143
ptg000006l_rc_rotated	ptg000008l_1_1_1	94.624	93	4	1	8675	8767	79560904	79560995	2.16e-30	143
ptg000006l_rc_rotated	ptg000008l_1_1_1	94.624	93	4	1	8696	8788	79560904	79560995	2.16e-30	143
ptg000006l_rc_rotated	ptg000008l_1_1_1	94.624	93	4	1	8821	8913	79560904	79560995	2.16e-30	143
ptg000006l_rc_rotated	ptg000008l_1_1_1	94.624	93	4	1	8842	8934	79560904	79560995	2.16e-30	143
ptg000006l_rc_rotated	ptg000008l_1_1_1	94.624	93	4	1	9134	9226	79560904	79560995	2.16e-30	143
ptg000006l_rc_rotated	ptg000008l_1_1_1	94.624	93	4	1	9259	9351	79560904	79560995	2.16e-30	143
ptg000006l_rc_rotated	ptg000008l_1_1_1	94.624	93	4	1	9280	9372	79560904	79560995	2.16e-30	143
ptg000006l_rc_rotated	ptg000008l_1_1_1	94.624	93	4	1	9405	9497	79560904	79560995	2.16e-30	143
ptg000006l_rc_rotated	ptg000008l_1_1_1	94.624	93	4	1	9426	9518	79560904	79560995	2.16e-30	143
ptg000006l_rc_rotated	ptg000008l_1_1_1	94.624	93	4	1	9697	9789	79560904	79560995	2.16e-30	143
ptg000006l_rc_rotated	ptg000008l_1_1_1	94.624	93	4	1	9718	9810	79560904	79560995	2.16e-30	143
ptg000006l_rc_rotated	ptg000008l_1_1_1	94.624	93	4	1	9843	9935	79560904	79560995	2.16e-30	143
ptg000006l_rc_rotated	ptg000008l_1_1_1	94.624	93	4	1	9864	9956	79560904	79560995	2.16e-30	143
ptg000006l_rc_rotated	ptg000008l_1_1_1	94.624	93	4	1	10135	10227	79560904	79560995	2.16e-30	143
ptg000006l_rc_rotated	ptg000008l_1_1_1	84.049	163	8	9	6320	6481	26994251	26994396	7.79e-30	141
ptg000006l_rc_rotated	ptg000008l_1_1_1	90.654	107	9	1	8545	8651	31420165	31420060	7.79e-30	141
ptg000006l_rc_rotated	ptg000008l_1_1_1	88.333	120	9	4	7721	7839	26994257	26994372	2.80e-29	139
ptg000006l_rc_rotated	ptg000008l_1_1_1	95.455	88	3	1	8380	8466	31420143	31420056	2.80e-29	139
ptg000006l_rc_rotated	ptg000008l_1_1_1	87.597	129	3	6	6541	6669	26994257	26994372	1.01e-28	137
ptg000006l_rc_rotated	ptg000008l_1_1_1	93.548	93	5	1	8383	8475	79560904	79560995	1.01e-28	137
ptg000006l_rc_rotated	ptg000008l_1_1_1	93.548	93	5	1	8404	8496	79560904	79560995	1.01e-28	137
ptg000006l_rc_rotated	ptg000008l_1_1_1	93.548	93	5	1	8988	9080	79560904	79560995	1.01e-28	137
ptg000006l_rc_rotated	ptg000008l_1_1_1	93.548	93	5	1	9113	9205	79560904	79560995	1.01e-28	137
ptg000006l_rc_rotated	ptg000008l_1_1_1	93.548	93	5	1	9572	9664	79560904	79560995	1.01e-28	137
ptg000006l_rc_rotated	ptg000008l_1_1_1	93.548	93	5	1	10010	10102	79560904	79560995	1.01e-28	137
ptg000006l_rc_rotated	ptg000008l_1_1_1	94.382	89	4	1	10156	10244	79560904	79560991	3.62e-28	135
ptg000006l_rc_rotated	ptg000008l_1_1_1	97.333	75	2	0	299	373	22185707	22185633	6.06e-26	128
ptg000006l_rc_rotated	ptg000008l_1_1_1	100.000	67	0	0	8181	8247	1904851	1904785	7.84e-25	124
ptg000006l_rc_rotated	ptg000008l_1_1_1	95.000	80	3	1	8271	8350	79560917	79560995	7.84e-25	124
ptg000006l_rc_rotated	ptg000008l_1_1_1	94.937	79	3	1	12928	13005	82934449	82934371	2.82e-24	122
ptg000006l_rc_rotated	ptg000008l_1_1_1	93.750	80	5	0	8271	8350	39327170	39327249	1.01e-23	121
ptg000006l_rc_rotated	ptg000008l_1_1_1	94.872	78	3	1	11107	11184	56917089	56917165	1.01e-23	121
ptg000006l_rc_rotated	ptg000008l_1_1_1	98.507	67	1	0	15678	15744	7228719	7228785	3.65e-23	119
ptg000006l_rc_rotated	ptg000008l_1_1_1	94.805	77	3	1	8670	8746	79560920	79560995	3.65e-23	119
ptg000006l_rc_rotated	ptg000008l_1_1_1	94.805	77	3	1	8962	9038	79560920	79560995	3.65e-23	119
ptg000006l_rc_rotated	ptg000008l_1_1_1	94.805	77	3	1	9254	9330	79560920	79560995	3.65e-23	119
ptg000006l_rc_rotated	ptg000008l_1_1_1	94.805	77	3	1	9400	9476	79560920	79560995	3.65e-23	119
ptg000006l_rc_rotated	ptg000008l_1_1_1	94.805	77	3	1	9692	9768	79560920	79560995	3.65e-23	119
ptg000006l_rc_rotated	ptg000008l_1_1_1	94.805	77	3	1	9838	9914	79560920	79560995	3.65e-23	119
ptg000006l_rc_rotated	ptg000008l_1_1_1	94.805	77	3	1	10130	10206	79560920	79560995	3.65e-23	119
ptg000006l_rc_rotated	ptg000008l_1_1_1	94.667	75	3	1	8818	8892	79560922	79560995	4.72e-22	115
ptg000006l_rc_rotated	ptg000008l_1_1_1	93.506	77	4	1	8524	8600	79560920	79560995	1.70e-21	113
ptg000006l_rc_rotated	ptg000008l_1_1_1	93.506	77	4	1	9108	9184	79560920	79560995	1.70e-21	113
ptg000006l_rc_rotated	ptg000008l_1_1_1	93.506	77	4	1	9546	9622	79560920	79560995	1.70e-21	113
ptg000006l_rc_rotated	ptg000008l_1_1_1	93.506	77	4	1	9984	10060	79560920	79560995	1.70e-21	113
ptg000006l_rc_rotated	ptg000008l_1_1_1	95.588	68	3	0	3778	3845	87906888	87906955	2.20e-20	110
ptg000006l_rc_rotated	ptg000008l_1_1_1	100.000	55	0	0	241	295	40487950	40487896	3.67e-18	102
ptg000006l_rc_rotated	ptg000008l_1_1_1	98.276	58	1	0	8272	8329	79560938	79560995	3.67e-18	102
ptg000006l_rc_rotated	ptg000008l_1_1_1	98.276	58	1	0	3409	3466	89865698	89865755	3.67e-18	102
ptg000006l_rc_rotated	ptg000008l_1_1_1	96.610	59	2	0	10022	10080	21674452	21674394	4.75e-17	99.0
ptg000006l_rc_rotated	ptg000008l_1_1_1	96.610	59	2	0	9584	9642	21674452	21674394	4.75e-17	99.0
ptg000006l_rc_rotated	ptg000008l_1_1_1	95.161	62	3	0	8271	8332	39327191	39327252	4.75e-17	99.0
ptg000006l_rc_rotated	ptg000008l_1_1_1	98.214	56	1	0	8670	8725	79560940	79560995	4.75e-17	99.0
ptg000006l_rc_rotated	ptg000008l_1_1_1	98.214	56	1	0	8962	9017	79560940	79560995	4.75e-17	99.0
ptg000006l_rc_rotated	ptg000008l_1_1_1	98.214	56	1	0	9254	9309	79560940	79560995	4.75e-17	99.0
ptg000006l_rc_rotated	ptg000008l_1_1_1	98.214	56	1	0	9400	9455	79560940	79560995	4.75e-17	99.0
ptg000006l_rc_rotated	ptg000008l_1_1_1	98.214	56	1	0	9692	9747	79560940	79560995	4.75e-17	99.0
ptg000006l_rc_rotated	ptg000008l_1_1_1	98.214	56	1	0	9838	9893	79560940	79560995	4.75e-17	99.0
ptg000006l_rc_rotated	ptg000008l_1_1_1	98.214	56	1	0	10130	10185	79560940	79560995	4.75e-17	99.0
ptg000006l_rc_rotated	ptg000008l_1_1_1	96.552	58	2	0	10169	10226	21674451	21674394	1.71e-16	97.1
ptg000006l_rc_rotated	ptg000008l_1_1_1	96.552	58	2	0	10148	10205	21674451	21674394	1.71e-16	97.1
ptg000006l_rc_rotated	ptg000008l_1_1_1	96.552	58	2	0	10044	10101	21674451	21674394	1.71e-16	97.1
ptg000006l_rc_rotated	ptg000008l_1_1_1	96.552	58	2	0	9898	9955	21674451	21674394	1.71e-16	97.1
ptg000006l_rc_rotated	ptg000008l_1_1_1	96.552	58	2	0	9877	9934	21674451	21674394	1.71e-16	97.1
ptg000006l_rc_rotated	ptg000008l_1_1_1	96.552	58	2	0	9856	9913	21674451	21674394	1.71e-16	97.1
ptg000006l_rc_rotated	ptg000008l_1_1_1	96.552	58	2	0	9752	9809	21674451	21674394	1.71e-16	97.1
ptg000006l_rc_rotated	ptg000008l_1_1_1	96.552	58	2	0	9731	9788	21674451	21674394	1.71e-16	97.1
ptg000006l_rc_rotated	ptg000008l_1_1_1	96.552	58	2	0	9710	9767	21674451	21674394	1.71e-16	97.1
ptg000006l_rc_rotated	ptg000008l_1_1_1	96.552	58	2	0	9606	9663	21674451	21674394	1.71e-16	97.1
ptg000006l_rc_rotated	ptg000008l_1_1_1	96.552	58	2	0	9460	9517	21674451	21674394	1.71e-16	97.1
ptg000006l_rc_rotated	ptg000008l_1_1_1	96.552	58	2	0	9439	9496	21674451	21674394	1.71e-16	97.1
ptg000006l_rc_rotated	ptg000008l_1_1_1	96.552	58	2	0	9418	9475	21674451	21674394	1.71e-16	97.1
ptg000006l_rc_rotated	ptg000008l_1_1_1	96.552	58	2	0	9314	9371	21674451	21674394	1.71e-16	97.1
ptg000006l_rc_rotated	ptg000008l_1_1_1	96.552	58	2	0	9293	9350	21674451	21674394	1.71e-16	97.1
ptg000006l_rc_rotated	ptg000008l_1_1_1	96.552	58	2	0	9272	9329	21674451	21674394	1.71e-16	97.1
ptg000006l_rc_rotated	ptg000008l_1_1_1	96.552	58	2	0	9168	9225	21674451	21674394	1.71e-16	97.1
ptg000006l_rc_rotated	ptg000008l_1_1_1	96.552	58	2	0	9147	9204	21674451	21674394	1.71e-16	97.1
ptg000006l_rc_rotated	ptg000008l_1_1_1	96.552	58	2	0	9126	9183	21674451	21674394	1.71e-16	97.1
ptg000006l_rc_rotated	ptg000008l_1_1_1	96.552	58	2	0	8980	9037	21674451	21674394	1.71e-16	97.1
ptg000006l_rc_rotated	ptg000008l_1_1_1	96.552	58	2	0	8876	8933	21674451	21674394	1.71e-16	97.1
ptg000006l_rc_rotated	ptg000008l_1_1_1	96.552	58	2	0	8855	8912	21674451	21674394	1.71e-16	97.1
ptg000006l_rc_rotated	ptg000008l_1_1_1	96.552	58	2	0	8834	8891	21674451	21674394	1.71e-16	97.1
ptg000006l_rc_rotated	ptg000008l_1_1_1	96.552	58	2	0	8730	8787	21674451	21674394	1.71e-16	97.1
ptg000006l_rc_rotated	ptg000008l_1_1_1	96.552	58	2	0	8709	8766	21674451	21674394	1.71e-16	97.1
ptg000006l_rc_rotated	ptg000008l_1_1_1	96.552	58	2	0	8688	8745	21674451	21674394	1.71e-16	97.1
ptg000006l_rc_rotated	ptg000008l_1_1_1	96.552	58	2	0	8542	8599	21674451	21674394	1.71e-16	97.1
ptg000006l_rc_rotated	ptg000008l_1_1_1	96.552	58	2	0	8292	8349	21674451	21674394	1.71e-16	97.1
ptg000006l_rc_rotated	ptg000008l_1_1_1	98.182	55	1	0	9008	9062	48128295	48128241	1.71e-16	97.1
ptg000006l_rc_rotated	ptg000008l_1_1_1	98.182	55	1	0	8570	8624	48128295	48128241	1.71e-16	97.1
ptg000006l_rc_rotated	ptg000008l_1_1_1	98.182	55	1	0	8403	8457	48128295	48128241	1.71e-16	97.1
ptg000006l_rc_rotated	ptg000008l_1_1_1	98.148	54	1	0	10190	10243	21674451	21674398	6.15e-16	95.3
ptg000006l_rc_rotated	ptg000008l_1_1_1	100.000	51	0	0	8432	8482	60072006	60071956	6.15e-16	95.3
ptg000006l_rc_rotated	ptg000008l_1_1_1	89.474	76	7	1	5416	5491	61029979	61029905	6.15e-16	95.3
ptg000006l_rc_rotated	ptg000008l_1_1_1	98.148	54	1	0	8380	8433	79560942	79560995	6.15e-16	95.3
ptg000006l_rc_rotated	ptg000008l_1_1_1	98.148	54	1	0	8818	8871	79560942	79560995	6.15e-16	95.3
ptg000006l_rc_rotated	ptg000008l_1_1_1	96.429	56	2	0	8524	8579	79560940	79560995	2.21e-15	93.5
ptg000006l_rc_rotated	ptg000008l_1_1_1	96.429	56	2	0	9108	9163	79560940	79560995	2.21e-15	93.5
ptg000006l_rc_rotated	ptg000008l_1_1_1	94.828	58	3	0	9022	9079	21674451	21674394	7.95e-15	91.6
ptg000006l_rc_rotated	ptg000008l_1_1_1	94.828	58	3	0	9001	9058	21674451	21674394	7.95e-15	91.6
ptg000006l_rc_rotated	ptg000008l_1_1_1	94.828	58	3	0	8563	8620	21674451	21674394	7.95e-15	91.6
ptg000006l_rc_rotated	ptg000008l_1_1_1	94.828	58	3	0	8417	8474	21674451	21674394	7.95e-15	91.6
ptg000006l_rc_rotated	ptg000008l_1_1_1	94.828	58	3	0	8396	8453	21674451	21674394	7.95e-15	91.6
ptg000006l_rc_rotated	ptg000008l_1_1_1	89.474	76	3	4	7936	8010	26994156	26994227	7.95e-15	91.6
ptg000006l_rc_rotated	ptg000008l_1_1_1	92.063	63	5	0	4745	4807	44745260	44745322	2.86e-14	89.8
ptg000006l_rc_rotated	ptg000008l_1_1_1	98.039	51	1	0	10184	10234	60072006	60071956	2.86e-14	89.8
ptg000006l_rc_rotated	ptg000008l_1_1_1	98.039	51	1	0	10163	10213	60072006	60071956	2.86e-14	89.8
ptg000006l_rc_rotated	ptg000008l_1_1_1	98.039	51	1	0	10142	10192	60072006	60071956	2.86e-14	89.8
ptg000006l_rc_rotated	ptg000008l_1_1_1	98.039	51	1	0	10038	10088	60072006	60071956	2.86e-14	89.8
ptg000006l_rc_rotated	ptg000008l_1_1_1	98.039	51	1	0	9892	9942	60072006	60071956	2.86e-14	89.8
ptg000006l_rc_rotated	ptg000008l_1_1_1	98.039	51	1	0	9871	9921	60072006	60071956	2.86e-14	89.8
ptg000006l_rc_rotated	ptg000008l_1_1_1	98.039	51	1	0	9850	9900	60072006	60071956	2.86e-14	89.8
ptg000006l_rc_rotated	ptg000008l_1_1_1	98.039	51	1	0	9746	9796	60072006	60071956	2.86e-14	89.8
ptg000006l_rc_rotated	ptg000008l_1_1_1	98.039	51	1	0	9725	9775	60072006	60071956	2.86e-14	89.8
ptg000006l_rc_rotated	ptg000008l_1_1_1	98.039	51	1	0	9704	9754	60072006	60071956	2.86e-14	89.8
ptg000006l_rc_rotated	ptg000008l_1_1_1	98.039	51	1	0	9600	9650	60072006	60071956	2.86e-14	89.8
ptg000006l_rc_rotated	ptg000008l_1_1_1	98.039	51	1	0	9454	9504	60072006	60071956	2.86e-14	89.8
ptg000006l_rc_rotated	ptg000008l_1_1_1	98.039	51	1	0	9433	9483	60072006	60071956	2.86e-14	89.8
ptg000006l_rc_rotated	ptg000008l_1_1_1	98.039	51	1	0	9412	9462	60072006	60071956	2.86e-14	89.8
ptg000006l_rc_rotated	ptg000008l_1_1_1	98.039	51	1	0	9308	9358	60072006	60071956	2.86e-14	89.8
ptg000006l_rc_rotated	ptg000008l_1_1_1	98.039	51	1	0	9287	9337	60072006	60071956	2.86e-14	89.8
ptg000006l_rc_rotated	ptg000008l_1_1_1	98.039	51	1	0	9266	9316	60072006	60071956	2.86e-14	89.8
ptg000006l_rc_rotated	ptg000008l_1_1_1	98.039	51	1	0	9162	9212	60072006	60071956	2.86e-14	89.8
ptg000006l_rc_rotated	ptg000008l_1_1_1	98.039	51	1	0	9141	9191	60072006	60071956	2.86e-14	89.8
ptg000006l_rc_rotated	ptg000008l_1_1_1	98.039	51	1	0	9120	9170	60072006	60071956	2.86e-14	89.8
ptg000006l_rc_rotated	ptg000008l_1_1_1	98.039	51	1	0	8995	9045	60072006	60071956	2.86e-14	89.8
ptg000006l_rc_rotated	ptg000008l_1_1_1	98.039	51	1	0	8974	9024	60072006	60071956	2.86e-14	89.8
ptg000006l_rc_rotated	ptg000008l_1_1_1	98.039	51	1	0	8870	8920	60072006	60071956	2.86e-14	89.8
ptg000006l_rc_rotated	ptg000008l_1_1_1	98.039	51	1	0	8849	8899	60072006	60071956	2.86e-14	89.8
ptg000006l_rc_rotated	ptg000008l_1_1_1	98.039	51	1	0	8828	8878	60072006	60071956	2.86e-14	89.8
ptg000006l_rc_rotated	ptg000008l_1_1_1	98.039	51	1	0	8724	8774	60072006	60071956	2.86e-14	89.8
ptg000006l_rc_rotated	ptg000008l_1_1_1	98.039	51	1	0	8703	8753	60072006	60071956	2.86e-14	89.8
ptg000006l_rc_rotated	ptg000008l_1_1_1	98.039	51	1	0	8682	8732	60072006	60071956	2.86e-14	89.8
ptg000006l_rc_rotated	ptg000008l_1_1_1	98.039	51	1	0	8557	8607	60072006	60071956	2.86e-14	89.8
ptg000006l_rc_rotated	ptg000008l_1_1_1	98.039	51	1	0	8536	8586	60072006	60071956	2.86e-14	89.8
ptg000006l_rc_rotated	ptg000008l_1_1_1	98.039	51	1	0	8390	8440	60072006	60071956	2.86e-14	89.8
ptg000006l_rc_rotated	ptg000008l_1_1_1	98.039	51	1	0	8286	8336	60072006	60071956	2.86e-14	89.8
ptg000006l_rc_rotated	ptg000008l_1_1_1	94.643	56	3	0	7934	7989	51493490	51493435	1.03e-13	87.9
ptg000006l_rc_rotated	ptg000008l_1_1_1	94.643	56	3	0	7579	7634	51493490	51493435	1.03e-13	87.9
ptg000006l_rc_rotated	ptg000008l_1_1_1	94.643	56	3	0	6399	6454	51493490	51493435	1.03e-13	87.9
ptg000006l_rc_rotated	ptg000008l_1_1_1	100.000	47	0	0	9006	9052	52526174	52526128	1.03e-13	87.9
ptg000006l_rc_rotated	ptg000008l_1_1_1	100.000	47	0	0	8568	8614	52526174	52526128	1.03e-13	87.9
ptg000006l_rc_rotated	ptg000008l_1_1_1	100.000	47	0	0	8401	8447	52526174	52526128	1.03e-13	87.9
ptg000006l_rc_rotated	ptg000008l_1_1_1	100.000	47	0	0	8817	8863	52526175	52526129	1.03e-13	87.9
ptg000006l_rc_rotated	ptg000008l_1_1_1	100.000	47	0	0	8379	8425	52526175	52526129	1.03e-13	87.9
ptg000006l_rc_rotated	ptg000008l_1_1_1	100.000	47	0	0	13098	13144	93045975	93046021	1.03e-13	87.9
ptg000006l_rc_rotated	ptg000008l_1_1_1	93.103	58	4	0	8584	8641	21674451	21674394	3.70e-13	86.1
ptg000006l_rc_rotated	ptg000008l_1_1_1	100.000	46	0	0	10195	10240	52526174	52526129	3.70e-13	86.1
ptg000006l_rc_rotated	ptg000008l_1_1_1	100.000	46	0	0	10174	10219	52526174	52526129	3.70e-13	86.1
ptg000006l_rc_rotated	ptg000008l_1_1_1	100.000	46	0	0	10153	10198	52526174	52526129	3.70e-13	86.1
ptg000006l_rc_rotated	ptg000008l_1_1_1	100.000	46	0	0	10132	10177	52526174	52526129	3.70e-13	86.1
ptg000006l_rc_rotated	ptg000008l_1_1_1	100.000	46	0	0	10049	10094	52526174	52526129	3.70e-13	86.1
ptg000006l_rc_rotated	ptg000008l_1_1_1	100.000	46	0	0	10028	10073	52526174	52526129	3.70e-13	86.1
ptg000006l_rc_rotated	ptg000008l_1_1_1	100.000	46	0	0	9903	9948	52526174	52526129	3.70e-13	86.1
ptg000006l_rc_rotated	ptg000008l_1_1_1	100.000	46	0	0	9882	9927	52526174	52526129	3.70e-13	86.1
ptg000006l_rc_rotated	ptg000008l_1_1_1	100.000	46	0	0	9861	9906	52526174	52526129	3.70e-13	86.1
ptg000006l_rc_rotated	ptg000008l_1_1_1	100.000	46	0	0	9840	9885	52526174	52526129	3.70e-13	86.1
ptg000006l_rc_rotated	ptg000008l_1_1_1	100.000	46	0	0	9757	9802	52526174	52526129	3.70e-13	86.1
ptg000006l_rc_rotated	ptg000008l_1_1_1	100.000	46	0	0	9736	9781	52526174	52526129	3.70e-13	86.1
ptg000006l_rc_rotated	ptg000008l_1_1_1	100.000	46	0	0	9715	9760	52526174	52526129	3.70e-13	86.1
ptg000006l_rc_rotated	ptg000008l_1_1_1	100.000	46	0	0	9694	9739	52526174	52526129	3.70e-13	86.1
ptg000006l_rc_rotated	ptg000008l_1_1_1	100.000	46	0	0	9611	9656	52526174	52526129	3.70e-13	86.1
ptg000006l_rc_rotated	ptg000008l_1_1_1	100.000	46	0	0	9590	9635	52526174	52526129	3.70e-13	86.1
ptg000006l_rc_rotated	ptg000008l_1_1_1	100.000	46	0	0	9465	9510	52526174	52526129	3.70e-13	86.1
ptg000006l_rc_rotated	ptg000008l_1_1_1	100.000	46	0	0	9444	9489	52526174	52526129	3.70e-13	86.1
ptg000006l_rc_rotated	ptg000008l_1_1_1	100.000	46	0	0	9423	9468	52526174	52526129	3.70e-13	86.1
ptg000006l_rc_rotated	ptg000008l_1_1_1	100.000	46	0	0	9402	9447	52526174	52526129	3.70e-13	86.1
ptg000006l_rc_rotated	ptg000008l_1_1_1	100.000	46	0	0	9319	9364	52526174	52526129	3.70e-13	86.1
ptg000006l_rc_rotated	ptg000008l_1_1_1	100.000	46	0	0	9298	9343	52526174	52526129	3.70e-13	86.1
ptg000006l_rc_rotated	ptg000008l_1_1_1	100.000	46	0	0	9277	9322	52526174	52526129	3.70e-13	86.1
ptg000006l_rc_rotated	ptg000008l_1_1_1	100.000	46	0	0	9256	9301	52526174	52526129	3.70e-13	86.1
ptg000006l_rc_rotated	ptg000008l_1_1_1	100.000	46	0	0	9173	9218	52526174	52526129	3.70e-13	86.1
ptg000006l_rc_rotated	ptg000008l_1_1_1	100.000	46	0	0	9152	9197	52526174	52526129	3.70e-13	86.1
ptg000006l_rc_rotated	ptg000008l_1_1_1	100.000	46	0	0	9131	9176	52526174	52526129	3.70e-13	86.1
ptg000006l_rc_rotated	ptg000008l_1_1_1	100.000	46	0	0	8985	9030	52526174	52526129	3.70e-13	86.1
ptg000006l_rc_rotated	ptg000008l_1_1_1	100.000	46	0	0	8964	9009	52526174	52526129	3.70e-13	86.1
ptg000006l_rc_rotated	ptg000008l_1_1_1	100.000	46	0	0	8881	8926	52526174	52526129	3.70e-13	86.1
ptg000006l_rc_rotated	ptg000008l_1_1_1	100.000	46	0	0	8860	8905	52526174	52526129	3.70e-13	86.1
ptg000006l_rc_rotated	ptg000008l_1_1_1	100.000	46	0	0	8839	8884	52526174	52526129	3.70e-13	86.1
ptg000006l_rc_rotated	ptg000008l_1_1_1	100.000	46	0	0	8735	8780	52526174	52526129	3.70e-13	86.1
ptg000006l_rc_rotated	ptg000008l_1_1_1	100.000	46	0	0	8714	8759	52526174	52526129	3.70e-13	86.1
ptg000006l_rc_rotated	ptg000008l_1_1_1	100.000	46	0	0	8693	8738	52526174	52526129	3.70e-13	86.1
ptg000006l_rc_rotated	ptg000008l_1_1_1	100.000	46	0	0	8672	8717	52526174	52526129	3.70e-13	86.1
ptg000006l_rc_rotated	ptg000008l_1_1_1	100.000	46	0	0	8547	8592	52526174	52526129	3.70e-13	86.1
ptg000006l_rc_rotated	ptg000008l_1_1_1	100.000	46	0	0	8297	8342	52526174	52526129	3.70e-13	86.1
ptg000006l_rc_rotated	ptg000008l_1_1_1	100.000	46	0	0	8276	8321	52526174	52526129	3.70e-13	86.1
ptg000006l_rc_rotated	ptg000008l_1_1_1	96.078	51	2	0	10017	10067	60072006	60071956	1.33e-12	84.2
ptg000006l_rc_rotated	ptg000008l_1_1_1	96.078	51	2	0	9579	9629	60072006	60071956	1.33e-12	84.2
ptg000006l_rc_rotated	ptg000008l_1_1_1	100.000	44	0	0	9037	9080	60072006	60071963	4.79e-12	82.4
ptg000006l_rc_rotated	ptg000008l_1_1_1	97.872	47	1	0	8408	8454	70310746	70310792	4.79e-12	82.4
ptg000006l_rc_rotated	ptg000008l_1_1_1	97.872	47	1	0	8575	8621	70310746	70310792	4.79e-12	82.4
ptg000006l_rc_rotated	ptg000008l_1_1_1	97.872	47	1	0	9013	9059	70310746	70310792	4.79e-12	82.4
ptg000006l_rc_rotated	ptg000008l_1_1_1	82.796	93	14	2	8321	8412	79560904	79560995	4.79e-12	82.4
ptg000006l_rc_rotated	ptg000008l_1_1_1	82.796	93	14	2	8759	8850	79560904	79560995	4.79e-12	82.4
ptg000006l_rc_rotated	ptg000008l_1_1_1	97.826	46	1	0	10007	10052	52526174	52526129	1.72e-11	80.5
ptg000006l_rc_rotated	ptg000008l_1_1_1	97.826	46	1	0	9986	10031	52526174	52526129	1.72e-11	80.5
ptg000006l_rc_rotated	ptg000008l_1_1_1	97.826	46	1	0	9569	9614	52526174	52526129	1.72e-11	80.5
ptg000006l_rc_rotated	ptg000008l_1_1_1	97.826	46	1	0	9548	9593	52526174	52526129	1.72e-11	80.5
ptg000006l_rc_rotated	ptg000008l_1_1_1	97.826	46	1	0	9110	9155	52526174	52526129	1.72e-11	80.5
ptg000006l_rc_rotated	ptg000008l_1_1_1	97.826	46	1	0	8526	8571	52526174	52526129	1.72e-11	80.5
ptg000006l_rc_rotated	ptg000008l_1_1_1	97.826	46	1	0	8443	8488	52526174	52526129	1.72e-11	80.5
ptg000006l_rc_rotated	ptg000008l_1_1_1	89.231	65	6	1	4630	4694	52798946	52798883	1.72e-11	80.5
ptg000006l_rc_rotated	ptg000008l_1_1_1	97.778	45	1	0	8271	8315	60072000	60071956	6.19e-11	78.7
ptg000006l_rc_rotated	ptg000008l_1_1_1	100.000	42	0	0	8524	8565	60071997	60071956	6.19e-11	78.7
ptg000006l_rc_rotated	ptg000008l_1_1_1	97.727	44	1	0	7934	7977	13467162	13467119	2.23e-10	76.8
ptg000006l_rc_rotated	ptg000008l_1_1_1	97.727	44	1	0	7579	7622	13467162	13467119	2.23e-10	76.8
ptg000006l_rc_rotated	ptg000008l_1_1_1	97.727	44	1	0	6399	6442	13467162	13467119	2.23e-10	76.8
ptg000006l_rc_rotated	ptg000008l_1_1_1	97.727	44	1	0	10059	10102	60072006	60071963	2.23e-10	76.8
ptg000006l_rc_rotated	ptg000008l_1_1_1	97.727	44	1	0	9913	9956	60072006	60071963	2.23e-10	76.8
ptg000006l_rc_rotated	ptg000008l_1_1_1	97.727	44	1	0	9767	9810	60072006	60071963	2.23e-10	76.8
ptg000006l_rc_rotated	ptg000008l_1_1_1	97.727	44	1	0	9621	9664	60072006	60071963	2.23e-10	76.8
ptg000006l_rc_rotated	ptg000008l_1_1_1	97.727	44	1	0	9475	9518	60072006	60071963	2.23e-10	76.8
ptg000006l_rc_rotated	ptg000008l_1_1_1	97.727	44	1	0	9329	9372	60072006	60071963	2.23e-10	76.8
ptg000006l_rc_rotated	ptg000008l_1_1_1	97.727	44	1	0	9183	9226	60072006	60071963	2.23e-10	76.8
ptg000006l_rc_rotated	ptg000008l_1_1_1	97.727	44	1	0	8891	8934	60072006	60071963	2.23e-10	76.8
ptg000006l_rc_rotated	ptg000008l_1_1_1	97.727	44	1	0	8745	8788	60072006	60071963	2.23e-10	76.8
ptg000006l_rc_rotated	ptg000008l_1_1_1	97.727	44	1	0	8599	8642	60072006	60071963	2.23e-10	76.8
ptg000006l_rc_rotated	ptg000008l_1_1_1	97.727	44	1	0	8453	8496	60072006	60071963	2.23e-10	76.8
ptg000006l_rc_rotated	ptg000008l_1_1_1	97.727	44	1	0	8307	8350	60072006	60071963	2.23e-10	76.8
ptg000006l_rc_rotated	ptg000008l_1_1_1	95.745	47	2	0	8283	8329	70310746	70310792	2.23e-10	76.8
ptg000006l_rc_rotated	ptg000008l_1_1_1	95.745	47	2	0	8304	8350	70310746	70310792	2.23e-10	76.8
ptg000006l_rc_rotated	ptg000008l_1_1_1	95.745	47	2	0	8387	8433	70310746	70310792	2.23e-10	76.8
ptg000006l_rc_rotated	ptg000008l_1_1_1	95.745	47	2	0	8450	8496	70310746	70310792	2.23e-10	76.8
ptg000006l_rc_rotated	ptg000008l_1_1_1	95.745	47	2	0	8533	8579	70310746	70310792	2.23e-10	76.8
ptg000006l_rc_rotated	ptg000008l_1_1_1	95.745	47	2	0	8554	8600	70310746	70310792	2.23e-10	76.8
ptg000006l_rc_rotated	ptg000008l_1_1_1	95.745	47	2	0	8679	8725	70310746	70310792	2.23e-10	76.8
ptg000006l_rc_rotated	ptg000008l_1_1_1	95.745	47	2	0	8700	8746	70310746	70310792	2.23e-10	76.8
ptg000006l_rc_rotated	ptg000008l_1_1_1	95.745	47	2	0	8721	8767	70310746	70310792	2.23e-10	76.8
ptg000006l_rc_rotated	ptg000008l_1_1_1	95.745	47	2	0	8742	8788	70310746	70310792	2.23e-10	76.8
ptg000006l_rc_rotated	ptg000008l_1_1_1	95.745	47	2	0	8825	8871	70310746	70310792	2.23e-10	76.8
ptg000006l_rc_rotated	ptg000008l_1_1_1	95.745	47	2	0	8846	8892	70310746	70310792	2.23e-10	76.8
ptg000006l_rc_rotated	ptg000008l_1_1_1	95.745	47	2	0	8867	8913	70310746	70310792	2.23e-10	76.8
ptg000006l_rc_rotated	ptg000008l_1_1_1	95.745	47	2	0	8888	8934	70310746	70310792	2.23e-10	76.8
ptg000006l_rc_rotated	ptg000008l_1_1_1	95.745	47	2	0	8971	9017	70310746	70310792	2.23e-10	76.8
ptg000006l_rc_rotated	ptg000008l_1_1_1	95.745	47	2	0	8992	9038	70310746	70310792	2.23e-10	76.8
ptg000006l_rc_rotated	ptg000008l_1_1_1	95.745	47	2	0	9117	9163	70310746	70310792	2.23e-10	76.8
ptg000006l_rc_rotated	ptg000008l_1_1_1	95.745	47	2	0	9138	9184	70310746	70310792	2.23e-10	76.8
ptg000006l_rc_rotated	ptg000008l_1_1_1	95.745	47	2	0	9159	9205	70310746	70310792	2.23e-10	76.8
ptg000006l_rc_rotated	ptg000008l_1_1_1	95.745	47	2	0	9180	9226	70310746	70310792	2.23e-10	76.8
ptg000006l_rc_rotated	ptg000008l_1_1_1	95.745	47	2	0	9263	9309	70310746	70310792	2.23e-10	76.8
ptg000006l_rc_rotated	ptg000008l_1_1_1	95.745	47	2	0	9284	9330	70310746	70310792	2.23e-10	76.8
ptg000006l_rc_rotated	ptg000008l_1_1_1	95.745	47	2	0	9305	9351	70310746	70310792	2.23e-10	76.8
ptg000006l_rc_rotated	ptg000008l_1_1_1	95.745	47	2	0	9326	9372	70310746	70310792	2.23e-10	76.8
ptg000006l_rc_rotated	ptg000008l_1_1_1	95.745	47	2	0	9409	9455	70310746	70310792	2.23e-10	76.8
ptg000006l_rc_rotated	ptg000008l_1_1_1	95.745	47	2	0	9430	9476	70310746	70310792	2.23e-10	76.8
ptg000006l_rc_rotated	ptg000008l_1_1_1	95.745	47	2	0	9451	9497	70310746	70310792	2.23e-10	76.8
ptg000006l_rc_rotated	ptg000008l_1_1_1	95.745	47	2	0	9472	9518	70310746	70310792	2.23e-10	76.8
ptg000006l_rc_rotated	ptg000008l_1_1_1	95.745	47	2	0	9597	9643	70310746	70310792	2.23e-10	76.8
ptg000006l_rc_rotated	ptg000008l_1_1_1	95.745	47	2	0	9618	9664	70310746	70310792	2.23e-10	76.8
ptg000006l_rc_rotated	ptg000008l_1_1_1	95.745	47	2	0	9701	9747	70310746	70310792	2.23e-10	76.8
ptg000006l_rc_rotated	ptg000008l_1_1_1	95.745	47	2	0	9722	9768	70310746	70310792	2.23e-10	76.8
ptg000006l_rc_rotated	ptg000008l_1_1_1	95.745	47	2	0	9743	9789	70310746	70310792	2.23e-10	76.8
ptg000006l_rc_rotated	ptg000008l_1_1_1	95.745	47	2	0	9764	9810	70310746	70310792	2.23e-10	76.8
ptg000006l_rc_rotated	ptg000008l_1_1_1	95.745	47	2	0	9847	9893	70310746	70310792	2.23e-10	76.8
ptg000006l_rc_rotated	ptg000008l_1_1_1	95.745	47	2	0	9868	9914	70310746	70310792	2.23e-10	76.8
ptg000006l_rc_rotated	ptg000008l_1_1_1	95.745	47	2	0	9889	9935	70310746	70310792	2.23e-10	76.8
ptg000006l_rc_rotated	ptg000008l_1_1_1	95.745	47	2	0	9910	9956	70310746	70310792	2.23e-10	76.8
ptg000006l_rc_rotated	ptg000008l_1_1_1	95.745	47	2	0	10035	10081	70310746	70310792	2.23e-10	76.8
ptg000006l_rc_rotated	ptg000008l_1_1_1	95.745	47	2	0	10056	10102	70310746	70310792	2.23e-10	76.8
ptg000006l_rc_rotated	ptg000008l_1_1_1	95.745	47	2	0	10139	10185	70310746	70310792	2.23e-10	76.8
ptg000006l_rc_rotated	ptg000008l_1_1_1	95.745	47	2	0	10160	10206	70310746	70310792	2.23e-10	76.8
ptg000006l_rc_rotated	ptg000008l_1_1_1	95.745	47	2	0	10181	10227	70310746	70310792	2.23e-10	76.8
ptg000006l_rc_rotated	ptg000008l_1_1_1	81.720	93	15	2	8905	8996	79560904	79560995	2.23e-10	76.8
ptg000006l_rc_rotated	ptg000008l_1_1_1	81.720	93	15	2	9197	9288	79560904	79560995	2.23e-10	76.8
ptg000006l_rc_rotated	ptg000008l_1_1_1	81.720	93	15	2	9343	9434	79560904	79560995	2.23e-10	76.8
ptg000006l_rc_rotated	ptg000008l_1_1_1	81.720	93	15	2	9489	9580	79560904	79560995	2.23e-10	76.8
ptg000006l_rc_rotated	ptg000008l_1_1_1	81.720	93	15	2	9635	9726	79560904	79560995	2.23e-10	76.8
ptg000006l_rc_rotated	ptg000008l_1_1_1	81.720	93	15	2	9781	9872	79560904	79560995	2.23e-10	76.8
ptg000006l_rc_rotated	ptg000008l_1_1_1	81.720	93	15	2	9927	10018	79560904	79560995	2.23e-10	76.8
ptg000006l_rc_rotated	ptg000008l_1_1_1	81.720	93	15	2	10073	10164	79560904	79560995	2.23e-10	76.8
ptg000006l_rc_rotated	ptg000008l_1_1_1	97.619	42	1	0	10130	10171	60071997	60071956	2.88e-09	73.1
ptg000006l_rc_rotated	ptg000008l_1_1_1	97.619	42	1	0	9838	9879	60071997	60071956	2.88e-09	73.1
ptg000006l_rc_rotated	ptg000008l_1_1_1	97.619	42	1	0	9692	9733	60071997	60071956	2.88e-09	73.1
ptg000006l_rc_rotated	ptg000008l_1_1_1	97.619	42	1	0	9400	9441	60071997	60071956	2.88e-09	73.1
ptg000006l_rc_rotated	ptg000008l_1_1_1	97.619	42	1	0	9254	9295	60071997	60071956	2.88e-09	73.1
ptg000006l_rc_rotated	ptg000008l_1_1_1	97.619	42	1	0	8962	9003	60071997	60071956	2.88e-09	73.1
ptg000006l_rc_rotated	ptg000008l_1_1_1	97.619	42	1	0	8670	8711	60071997	60071956	2.88e-09	73.1
ptg000006l_rc_rotated	ptg000008l_1_1_1	100.000	39	0	0	10202	10240	70310746	70310784	2.88e-09	73.1
ptg000006l_rc_rotated	ptg000008l_1_1_1	97.561	41	1	0	8271	8311	39327212	39327252	1.04e-08	71.3
ptg000006l_rc_rotated	ptg000008l_1_1_1	93.617	47	3	0	9555	9601	70310746	70310792	1.04e-08	71.3
ptg000006l_rc_rotated	ptg000008l_1_1_1	93.617	47	3	0	9576	9622	70310746	70310792	1.04e-08	71.3
ptg000006l_rc_rotated	ptg000008l_1_1_1	93.617	47	3	0	9993	10039	70310746	70310792	1.04e-08	71.3
ptg000006l_rc_rotated	ptg000008l_1_1_1	93.617	47	3	0	10014	10060	70310746	70310792	1.04e-08	71.3
ptg000006l_rc_rotated	ptg000008l_1_1_1	80.645	93	16	2	8467	8558	79560904	79560995	1.04e-08	71.3
ptg000006l_rc_rotated	ptg000008l_1_1_1	91.837	49	4	0	10065	10113	21674451	21674403	3.73e-08	69.4
ptg000006l_rc_rotated	ptg000008l_1_1_1	91.837	49	4	0	9919	9967	21674451	21674403	3.73e-08	69.4
ptg000006l_rc_rotated	ptg000008l_1_1_1	91.837	49	4	0	9773	9821	21674451	21674403	3.73e-08	69.4
ptg000006l_rc_rotated	ptg000008l_1_1_1	91.837	49	4	0	9627	9675	21674451	21674403	3.73e-08	69.4
ptg000006l_rc_rotated	ptg000008l_1_1_1	91.837	49	4	0	9481	9529	21674451	21674403	3.73e-08	69.4
ptg000006l_rc_rotated	ptg000008l_1_1_1	91.837	49	4	0	9335	9383	21674451	21674403	3.73e-08	69.4
ptg000006l_rc_rotated	ptg000008l_1_1_1	91.837	49	4	0	9189	9237	21674451	21674403	3.73e-08	69.4
ptg000006l_rc_rotated	ptg000008l_1_1_1	91.837	49	4	0	8897	8945	21674451	21674403	3.73e-08	69.4
ptg000006l_rc_rotated	ptg000008l_1_1_1	91.837	49	4	0	8751	8799	21674451	21674403	3.73e-08	69.4
ptg000006l_rc_rotated	ptg000008l_1_1_1	91.837	49	4	0	8459	8507	21674451	21674403	3.73e-08	69.4
ptg000006l_rc_rotated	ptg000008l_1_1_1	91.837	49	4	0	8313	8361	21674451	21674403	3.73e-08	69.4
ptg000006l_rc_rotated	ptg000008l_1_1_1	97.500	40	1	0	8818	8857	60071995	60071956	3.73e-08	69.4
ptg000006l_rc_rotated	ptg000008l_1_1_1	97.500	40	1	0	8380	8419	60071995	60071956	3.73e-08	69.4
ptg000006l_rc_rotated	ptg000008l_1_1_1	95.349	43	1	1	8425	8466	49653398	49653440	1.34e-07	67.6
ptg000006l_rc_rotated	ptg000008l_1_1_1	95.349	43	1	1	8592	8633	49653398	49653440	1.34e-07	67.6
ptg000006l_rc_rotated	ptg000008l_1_1_1	95.349	43	1	1	9030	9071	49653398	49653440	1.34e-07	67.6
ptg000006l_rc_rotated	ptg000008l_1_1_1	95.238	42	2	0	9984	10025	60071997	60071956	1.34e-07	67.6
ptg000006l_rc_rotated	ptg000008l_1_1_1	95.238	42	2	0	9546	9587	60071997	60071956	1.34e-07	67.6
ptg000006l_rc_rotated	ptg000008l_1_1_1	95.238	42	2	0	9108	9149	60071997	60071956	1.34e-07	67.6
ptg000006l_rc_rotated	ptg000008l_1_1_1	80.220	91	16	2	8615	8704	79560906	79560995	1.34e-07	67.6
ptg000006l_rc_rotated	ptg000008l_1_1_1	90.196	51	4	1	10070	10119	52526174	52526124	4.82e-07	65.8
ptg000006l_rc_rotated	ptg000008l_1_1_1	90.196	51	4	1	9924	9973	52526174	52526124	4.82e-07	65.8
ptg000006l_rc_rotated	ptg000008l_1_1_1	90.196	51	4	1	9778	9827	52526174	52526124	4.82e-07	65.8
ptg000006l_rc_rotated	ptg000008l_1_1_1	90.196	51	4	1	9632	9681	52526174	52526124	4.82e-07	65.8
ptg000006l_rc_rotated	ptg000008l_1_1_1	90.196	51	4	1	9486	9535	52526174	52526124	4.82e-07	65.8
ptg000006l_rc_rotated	ptg000008l_1_1_1	90.196	51	4	1	9340	9389	52526174	52526124	4.82e-07	65.8
ptg000006l_rc_rotated	ptg000008l_1_1_1	90.196	51	4	1	9194	9243	52526174	52526124	4.82e-07	65.8
ptg000006l_rc_rotated	ptg000008l_1_1_1	90.196	51	4	1	8902	8951	52526174	52526124	4.82e-07	65.8
ptg000006l_rc_rotated	ptg000008l_1_1_1	90.196	51	4	1	8756	8805	52526174	52526124	4.82e-07	65.8
ptg000006l_rc_rotated	ptg000008l_1_1_1	90.196	51	4	1	8464	8513	52526174	52526124	4.82e-07	65.8
ptg000006l_rc_rotated	ptg000008l_1_1_1	90.196	51	4	1	8318	8367	52526174	52526124	4.82e-07	65.8
ptg000006l_rc_rotated	ptg000008l_1_1_1	97.368	38	1	0	8271	8308	79560958	79560995	4.82e-07	65.8
ptg000006l_rc_rotated	ptg000008l_1_1_1	97.368	38	1	0	4770	4807	83046705	83046668	4.82e-07	65.8
ptg000006l_rc_rotated	ptg000008l_1_1_1	100.000	34	0	0	8609	8642	9495236	9495269	1.73e-06	63.9
ptg000006l_rc_rotated	ptg000008l_1_1_1	100.000	33	0	0	8423	8455	55811994	55812026	6.24e-06	62.1
ptg000006l_rc_rotated	ptg000008l_1_1_1	100.000	33	0	0	8590	8622	55811994	55812026	6.24e-06	62.1
ptg000006l_rc_rotated	ptg000008l_1_1_1	100.000	33	0	0	9028	9060	55811994	55812026	6.24e-06	62.1
ptg000006l_rc_rotated	ptg000008l_1_1_1	97.222	36	1	0	9028	9063	86492230	86492195	6.24e-06	62.1
ptg000006l_rc_rotated	ptg000008l_1_1_1	97.222	36	1	0	8590	8625	86492230	86492195	6.24e-06	62.1
ptg000006l_rc_rotated	ptg000008l_1_1_1	97.222	36	1	0	8423	8458	86492230	86492195	6.24e-06	62.1
ptg000006l_rc_rotated	ptg000008l_1_1_1	88.235	51	5	1	9048	9097	52526174	52526124	2.24e-05	60.2
ptg000006l_rc_rotated	ptg000008l_1_1_1	100.000	32	0	0	9023	9054	55811995	55811964	2.24e-05	60.2
ptg000006l_rc_rotated	ptg000008l_1_1_1	100.000	32	0	0	8585	8616	55811995	55811964	2.24e-05	60.2
ptg000006l_rc_rotated	ptg000008l_1_1_1	100.000	32	0	0	8418	8449	55811995	55811964	2.24e-05	60.2
ptg000006l_rc_rotated	ptg000008l_1_1_1	97.222	36	0	1	7814	7849	67840145	67840179	2.24e-05	60.2
ptg000006l_rc_rotated	ptg000008l_1_1_1	100.000	32	0	0	8611	8642	86492230	86492199	2.24e-05	60.2
ptg000006l_rc_rotated	ptg000008l_1_1_1	97.059	34	1	0	8421	8454	9495236	9495269	8.07e-05	58.4
ptg000006l_rc_rotated	ptg000008l_1_1_1	97.059	34	1	0	8588	8621	9495236	9495269	8.07e-05	58.4
ptg000006l_rc_rotated	ptg000008l_1_1_1	97.059	34	1	0	9026	9059	9495236	9495269	8.07e-05	58.4
ptg000006l_rc_rotated	ptg000008l_1_1_1	97.059	34	1	0	10211	10244	21674451	21674418	8.07e-05	58.4
ptg000006l_rc_rotated	ptg000008l_1_1_1	97.143	35	0	1	3967	4000	67840144	67840110	8.07e-05	58.4
ptg000006l_rc_rotated	ptg000008l_1_1_1	92.500	40	3	0	13244	13283	80033099	80033138	8.07e-05	58.4
ptg000006l_rc_rotated	ptg000008l_1_1_1	100.000	30	0	0	3472	3501	16613449	16613420	2.90e-04	56.5
ptg000006l_rc_rotated	ptg000008l_1_1_1	96.875	32	1	0	12979	13010	14476571	14476540	0.001	54.7
ptg000006l_rc_rotated	ptg000008l_1_1_1	100.000	29	0	0	338	366	36021651	36021623	0.001	54.7
ptg000006l_rc_rotated	ptg000008l_1_1_1	100.000	29	0	0	10216	10244	52526174	52526146	0.001	54.7
ptg000006l_rc_rotated	ptg000008l_1_1_1	96.875	32	1	0	10212	10243	55811995	55811964	0.001	54.7
ptg000006l_rc_rotated	ptg000008l_1_1_1	96.875	32	1	0	10191	10222	55811995	55811964	0.001	54.7
ptg000006l_rc_rotated	ptg000008l_1_1_1	96.875	32	1	0	10170	10201	55811995	55811964	0.001	54.7
ptg000006l_rc_rotated	ptg000008l_1_1_1	96.875	32	1	0	10149	10180	55811995	55811964	0.001	54.7
ptg000006l_rc_rotated	ptg000008l_1_1_1	96.875	32	1	0	10066	10097	55811995	55811964	0.001	54.7
ptg000006l_rc_rotated	ptg000008l_1_1_1	96.875	32	1	0	10045	10076	55811995	55811964	0.001	54.7
ptg000006l_rc_rotated	ptg000008l_1_1_1	96.875	32	1	0	10024	10055	55811995	55811964	0.001	54.7
ptg000006l_rc_rotated	ptg000008l_1_1_1	96.875	32	1	0	9920	9951	55811995	55811964	0.001	54.7
ptg000006l_rc_rotated	ptg000008l_1_1_1	96.875	32	1	0	9899	9930	55811995	55811964	0.001	54.7
ptg000006l_rc_rotated	ptg000008l_1_1_1	96.875	32	1	0	9878	9909	55811995	55811964	0.001	54.7
ptg000006l_rc_rotated	ptg000008l_1_1_1	96.875	32	1	0	9857	9888	55811995	55811964	0.001	54.7
ptg000006l_rc_rotated	ptg000008l_1_1_1	96.875	32	1	0	9774	9805	55811995	55811964	0.001	54.7
ptg000006l_rc_rotated	ptg000008l_1_1_1	96.875	32	1	0	9753	9784	55811995	55811964	0.001	54.7
ptg000006l_rc_rotated	ptg000008l_1_1_1	96.875	32	1	0	9732	9763	55811995	55811964	0.001	54.7
ptg000006l_rc_rotated	ptg000008l_1_1_1	96.875	32	1	0	9711	9742	55811995	55811964	0.001	54.7
ptg000006l_rc_rotated	ptg000008l_1_1_1	96.875	32	1	0	9628	9659	55811995	55811964	0.001	54.7
ptg000006l_rc_rotated	ptg000008l_1_1_1	96.875	32	1	0	9607	9638	55811995	55811964	0.001	54.7
ptg000006l_rc_rotated	ptg000008l_1_1_1	96.875	32	1	0	9586	9617	55811995	55811964	0.001	54.7
ptg000006l_rc_rotated	ptg000008l_1_1_1	96.875	32	1	0	9482	9513	55811995	55811964	0.001	54.7
ptg000006l_rc_rotated	ptg000008l_1_1_1	96.875	32	1	0	9461	9492	55811995	55811964	0.001	54.7
ptg000006l_rc_rotated	ptg000008l_1_1_1	96.875	32	1	0	9440	9471	55811995	55811964	0.001	54.7
ptg000006l_rc_rotated	ptg000008l_1_1_1	96.875	32	1	0	9419	9450	55811995	55811964	0.001	54.7
ptg000006l_rc_rotated	ptg000008l_1_1_1	96.875	32	1	0	9336	9367	55811995	55811964	0.001	54.7
ptg000006l_rc_rotated	ptg000008l_1_1_1	96.875	32	1	0	9315	9346	55811995	55811964	0.001	54.7
ptg000006l_rc_rotated	ptg000008l_1_1_1	96.875	32	1	0	9294	9325	55811995	55811964	0.001	54.7
ptg000006l_rc_rotated	ptg000008l_1_1_1	96.875	32	1	0	9273	9304	55811995	55811964	0.001	54.7
ptg000006l_rc_rotated	ptg000008l_1_1_1	96.875	32	1	0	9190	9221	55811995	55811964	0.001	54.7
ptg000006l_rc_rotated	ptg000008l_1_1_1	96.875	32	1	0	9169	9200	55811995	55811964	0.001	54.7
ptg000006l_rc_rotated	ptg000008l_1_1_1	96.875	32	1	0	9148	9179	55811995	55811964	0.001	54.7
ptg000006l_rc_rotated	ptg000008l_1_1_1	96.875	32	1	0	9127	9158	55811995	55811964	0.001	54.7
ptg000006l_rc_rotated	ptg000008l_1_1_1	96.875	32	1	0	9002	9033	55811995	55811964	0.001	54.7
ptg000006l_rc_rotated	ptg000008l_1_1_1	96.875	32	1	0	8981	9012	55811995	55811964	0.001	54.7
ptg000006l_rc_rotated	ptg000008l_1_1_1	96.875	32	1	0	8898	8929	55811995	55811964	0.001	54.7
ptg000006l_rc_rotated	ptg000008l_1_1_1	96.875	32	1	0	8877	8908	55811995	55811964	0.001	54.7
ptg000006l_rc_rotated	ptg000008l_1_1_1	96.875	32	1	0	8856	8887	55811995	55811964	0.001	54.7
ptg000006l_rc_rotated	ptg000008l_1_1_1	96.875	32	1	0	8835	8866	55811995	55811964	0.001	54.7
ptg000006l_rc_rotated	ptg000008l_1_1_1	96.875	32	1	0	8752	8783	55811995	55811964	0.001	54.7
ptg000006l_rc_rotated	ptg000008l_1_1_1	96.875	32	1	0	8731	8762	55811995	55811964	0.001	54.7
ptg000006l_rc_rotated	ptg000008l_1_1_1	96.875	32	1	0	8710	8741	55811995	55811964	0.001	54.7
ptg000006l_rc_rotated	ptg000008l_1_1_1	96.875	32	1	0	8689	8720	55811995	55811964	0.001	54.7
ptg000006l_rc_rotated	ptg000008l_1_1_1	96.875	32	1	0	8564	8595	55811995	55811964	0.001	54.7
ptg000006l_rc_rotated	ptg000008l_1_1_1	96.875	32	1	0	8543	8574	55811995	55811964	0.001	54.7
ptg000006l_rc_rotated	ptg000008l_1_1_1	96.875	32	1	0	8460	8491	55811995	55811964	0.001	54.7
ptg000006l_rc_rotated	ptg000008l_1_1_1	96.875	32	1	0	8397	8428	55811995	55811964	0.001	54.7
ptg000006l_rc_rotated	ptg000008l_1_1_1	96.875	32	1	0	8314	8345	55811995	55811964	0.001	54.7
ptg000006l_rc_rotated	ptg000008l_1_1_1	96.875	32	1	0	8293	8324	55811995	55811964	0.001	54.7
ptg000006l_rc_rotated	ptg000008l_1_1_1	96.875	32	1	0	8611	8642	55811994	55812025	0.001	54.7
ptg000006l_rc_rotated	ptg000011l_1_1_1	81.111	6263	1040	96	4	6216	8395424	8401593	0.0	4879
ptg000006l_rc_rotated	ptg000011l_1_1_1	81.862	4725	693	112	10634	15317	8388181	8392782	0.0	3827
ptg000006l_rc_rotated	ptg000011l_1_1_1	89.916	238	20	2	11355	11590	14502034	14502269	9.38e-79	303
ptg000006l_rc_rotated	ptg000011l_1_1_1	89.503	181	19	0	18366	18546	23213263	23213443	1.62e-56	230
ptg000006l_rc_rotated	ptg000011l_1_1_1	95.385	130	5	1	8380	8508	7575919	7575790	2.72e-49	206
ptg000006l_rc_rotated	ptg000011l_1_1_1	94.697	132	6	1	9838	9968	7575921	7575790	9.79e-49	204
ptg000006l_rc_rotated	ptg000011l_1_1_1	94.697	132	6	1	9692	9822	7575921	7575790	9.79e-49	204
ptg000006l_rc_rotated	ptg000011l_1_1_1	94.697	132	6	1	9400	9530	7575921	7575790	9.79e-49	204
ptg000006l_rc_rotated	ptg000011l_1_1_1	94.697	132	6	1	9254	9384	7575921	7575790	9.79e-49	204
ptg000006l_rc_rotated	ptg000011l_1_1_1	94.697	132	6	1	8670	8800	7575921	7575790	9.79e-49	204
ptg000006l_rc_rotated	ptg000011l_1_1_1	87.571	177	19	1	2314	2490	14869139	14869312	3.52e-48	202
ptg000006l_rc_rotated	ptg000011l_1_1_1	94.615	130	6	1	8818	8946	7575919	7575790	1.27e-47	200
ptg000006l_rc_rotated	ptg000011l_1_1_1	93.939	132	7	1	9984	10114	7575921	7575790	4.55e-47	198
ptg000006l_rc_rotated	ptg000011l_1_1_1	93.939	132	7	1	9546	9676	7575921	7575790	4.55e-47	198
ptg000006l_rc_rotated	ptg000011l_1_1_1	93.939	132	7	1	9108	9238	7575921	7575790	4.55e-47	198
ptg000006l_rc_rotated	ptg000011l_1_1_1	93.939	132	7	1	8962	9092	7575921	7575790	4.55e-47	198
ptg000006l_rc_rotated	ptg000011l_1_1_1	93.939	132	7	1	8524	8654	7575921	7575790	4.55e-47	198
ptg000006l_rc_rotated	ptg000011l_1_1_1	96.581	117	4	0	8526	8642	7575898	7575782	5.89e-46	195
ptg000006l_rc_rotated	ptg000011l_1_1_1	95.798	119	5	0	8816	8934	7575900	7575782	2.12e-45	193
ptg000006l_rc_rotated	ptg000011l_1_1_1	96.522	115	4	0	10130	10244	7575921	7575807	7.62e-45	191
ptg000006l_rc_rotated	ptg000011l_1_1_1	95.726	117	5	0	9840	9956	7575898	7575782	2.74e-44	189
ptg000006l_rc_rotated	ptg000011l_1_1_1	95.726	117	5	0	9694	9810	7575898	7575782	2.74e-44	189
ptg000006l_rc_rotated	ptg000011l_1_1_1	95.726	117	5	0	9402	9518	7575898	7575782	2.74e-44	189
ptg000006l_rc_rotated	ptg000011l_1_1_1	95.726	117	5	0	9256	9372	7575898	7575782	2.74e-44	189
ptg000006l_rc_rotated	ptg000011l_1_1_1	95.726	117	5	0	8672	8788	7575898	7575782	2.74e-44	189
ptg000006l_rc_rotated	ptg000011l_1_1_1	94.958	119	6	0	8378	8496	7575900	7575782	9.86e-44	187
ptg000006l_rc_rotated	ptg000011l_1_1_1	94.872	117	6	0	9986	10102	7575898	7575782	1.28e-42	183
ptg000006l_rc_rotated	ptg000011l_1_1_1	94.872	117	6	0	9548	9664	7575898	7575782	1.28e-42	183
ptg000006l_rc_rotated	ptg000011l_1_1_1	94.872	117	6	0	8964	9080	7575898	7575782	1.28e-42	183
ptg000006l_rc_rotated	ptg000011l_1_1_1	96.396	111	4	0	9116	9226	7575892	7575782	1.28e-42	183
ptg000006l_rc_rotated	ptg000011l_1_1_1	95.575	113	5	0	10132	10244	7575898	7575786	4.59e-42	182
ptg000006l_rc_rotated	ptg000011l_1_1_1	94.737	114	6	0	8978	9091	7575926	7575813	5.93e-41	178
ptg000006l_rc_rotated	ptg000011l_1_1_1	93.860	114	7	0	9854	9967	7575926	7575813	2.76e-39	172
ptg000006l_rc_rotated	ptg000011l_1_1_1	93.860	114	7	0	9708	9821	7575926	7575813	2.76e-39	172
ptg000006l_rc_rotated	ptg000011l_1_1_1	93.860	114	7	0	9416	9529	7575926	7575813	2.76e-39	172
ptg000006l_rc_rotated	ptg000011l_1_1_1	93.860	114	7	0	9270	9383	7575926	7575813	2.76e-39	172
ptg000006l_rc_rotated	ptg000011l_1_1_1	93.860	114	7	0	9124	9237	7575926	7575813	2.76e-39	172
ptg000006l_rc_rotated	ptg000011l_1_1_1	93.860	114	7	0	8832	8945	7575926	7575813	2.76e-39	172
ptg000006l_rc_rotated	ptg000011l_1_1_1	93.860	114	7	0	8686	8799	7575926	7575813	2.76e-39	172
ptg000006l_rc_rotated	ptg000011l_1_1_1	93.860	114	7	0	8540	8653	7575926	7575813	2.76e-39	172
ptg000006l_rc_rotated	ptg000011l_1_1_1	97.030	101	3	0	8962	9062	7575879	7575779	9.93e-39	171
ptg000006l_rc_rotated	ptg000011l_1_1_1	87.162	148	18	1	8624	8770	7575926	7575779	1.28e-37	167
ptg000006l_rc_rotated	ptg000011l_1_1_1	92.982	114	8	0	10000	10113	7575926	7575813	1.28e-37	167
ptg000006l_rc_rotated	ptg000011l_1_1_1	92.982	114	8	0	9562	9675	7575926	7575813	1.28e-37	167
ptg000006l_rc_rotated	ptg000011l_1_1_1	92.982	114	8	0	8394	8507	7575926	7575813	1.28e-37	167
ptg000006l_rc_rotated	ptg000011l_1_1_1	96.040	101	4	0	10130	10230	7575879	7575779	4.62e-37	165
ptg000006l_rc_rotated	ptg000011l_1_1_1	96.040	101	4	0	9838	9938	7575879	7575779	4.62e-37	165
ptg000006l_rc_rotated	ptg000011l_1_1_1	96.040	101	4	0	9692	9792	7575879	7575779	4.62e-37	165
ptg000006l_rc_rotated	ptg000011l_1_1_1	96.040	101	4	0	9400	9500	7575879	7575779	4.62e-37	165
ptg000006l_rc_rotated	ptg000011l_1_1_1	96.040	101	4	0	9254	9354	7575879	7575779	4.62e-37	165
ptg000006l_rc_rotated	ptg000011l_1_1_1	96.040	101	4	0	8524	8624	7575879	7575779	4.62e-37	165
ptg000006l_rc_rotated	ptg000011l_1_1_1	91.597	119	8	2	8816	8934	23163210	23163094	1.66e-36	163
ptg000006l_rc_rotated	ptg000011l_1_1_1	86.486	148	19	1	10042	10188	7575926	7575779	5.98e-36	161
ptg000006l_rc_rotated	ptg000011l_1_1_1	86.486	148	19	1	9750	9896	7575926	7575779	5.98e-36	161
ptg000006l_rc_rotated	ptg000011l_1_1_1	86.486	148	19	1	9604	9750	7575926	7575779	5.98e-36	161
ptg000006l_rc_rotated	ptg000011l_1_1_1	86.486	148	19	1	9312	9458	7575926	7575779	5.98e-36	161
ptg000006l_rc_rotated	ptg000011l_1_1_1	86.486	148	19	1	9166	9312	7575926	7575779	5.98e-36	161
ptg000006l_rc_rotated	ptg000011l_1_1_1	86.486	148	19	1	9020	9166	7575926	7575779	5.98e-36	161
ptg000006l_rc_rotated	ptg000011l_1_1_1	86.486	148	19	1	8874	9020	7575926	7575779	5.98e-36	161
ptg000006l_rc_rotated	ptg000011l_1_1_1	86.486	148	19	1	8603	8749	7575926	7575779	5.98e-36	161
ptg000006l_rc_rotated	ptg000011l_1_1_1	86.486	148	19	1	8582	8728	7575926	7575779	5.98e-36	161
ptg000006l_rc_rotated	ptg000011l_1_1_1	86.486	148	19	1	8436	8582	7575926	7575779	5.98e-36	161
ptg000006l_rc_rotated	ptg000011l_1_1_1	95.960	99	4	0	8818	8916	7575877	7575779	5.98e-36	161
ptg000006l_rc_rotated	ptg000011l_1_1_1	95.960	99	4	0	10146	10244	7575926	7575828	5.98e-36	161
ptg000006l_rc_rotated	ptg000011l_1_1_1	95.050	101	5	0	9984	10084	7575879	7575779	2.15e-35	159
ptg000006l_rc_rotated	ptg000011l_1_1_1	95.050	101	5	0	9546	9646	7575879	7575779	2.15e-35	159
ptg000006l_rc_rotated	ptg000011l_1_1_1	95.050	101	5	0	9108	9208	7575879	7575779	2.15e-35	159
ptg000006l_rc_rotated	ptg000011l_1_1_1	91.453	117	8	2	9840	9956	23163208	23163094	2.15e-35	159
ptg000006l_rc_rotated	ptg000011l_1_1_1	91.453	117	8	2	9694	9810	23163208	23163094	2.15e-35	159
ptg000006l_rc_rotated	ptg000011l_1_1_1	91.453	117	8	2	9402	9518	23163208	23163094	2.15e-35	159
ptg000006l_rc_rotated	ptg000011l_1_1_1	91.453	117	8	2	9256	9372	23163208	23163094	2.15e-35	159
ptg000006l_rc_rotated	ptg000011l_1_1_1	91.453	117	8	2	8672	8788	23163208	23163094	2.15e-35	159
ptg000006l_rc_rotated	ptg000011l_1_1_1	90.756	119	9	2	8378	8496	23163210	23163094	7.73e-35	158
ptg000006l_rc_rotated	ptg000011l_1_1_1	95.050	101	4	1	9126	9226	23163193	23163094	7.73e-35	158
ptg000006l_rc_rotated	ptg000011l_1_1_1	85.811	148	20	1	9896	10042	7575926	7575779	2.78e-34	156
ptg000006l_rc_rotated	ptg000011l_1_1_1	85.811	148	20	1	9458	9604	7575926	7575779	2.78e-34	156
ptg000006l_rc_rotated	ptg000011l_1_1_1	85.811	148	20	1	8728	8874	7575926	7575779	2.78e-34	156
ptg000006l_rc_rotated	ptg000011l_1_1_1	85.811	148	20	1	8457	8603	7575926	7575779	2.78e-34	156
ptg000006l_rc_rotated	ptg000011l_1_1_1	85.811	148	20	1	8290	8436	7575926	7575779	2.78e-34	156
ptg000006l_rc_rotated	ptg000011l_1_1_1	94.949	99	5	0	8380	8478	7575877	7575779	2.78e-34	156
ptg000006l_rc_rotated	ptg000011l_1_1_1	95.000	100	4	1	10130	10229	23163190	23163092	2.78e-34	156
ptg000006l_rc_rotated	ptg000011l_1_1_1	95.000	100	4	1	9838	9937	23163190	23163092	2.78e-34	156
ptg000006l_rc_rotated	ptg000011l_1_1_1	95.000	100	4	1	9692	9791	23163190	23163092	2.78e-34	156
ptg000006l_rc_rotated	ptg000011l_1_1_1	95.000	100	4	1	9400	9499	23163190	23163092	2.78e-34	156
ptg000006l_rc_rotated	ptg000011l_1_1_1	95.000	100	4	1	9254	9353	23163190	23163092	2.78e-34	156
ptg000006l_rc_rotated	ptg000011l_1_1_1	95.000	100	4	1	8670	8769	23163190	23163092	2.78e-34	156
ptg000006l_rc_rotated	ptg000011l_1_1_1	90.598	117	9	2	9986	10102	23163208	23163094	1.00e-33	154
ptg000006l_rc_rotated	ptg000011l_1_1_1	90.598	117	9	2	9548	9664	23163208	23163094	1.00e-33	154
ptg000006l_rc_rotated	ptg000011l_1_1_1	90.598	117	9	2	8964	9080	23163208	23163094	1.00e-33	154
ptg000006l_rc_rotated	ptg000011l_1_1_1	94.898	98	4	1	8818	8915	23163188	23163092	3.60e-33	152
ptg000006l_rc_rotated	ptg000011l_1_1_1	91.150	113	8	2	10132	10244	23163208	23163098	3.60e-33	152
ptg000006l_rc_rotated	ptg000011l_1_1_1	85.135	148	21	1	10063	10209	7575926	7575779	1.29e-32	150
ptg000006l_rc_rotated	ptg000011l_1_1_1	85.135	148	21	1	9875	10021	7575926	7575779	1.29e-32	150
ptg000006l_rc_rotated	ptg000011l_1_1_1	85.135	148	21	1	9771	9917	7575926	7575779	1.29e-32	150
ptg000006l_rc_rotated	ptg000011l_1_1_1	85.135	148	21	1	9729	9875	7575926	7575779	1.29e-32	150
ptg000006l_rc_rotated	ptg000011l_1_1_1	85.135	148	21	1	9625	9771	7575926	7575779	1.29e-32	150
ptg000006l_rc_rotated	ptg000011l_1_1_1	85.135	148	21	1	9437	9583	7575926	7575779	1.29e-32	150
ptg000006l_rc_rotated	ptg000011l_1_1_1	85.135	148	21	1	9333	9479	7575926	7575779	1.29e-32	150
ptg000006l_rc_rotated	ptg000011l_1_1_1	85.135	148	21	1	9291	9437	7575926	7575779	1.29e-32	150
ptg000006l_rc_rotated	ptg000011l_1_1_1	85.135	148	21	1	9187	9333	7575926	7575779	1.29e-32	150
ptg000006l_rc_rotated	ptg000011l_1_1_1	85.135	148	21	1	9145	9291	7575926	7575779	1.29e-32	150
ptg000006l_rc_rotated	ptg000011l_1_1_1	85.135	148	21	1	9041	9187	7575926	7575779	1.29e-32	150
ptg000006l_rc_rotated	ptg000011l_1_1_1	85.135	148	21	1	8895	9041	7575926	7575779	1.29e-32	150
ptg000006l_rc_rotated	ptg000011l_1_1_1	85.135	148	21	1	8853	8999	7575926	7575779	1.29e-32	150
ptg000006l_rc_rotated	ptg000011l_1_1_1	85.135	148	21	1	8561	8707	7575926	7575779	1.29e-32	150
ptg000006l_rc_rotated	ptg000011l_1_1_1	85.135	148	21	1	8415	8561	7575926	7575779	1.29e-32	150
ptg000006l_rc_rotated	ptg000011l_1_1_1	85.135	148	21	1	8311	8457	7575926	7575779	1.29e-32	150
ptg000006l_rc_rotated	ptg000011l_1_1_1	94.000	100	5	1	9984	10083	23163190	23163092	1.29e-32	150
ptg000006l_rc_rotated	ptg000011l_1_1_1	94.000	100	5	1	9546	9645	23163190	23163092	1.29e-32	150
ptg000006l_rc_rotated	ptg000011l_1_1_1	94.000	100	5	1	9108	9207	23163190	23163092	1.29e-32	150
ptg000006l_rc_rotated	ptg000011l_1_1_1	94.000	100	5	1	8962	9061	23163190	23163092	1.29e-32	150
ptg000006l_rc_rotated	ptg000011l_1_1_1	95.699	93	3	1	8271	8362	7575882	7575790	4.65e-32	148
ptg000006l_rc_rotated	ptg000011l_1_1_1	84.932	146	21	1	10023	10167	7575924	7575779	1.67e-31	147
ptg000006l_rc_rotated	ptg000011l_1_1_1	84.932	146	21	1	9585	9729	7575924	7575779	1.67e-31	147
ptg000006l_rc_rotated	ptg000011l_1_1_1	93.878	98	5	1	8380	8477	23163188	23163092	1.67e-31	147
ptg000006l_rc_rotated	ptg000011l_1_1_1	93.069	101	6	1	8542	8642	23163193	23163094	1.67e-31	147
ptg000006l_rc_rotated	ptg000011l_1_1_1	89.076	119	11	2	9995	10113	23163220	23163104	1.67e-31	147
ptg000006l_rc_rotated	ptg000011l_1_1_1	89.076	119	11	2	9557	9675	23163220	23163104	1.67e-31	147
ptg000006l_rc_rotated	ptg000011l_1_1_1	89.076	119	11	2	8389	8507	23163220	23163104	1.67e-31	147
ptg000006l_rc_rotated	ptg000011l_1_1_1	84.459	148	22	1	9917	10063	7575926	7575779	6.02e-31	145
ptg000006l_rc_rotated	ptg000011l_1_1_1	84.459	148	22	1	9479	9625	7575926	7575779	6.02e-31	145
ptg000006l_rc_rotated	ptg000011l_1_1_1	84.459	148	22	1	8749	8895	7575926	7575779	6.02e-31	145
ptg000006l_rc_rotated	ptg000011l_1_1_1	84.459	148	22	1	8707	8853	7575926	7575779	6.02e-31	145
ptg000006l_rc_rotated	ptg000011l_1_1_1	93.000	100	6	1	8524	8623	23163190	23163092	6.02e-31	145
ptg000006l_rc_rotated	ptg000011l_1_1_1	84.247	146	22	1	8271	8415	7575924	7575779	7.79e-30	141
ptg000006l_rc_rotated	ptg000011l_1_1_1	88.235	119	12	2	9849	9967	23163220	23163104	7.79e-30	141
ptg000006l_rc_rotated	ptg000011l_1_1_1	88.235	119	12	2	9703	9821	23163220	23163104	7.79e-30	141
ptg000006l_rc_rotated	ptg000011l_1_1_1	88.235	119	12	2	9411	9529	23163220	23163104	7.79e-30	141
ptg000006l_rc_rotated	ptg000011l_1_1_1	88.235	119	12	2	9265	9383	23163220	23163104	7.79e-30	141
ptg000006l_rc_rotated	ptg000011l_1_1_1	88.235	119	12	2	9119	9237	23163220	23163104	7.79e-30	141
ptg000006l_rc_rotated	ptg000011l_1_1_1	88.235	119	12	2	8827	8945	23163220	23163104	7.79e-30	141
ptg000006l_rc_rotated	ptg000011l_1_1_1	88.235	119	12	2	8681	8799	23163220	23163104	7.79e-30	141
ptg000006l_rc_rotated	ptg000011l_1_1_1	93.407	91	6	0	8271	8361	7575903	7575813	3.62e-28	135
ptg000006l_rc_rotated	ptg000011l_1_1_1	85.185	135	16	4	9891	10023	23163220	23163088	3.62e-28	135
ptg000006l_rc_rotated	ptg000011l_1_1_1	85.185	135	16	4	9453	9585	23163220	23163088	3.62e-28	135
ptg000006l_rc_rotated	ptg000011l_1_1_1	87.395	119	13	2	8973	9091	23163220	23163104	3.62e-28	135
ptg000006l_rc_rotated	ptg000011l_1_1_1	91.837	98	6	2	8994	9091	23163220	23163125	3.62e-28	135
ptg000006l_rc_rotated	ptg000011l_1_1_1	85.496	131	16	3	10037	10166	23163220	23163092	1.30e-27	134
ptg000006l_rc_rotated	ptg000011l_1_1_1	85.496	131	16	3	9745	9874	23163220	23163092	1.30e-27	134
ptg000006l_rc_rotated	ptg000011l_1_1_1	85.496	131	16	3	9599	9728	23163220	23163092	1.30e-27	134
ptg000006l_rc_rotated	ptg000011l_1_1_1	85.496	131	16	3	9307	9436	23163220	23163092	1.30e-27	134
ptg000006l_rc_rotated	ptg000011l_1_1_1	85.496	131	16	3	9161	9290	23163220	23163092	1.30e-27	134
ptg000006l_rc_rotated	ptg000011l_1_1_1	85.496	131	16	3	8869	8998	23163220	23163092	1.30e-27	134
ptg000006l_rc_rotated	ptg000011l_1_1_1	85.496	131	16	3	8577	8706	23163220	23163092	1.30e-27	134
ptg000006l_rc_rotated	ptg000011l_1_1_1	86.555	119	14	2	8535	8653	23163220	23163104	1.69e-26	130
ptg000006l_rc_rotated	ptg000011l_1_1_1	89.423	104	9	2	10141	10244	23163220	23163119	1.69e-26	130
ptg000006l_rc_rotated	ptg000011l_1_1_1	90.816	98	7	2	9870	9967	23163220	23163125	1.69e-26	130
ptg000006l_rc_rotated	ptg000011l_1_1_1	90.816	98	7	2	9724	9821	23163220	23163125	1.69e-26	130
ptg000006l_rc_rotated	ptg000011l_1_1_1	90.816	98	7	2	9432	9529	23163220	23163125	1.69e-26	130
ptg000006l_rc_rotated	ptg000011l_1_1_1	90.816	98	7	2	9286	9383	23163220	23163125	1.69e-26	130
ptg000006l_rc_rotated	ptg000011l_1_1_1	90.816	98	7	2	9140	9237	23163220	23163125	1.69e-26	130
ptg000006l_rc_rotated	ptg000011l_1_1_1	90.816	98	7	2	8848	8945	23163220	23163125	1.69e-26	130
ptg000006l_rc_rotated	ptg000011l_1_1_1	90.816	98	7	2	8702	8799	23163220	23163125	1.69e-26	130
ptg000006l_rc_rotated	ptg000011l_1_1_1	90.816	98	7	2	8556	8653	23163220	23163125	1.69e-26	130
ptg000006l_rc_rotated	ptg000011l_1_1_1	84.733	131	17	3	9933	10062	23163220	23163092	6.06e-26	128
ptg000006l_rc_rotated	ptg000011l_1_1_1	84.733	131	17	3	9495	9624	23163220	23163092	6.06e-26	128
ptg000006l_rc_rotated	ptg000011l_1_1_1	84.733	131	17	3	8723	8852	23163220	23163092	6.06e-26	128
ptg000006l_rc_rotated	ptg000011l_1_1_1	84.733	131	17	3	8473	8602	23163220	23163092	6.06e-26	128
ptg000006l_rc_rotated	ptg000011l_1_1_1	84.733	131	17	3	8285	8414	23163220	23163092	6.06e-26	128
ptg000006l_rc_rotated	ptg000011l_1_1_1	95.000	80	4	0	8271	8350	7575861	7575782	2.18e-25	126
ptg000006l_rc_rotated	ptg000011l_1_1_1	89.796	98	8	2	10016	10113	23163220	23163125	7.84e-25	124
ptg000006l_rc_rotated	ptg000011l_1_1_1	89.796	98	8	2	9578	9675	23163220	23163125	7.84e-25	124
ptg000006l_rc_rotated	ptg000011l_1_1_1	94.872	78	4	0	10167	10244	7575926	7575849	2.82e-24	122
ptg000006l_rc_rotated	ptg000011l_1_1_1	83.969	131	18	3	10079	10208	23163220	23163092	2.82e-24	122
ptg000006l_rc_rotated	ptg000011l_1_1_1	83.969	131	18	3	9787	9916	23163220	23163092	2.82e-24	122
ptg000006l_rc_rotated	ptg000011l_1_1_1	83.969	131	18	3	9641	9770	23163220	23163092	2.82e-24	122
ptg000006l_rc_rotated	ptg000011l_1_1_1	83.969	131	18	3	9349	9478	23163220	23163092	2.82e-24	122
ptg000006l_rc_rotated	ptg000011l_1_1_1	83.969	131	18	3	9203	9332	23163220	23163092	2.82e-24	122
ptg000006l_rc_rotated	ptg000011l_1_1_1	83.969	131	18	3	9015	9144	23163220	23163092	2.82e-24	122
ptg000006l_rc_rotated	ptg000011l_1_1_1	83.969	131	18	3	8911	9040	23163220	23163092	2.82e-24	122
ptg000006l_rc_rotated	ptg000011l_1_1_1	83.969	131	18	3	8431	8560	23163220	23163092	2.82e-24	122
ptg000006l_rc_rotated	ptg000011l_1_1_1	93.750	80	4	1	8271	8350	23163172	23163094	3.65e-23	119
ptg000006l_rc_rotated	ptg000011l_1_1_1	83.206	131	19	3	9057	9186	23163220	23163092	1.31e-22	117
ptg000006l_rc_rotated	ptg000011l_1_1_1	83.206	131	19	3	8765	8894	23163220	23163092	1.31e-22	117
ptg000006l_rc_rotated	ptg000011l_1_1_1	93.671	79	4	1	8670	8748	23163169	23163092	1.31e-22	117
ptg000006l_rc_rotated	ptg000011l_1_1_1	90.110	91	7	2	8271	8361	23163213	23163125	1.31e-22	117
ptg000006l_rc_rotated	ptg000011l_1_1_1	98.462	65	1	0	2330	2394	16750577	16750513	4.72e-22	115
ptg000006l_rc_rotated	ptg000011l_1_1_1	91.566	83	6	1	10162	10244	23163220	23163139	1.70e-21	113
ptg000006l_rc_rotated	ptg000011l_1_1_1	95.652	69	3	0	968	1036	4233609	4233677	6.10e-21	111
ptg000006l_rc_rotated	ptg000011l_1_1_1	82.443	131	20	3	8327	8456	23163220	23163092	6.10e-21	111
ptg000006l_rc_rotated	ptg000011l_1_1_1	94.286	70	4	0	11596	11665	24257479	24257410	7.90e-20	108
ptg000006l_rc_rotated	ptg000011l_1_1_1	81.679	131	21	3	10058	10187	23163220	23163092	2.84e-19	106
ptg000006l_rc_rotated	ptg000011l_1_1_1	81.679	131	21	3	9766	9895	23163220	23163092	2.84e-19	106
ptg000006l_rc_rotated	ptg000011l_1_1_1	81.679	131	21	3	9620	9749	23163220	23163092	2.84e-19	106
ptg000006l_rc_rotated	ptg000011l_1_1_1	81.679	131	21	3	9328	9457	23163220	23163092	2.84e-19	106
ptg000006l_rc_rotated	ptg000011l_1_1_1	81.679	131	21	3	9182	9311	23163220	23163092	2.84e-19	106
ptg000006l_rc_rotated	ptg000011l_1_1_1	81.679	131	21	3	8890	9019	23163220	23163092	2.84e-19	106
ptg000006l_rc_rotated	ptg000011l_1_1_1	80.916	131	22	3	8744	8873	23163220	23163092	1.32e-17	100
ptg000006l_rc_rotated	ptg000011l_1_1_1	80.916	131	22	3	8452	8581	23163220	23163092	1.32e-17	100
ptg000006l_rc_rotated	ptg000011l_1_1_1	80.916	131	22	3	8306	8435	23163220	23163092	1.32e-17	100
ptg000006l_rc_rotated	ptg000011l_1_1_1	95.161	62	3	0	8271	8332	7575840	7575779	4.75e-17	99.0
ptg000006l_rc_rotated	ptg000011l_1_1_1	80.153	131	23	3	9036	9165	23163220	23163092	6.15e-16	95.3
ptg000006l_rc_rotated	ptg000011l_1_1_1	80.153	131	23	3	8598	8727	23163220	23163092	6.15e-16	95.3
ptg000006l_rc_rotated	ptg000011l_1_1_1	93.443	61	3	1	8271	8331	23163151	23163092	2.86e-14	89.8
ptg000006l_rc_rotated	ptg000011l_1_1_1	100.000	46	0	0	8439	8484	3734427	3734382	3.70e-13	86.1
ptg000006l_rc_rotated	ptg000011l_1_1_1	100.000	44	0	0	8524	8567	3734425	3734382	4.79e-12	82.4
ptg000006l_rc_rotated	ptg000011l_1_1_1	97.826	46	1	0	10191	10236	3734427	3734382	1.72e-11	80.5
ptg000006l_rc_rotated	ptg000011l_1_1_1	97.826	46	1	0	10170	10215	3734427	3734382	1.72e-11	80.5
ptg000006l_rc_rotated	ptg000011l_1_1_1	97.826	46	1	0	10149	10194	3734427	3734382	1.72e-11	80.5
ptg000006l_rc_rotated	ptg000011l_1_1_1	97.826	46	1	0	10045	10090	3734427	3734382	1.72e-11	80.5
ptg000006l_rc_rotated	ptg000011l_1_1_1	97.826	46	1	0	10024	10069	3734427	3734382	1.72e-11	80.5
ptg000006l_rc_rotated	ptg000011l_1_1_1	97.826	46	1	0	9899	9944	3734427	3734382	1.72e-11	80.5
ptg000006l_rc_rotated	ptg000011l_1_1_1	97.826	46	1	0	9878	9923	3734427	3734382	1.72e-11	80.5
ptg000006l_rc_rotated	ptg000011l_1_1_1	97.826	46	1	0	9857	9902	3734427	3734382	1.72e-11	80.5
ptg000006l_rc_rotated	ptg000011l_1_1_1	97.826	46	1	0	9753	9798	3734427	3734382	1.72e-11	80.5
ptg000006l_rc_rotated	ptg000011l_1_1_1	97.826	46	1	0	9732	9777	3734427	3734382	1.72e-11	80.5
ptg000006l_rc_rotated	ptg000011l_1_1_1	97.826	46	1	0	9711	9756	3734427	3734382	1.72e-11	80.5
ptg000006l_rc_rotated	ptg000011l_1_1_1	97.826	46	1	0	9607	9652	3734427	3734382	1.72e-11	80.5
ptg000006l_rc_rotated	ptg000011l_1_1_1	97.826	46	1	0	9586	9631	3734427	3734382	1.72e-11	80.5
ptg000006l_rc_rotated	ptg000011l_1_1_1	97.826	46	1	0	9461	9506	3734427	3734382	1.72e-11	80.5
ptg000006l_rc_rotated	ptg000011l_1_1_1	97.826	46	1	0	9440	9485	3734427	3734382	1.72e-11	80.5
ptg000006l_rc_rotated	ptg000011l_1_1_1	97.826	46	1	0	9419	9464	3734427	3734382	1.72e-11	80.5
ptg000006l_rc_rotated	ptg000011l_1_1_1	97.826	46	1	0	9315	9360	3734427	3734382	1.72e-11	80.5
ptg000006l_rc_rotated	ptg000011l_1_1_1	97.826	46	1	0	9294	9339	3734427	3734382	1.72e-11	80.5
ptg000006l_rc_rotated	ptg000011l_1_1_1	97.826	46	1	0	9273	9318	3734427	3734382	1.72e-11	80.5
ptg000006l_rc_rotated	ptg000011l_1_1_1	97.826	46	1	0	9169	9214	3734427	3734382	1.72e-11	80.5
ptg000006l_rc_rotated	ptg000011l_1_1_1	97.826	46	1	0	9148	9193	3734427	3734382	1.72e-11	80.5
ptg000006l_rc_rotated	ptg000011l_1_1_1	97.826	46	1	0	9127	9172	3734427	3734382	1.72e-11	80.5
ptg000006l_rc_rotated	ptg000011l_1_1_1	97.826	46	1	0	9002	9047	3734427	3734382	1.72e-11	80.5
ptg000006l_rc_rotated	ptg000011l_1_1_1	97.826	46	1	0	8981	9026	3734427	3734382	1.72e-11	80.5
ptg000006l_rc_rotated	ptg000011l_1_1_1	97.826	46	1	0	8877	8922	3734427	3734382	1.72e-11	80.5
ptg000006l_rc_rotated	ptg000011l_1_1_1	97.826	46	1	0	8856	8901	3734427	3734382	1.72e-11	80.5
ptg000006l_rc_rotated	ptg000011l_1_1_1	97.826	46	1	0	8835	8880	3734427	3734382	1.72e-11	80.5
ptg000006l_rc_rotated	ptg000011l_1_1_1	97.826	46	1	0	8731	8776	3734427	3734382	1.72e-11	80.5
ptg000006l_rc_rotated	ptg000011l_1_1_1	97.826	46	1	0	8710	8755	3734427	3734382	1.72e-11	80.5
ptg000006l_rc_rotated	ptg000011l_1_1_1	97.826	46	1	0	8689	8734	3734427	3734382	1.72e-11	80.5
ptg000006l_rc_rotated	ptg000011l_1_1_1	97.826	46	1	0	8564	8609	3734427	3734382	1.72e-11	80.5
ptg000006l_rc_rotated	ptg000011l_1_1_1	97.826	46	1	0	8543	8588	3734427	3734382	1.72e-11	80.5
ptg000006l_rc_rotated	ptg000011l_1_1_1	97.826	46	1	0	8397	8442	3734427	3734382	1.72e-11	80.5
ptg000006l_rc_rotated	ptg000011l_1_1_1	97.826	46	1	0	8293	8338	3734427	3734382	1.72e-11	80.5
ptg000006l_rc_rotated	ptg000011l_1_1_1	97.826	46	1	0	8272	8317	3734427	3734382	1.72e-11	80.5
ptg000006l_rc_rotated	ptg000011l_1_1_1	95.833	48	2	0	989	1036	4379487	4379534	6.19e-11	78.7
ptg000006l_rc_rotated	ptg000011l_1_1_1	97.727	44	1	0	10130	10173	3734425	3734382	2.23e-10	76.8
ptg000006l_rc_rotated	ptg000011l_1_1_1	97.727	44	1	0	9838	9881	3734425	3734382	2.23e-10	76.8
ptg000006l_rc_rotated	ptg000011l_1_1_1	97.727	44	1	0	9692	9735	3734425	3734382	2.23e-10	76.8
ptg000006l_rc_rotated	ptg000011l_1_1_1	97.727	44	1	0	9400	9443	3734425	3734382	2.23e-10	76.8
ptg000006l_rc_rotated	ptg000011l_1_1_1	97.727	44	1	0	9254	9297	3734425	3734382	2.23e-10	76.8
ptg000006l_rc_rotated	ptg000011l_1_1_1	97.727	44	1	0	8962	9005	3734425	3734382	2.23e-10	76.8
ptg000006l_rc_rotated	ptg000011l_1_1_1	97.727	44	1	0	8670	8713	3734425	3734382	2.23e-10	76.8
ptg000006l_rc_rotated	ptg000011l_1_1_1	97.727	44	1	0	8422	8465	21391550	21391593	2.23e-10	76.8
ptg000006l_rc_rotated	ptg000011l_1_1_1	97.727	44	1	0	8589	8632	21391550	21391593	2.23e-10	76.8
ptg000006l_rc_rotated	ptg000011l_1_1_1	97.727	44	1	0	9027	9070	21391550	21391593	2.23e-10	76.8
ptg000006l_rc_rotated	ptg000011l_1_1_1	100.000	40	0	0	8271	8310	23163131	23163092	8.01e-10	75.0
ptg000006l_rc_rotated	ptg000011l_1_1_1	88.710	62	6	1	10183	10244	23163220	23163160	8.01e-10	75.0
ptg000006l_rc_rotated	ptg000011l_1_1_1	97.619	42	1	0	8818	8859	3734423	3734382	2.88e-09	73.1
ptg000006l_rc_rotated	ptg000011l_1_1_1	97.619	42	1	0	8380	8421	3734423	3734382	2.88e-09	73.1
ptg000006l_rc_rotated	ptg000011l_1_1_1	95.455	44	2	0	9984	10027	3734425	3734382	1.04e-08	71.3
ptg000006l_rc_rotated	ptg000011l_1_1_1	95.455	44	2	0	9546	9589	3734425	3734382	1.04e-08	71.3
ptg000006l_rc_rotated	ptg000011l_1_1_1	95.455	44	2	0	9108	9151	3734425	3734382	1.04e-08	71.3
ptg000006l_rc_rotated	ptg000011l_1_1_1	100.000	38	0	0	10021	10058	9577261	9577224	1.04e-08	71.3
ptg000006l_rc_rotated	ptg000011l_1_1_1	100.000	38	0	0	9583	9620	9577261	9577224	1.04e-08	71.3
ptg000006l_rc_rotated	ptg000011l_1_1_1	93.478	46	3	0	9044	9089	3734427	3734382	3.73e-08	69.4
ptg000006l_rc_rotated	ptg000011l_1_1_1	90.566	53	3	2	11989	12041	19867687	19867637	3.73e-08	69.4
ptg000006l_rc_rotated	ptg000011l_1_1_1	100.000	36	0	0	10190	10225	9577259	9577224	1.34e-07	67.6
ptg000006l_rc_rotated	ptg000011l_1_1_1	100.000	36	0	0	10169	10204	9577259	9577224	1.34e-07	67.6
ptg000006l_rc_rotated	ptg000011l_1_1_1	100.000	36	0	0	10148	10183	9577259	9577224	1.34e-07	67.6
ptg000006l_rc_rotated	ptg000011l_1_1_1	100.000	36	0	0	10065	10100	9577259	9577224	1.34e-07	67.6
ptg000006l_rc_rotated	ptg000011l_1_1_1	100.000	36	0	0	10044	10079	9577259	9577224	1.34e-07	67.6
ptg000006l_rc_rotated	ptg000011l_1_1_1	100.000	36	0	0	9919	9954	9577259	9577224	1.34e-07	67.6
ptg000006l_rc_rotated	ptg000011l_1_1_1	100.000	36	0	0	9898	9933	9577259	9577224	1.34e-07	67.6
ptg000006l_rc_rotated	ptg000011l_1_1_1	100.000	36	0	0	9877	9912	9577259	9577224	1.34e-07	67.6
ptg000006l_rc_rotated	ptg000011l_1_1_1	100.000	36	0	0	9856	9891	9577259	9577224	1.34e-07	67.6
ptg000006l_rc_rotated	ptg000011l_1_1_1	100.000	36	0	0	9773	9808	9577259	9577224	1.34e-07	67.6
ptg000006l_rc_rotated	ptg000011l_1_1_1	100.000	36	0	0	9752	9787	9577259	9577224	1.34e-07	67.6
ptg000006l_rc_rotated	ptg000011l_1_1_1	100.000	36	0	0	9731	9766	9577259	9577224	1.34e-07	67.6
ptg000006l_rc_rotated	ptg000011l_1_1_1	100.000	36	0	0	9710	9745	9577259	9577224	1.34e-07	67.6
ptg000006l_rc_rotated	ptg000011l_1_1_1	100.000	36	0	0	9627	9662	9577259	9577224	1.34e-07	67.6
ptg000006l_rc_rotated	ptg000011l_1_1_1	100.000	36	0	0	9606	9641	9577259	9577224	1.34e-07	67.6
ptg000006l_rc_rotated	ptg000011l_1_1_1	100.000	36	0	0	9481	9516	9577259	9577224	1.34e-07	67.6
ptg000006l_rc_rotated	ptg000011l_1_1_1	100.000	36	0	0	9460	9495	9577259	9577224	1.34e-07	67.6
ptg000006l_rc_rotated	ptg000011l_1_1_1	100.000	36	0	0	9439	9474	9577259	9577224	1.34e-07	67.6
ptg000006l_rc_rotated	ptg000011l_1_1_1	100.000	36	0	0	9418	9453	9577259	9577224	1.34e-07	67.6
ptg000006l_rc_rotated	ptg000011l_1_1_1	100.000	36	0	0	9335	9370	9577259	9577224	1.34e-07	67.6
ptg000006l_rc_rotated	ptg000011l_1_1_1	100.000	36	0	0	9314	9349	9577259	9577224	1.34e-07	67.6
ptg000006l_rc_rotated	ptg000011l_1_1_1	100.000	36	0	0	9293	9328	9577259	9577224	1.34e-07	67.6
ptg000006l_rc_rotated	ptg000011l_1_1_1	100.000	36	0	0	9272	9307	9577259	9577224	1.34e-07	67.6
ptg000006l_rc_rotated	ptg000011l_1_1_1	100.000	36	0	0	9189	9224	9577259	9577224	1.34e-07	67.6
ptg000006l_rc_rotated	ptg000011l_1_1_1	100.000	36	0	0	9168	9203	9577259	9577224	1.34e-07	67.6
ptg000006l_rc_rotated	ptg000011l_1_1_1	100.000	36	0	0	9147	9182	9577259	9577224	1.34e-07	67.6
ptg000006l_rc_rotated	ptg000011l_1_1_1	100.000	36	0	0	9126	9161	9577259	9577224	1.34e-07	67.6
ptg000006l_rc_rotated	ptg000011l_1_1_1	100.000	36	0	0	9001	9036	9577259	9577224	1.34e-07	67.6
ptg000006l_rc_rotated	ptg000011l_1_1_1	100.000	36	0	0	8980	9015	9577259	9577224	1.34e-07	67.6
ptg000006l_rc_rotated	ptg000011l_1_1_1	100.000	36	0	0	8897	8932	9577259	9577224	1.34e-07	67.6
ptg000006l_rc_rotated	ptg000011l_1_1_1	100.000	36	0	0	8876	8911	9577259	9577224	1.34e-07	67.6
ptg000006l_rc_rotated	ptg000011l_1_1_1	100.000	36	0	0	8855	8890	9577259	9577224	1.34e-07	67.6
ptg000006l_rc_rotated	ptg000011l_1_1_1	100.000	36	0	0	8834	8869	9577259	9577224	1.34e-07	67.6
ptg000006l_rc_rotated	ptg000011l_1_1_1	100.000	36	0	0	8751	8786	9577259	9577224	1.34e-07	67.6
ptg000006l_rc_rotated	ptg000011l_1_1_1	100.000	36	0	0	8730	8765	9577259	9577224	1.34e-07	67.6
ptg000006l_rc_rotated	ptg000011l_1_1_1	100.000	36	0	0	8709	8744	9577259	9577224	1.34e-07	67.6
ptg000006l_rc_rotated	ptg000011l_1_1_1	100.000	36	0	0	8688	8723	9577259	9577224	1.34e-07	67.6
ptg000006l_rc_rotated	ptg000011l_1_1_1	100.000	36	0	0	8563	8598	9577259	9577224	1.34e-07	67.6
ptg000006l_rc_rotated	ptg000011l_1_1_1	100.000	36	0	0	8542	8577	9577259	9577224	1.34e-07	67.6
ptg000006l_rc_rotated	ptg000011l_1_1_1	100.000	36	0	0	8459	8494	9577259	9577224	1.34e-07	67.6
ptg000006l_rc_rotated	ptg000011l_1_1_1	100.000	36	0	0	8396	8431	9577259	9577224	1.34e-07	67.6
ptg000006l_rc_rotated	ptg000011l_1_1_1	100.000	36	0	0	8313	8348	9577259	9577224	1.34e-07	67.6
ptg000006l_rc_rotated	ptg000011l_1_1_1	100.000	36	0	0	8292	8327	9577259	9577224	1.34e-07	67.6
ptg000006l_rc_rotated	ptg000011l_1_1_1	100.000	36	0	0	8271	8306	9577259	9577224	1.34e-07	67.6
ptg000006l_rc_rotated	ptg000011l_1_1_1	91.304	46	4	0	10066	10111	3734427	3734382	1.73e-06	63.9
ptg000006l_rc_rotated	ptg000011l_1_1_1	91.304	46	4	0	9920	9965	3734427	3734382	1.73e-06	63.9
ptg000006l_rc_rotated	ptg000011l_1_1_1	91.304	46	4	0	9774	9819	3734427	3734382	1.73e-06	63.9
ptg000006l_rc_rotated	ptg000011l_1_1_1	91.304	46	4	0	9628	9673	3734427	3734382	1.73e-06	63.9
ptg000006l_rc_rotated	ptg000011l_1_1_1	91.304	46	4	0	9482	9527	3734427	3734382	1.73e-06	63.9
ptg000006l_rc_rotated	ptg000011l_1_1_1	91.304	46	4	0	9336	9381	3734427	3734382	1.73e-06	63.9
ptg000006l_rc_rotated	ptg000011l_1_1_1	91.304	46	4	0	9190	9235	3734427	3734382	1.73e-06	63.9
ptg000006l_rc_rotated	ptg000011l_1_1_1	91.304	46	4	0	8898	8943	3734427	3734382	1.73e-06	63.9
ptg000006l_rc_rotated	ptg000011l_1_1_1	91.304	46	4	0	8752	8797	3734427	3734382	1.73e-06	63.9
ptg000006l_rc_rotated	ptg000011l_1_1_1	91.304	46	4	0	8606	8651	3734427	3734382	1.73e-06	63.9
ptg000006l_rc_rotated	ptg000011l_1_1_1	91.304	46	4	0	8460	8505	3734427	3734382	1.73e-06	63.9
ptg000006l_rc_rotated	ptg000011l_1_1_1	91.304	46	4	0	8314	8359	3734427	3734382	1.73e-06	63.9
ptg000006l_rc_rotated	ptg000011l_1_1_1	97.297	37	1	0	8417	8453	8477232	8477268	1.73e-06	63.9
ptg000006l_rc_rotated	ptg000011l_1_1_1	97.297	37	1	0	8584	8620	8477232	8477268	1.73e-06	63.9
ptg000006l_rc_rotated	ptg000011l_1_1_1	97.297	37	1	0	9022	9058	8477232	8477268	1.73e-06	63.9
ptg000006l_rc_rotated	ptg000011l_1_1_1	100.000	34	0	0	10211	10244	9577259	9577226	1.73e-06	63.9
ptg000006l_rc_rotated	ptg000011l_1_1_1	97.222	36	1	0	9022	9057	9577259	9577224	6.24e-06	62.1
ptg000006l_rc_rotated	ptg000011l_1_1_1	97.222	36	1	0	8584	8619	9577259	9577224	6.24e-06	62.1
ptg000006l_rc_rotated	ptg000011l_1_1_1	97.222	36	1	0	8417	8452	9577259	9577224	6.24e-06	62.1
ptg000006l_rc_rotated	ptg000011l_1_1_1	100.000	33	0	0	10130	10162	9577256	9577224	6.24e-06	62.1
ptg000006l_rc_rotated	ptg000011l_1_1_1	100.000	33	0	0	9984	10016	9577256	9577224	6.24e-06	62.1
ptg000006l_rc_rotated	ptg000011l_1_1_1	100.000	33	0	0	9838	9870	9577256	9577224	6.24e-06	62.1
ptg000006l_rc_rotated	ptg000011l_1_1_1	100.000	33	0	0	9692	9724	9577256	9577224	6.24e-06	62.1
ptg000006l_rc_rotated	ptg000011l_1_1_1	100.000	33	0	0	9546	9578	9577256	9577224	6.24e-06	62.1
ptg000006l_rc_rotated	ptg000011l_1_1_1	100.000	33	0	0	9400	9432	9577256	9577224	6.24e-06	62.1
ptg000006l_rc_rotated	ptg000011l_1_1_1	100.000	33	0	0	9254	9286	9577256	9577224	6.24e-06	62.1
ptg000006l_rc_rotated	ptg000011l_1_1_1	100.000	33	0	0	8962	8994	9577256	9577224	6.24e-06	62.1
ptg000006l_rc_rotated	ptg000011l_1_1_1	100.000	33	0	0	8670	8702	9577256	9577224	6.24e-06	62.1
ptg000006l_rc_rotated	ptg000011l_1_1_1	91.111	45	2	2	8610	8653	21391550	21391593	2.24e-05	60.2
ptg000006l_rc_rotated	ptg000011l_1_1_1	100.000	31	0	0	8818	8848	9577254	9577224	8.07e-05	58.4
ptg000006l_rc_rotated	ptg000011l_1_1_1	100.000	31	0	0	8380	8410	9577254	9577224	8.07e-05	58.4
ptg000006l_rc_rotated	ptg000011l_1_1_1	94.444	36	2	0	4961	4996	3253011	3252976	2.90e-04	56.5
ptg000006l_rc_rotated	ptg000003l_1_1_1	84.522	3282	347	96	10889	14135	83005484	83002329	0.0	3097
ptg000006l_rc_rotated	ptg000003l_1_1_1	76.985	1625	258	69	11582	13193	118964281	118962760	0.0	822
ptg000006l_rc_rotated	ptg000003l_1_1_1	85.765	562	77	3	2845	3405	104732315	104732874	1.79e-165	592
ptg000006l_rc_rotated	ptg000003l_1_1_1	95.356	323	14	1	10632	10954	103530085	103530406	1.43e-141	512
ptg000006l_rc_rotated	ptg000003l_1_1_1	76.313	1009	203	25	2045	3031	109035558	109036552	6.66e-140	507
ptg000006l_rc_rotated	ptg000003l_1_1_1	88.101	437	29	7	12505	12939	89297664	89297249	4.01e-137	497
ptg000006l_rc_rotated	ptg000003l_1_1_1	89.011	364	39	1	3598	3960	58934541	58934178	1.14e-122	449
ptg000006l_rc_rotated	ptg000003l_1_1_1	81.413	538	88	5	2971	3502	87062648	87063179	1.48e-116	429
ptg000006l_rc_rotated	ptg000003l_1_1_1	82.900	462	75	3	4164	4625	43750386	43749929	1.49e-111	412
ptg000006l_rc_rotated	ptg000003l_1_1_1	79.182	538	96	15	4839	5371	34523766	34523240	1.97e-95	359
ptg000006l_rc_rotated	ptg000003l_1_1_1	90.769	260	21	3	9698	9956	59862463	59862206	5.53e-91	344
ptg000006l_rc_rotated	ptg000003l_1_1_1	90.769	260	21	3	9260	9518	59862463	59862206	5.53e-91	344
ptg000006l_rc_rotated	ptg000003l_1_1_1	90.698	258	21	3	9116	9372	59862461	59862206	7.15e-90	340
ptg000006l_rc_rotated	ptg000003l_1_1_1	90.385	260	22	3	9844	10102	59862463	59862206	2.57e-89	339
ptg000006l_rc_rotated	ptg000003l_1_1_1	90.385	260	22	3	9552	9810	59862463	59862206	2.57e-89	339
ptg000006l_rc_rotated	ptg000003l_1_1_1	90.385	260	22	3	9406	9664	59862463	59862206	2.57e-89	339
ptg000006l_rc_rotated	ptg000003l_1_1_1	90.385	260	22	3	8822	9080	59862463	59862206	2.57e-89	339
ptg000006l_rc_rotated	ptg000003l_1_1_1	90.385	260	22	3	8676	8934	59862463	59862206	2.57e-89	339
ptg000006l_rc_rotated	ptg000003l_1_1_1	90.837	251	20	3	9838	10087	59862448	59862200	1.20e-87	333
ptg000006l_rc_rotated	ptg000003l_1_1_1	90.837	251	20	3	9400	9649	59862448	59862200	1.20e-87	333
ptg000006l_rc_rotated	ptg000003l_1_1_1	90.000	260	23	3	8968	9226	59862463	59862206	1.20e-87	333
ptg000006l_rc_rotated	ptg000003l_1_1_1	90.551	254	21	3	9990	10242	59862463	59862212	1.20e-87	333
ptg000006l_rc_rotated	ptg000003l_1_1_1	89.961	259	23	3	8531	8788	59862462	59862206	4.30e-87	331
ptg000006l_rc_rotated	ptg000003l_1_1_1	90.438	251	21	3	9692	9941	59862448	59862200	5.57e-86	327
ptg000006l_rc_rotated	ptg000003l_1_1_1	90.438	251	21	3	9254	9503	59862448	59862200	5.57e-86	327
ptg000006l_rc_rotated	ptg000003l_1_1_1	90.040	251	22	3	9984	10233	59862448	59862200	2.59e-84	322
ptg000006l_rc_rotated	ptg000003l_1_1_1	90.040	251	22	3	9546	9795	59862448	59862200	2.59e-84	322
ptg000006l_rc_rotated	ptg000003l_1_1_1	90.040	251	22	3	9108	9357	59862448	59862200	2.59e-84	322
ptg000006l_rc_rotated	ptg000003l_1_1_1	90.040	251	22	3	8670	8919	59862448	59862200	2.59e-84	322
ptg000006l_rc_rotated	ptg000003l_1_1_1	89.231	260	25	3	8384	8642	59862463	59862206	2.59e-84	322
ptg000006l_rc_rotated	ptg000003l_1_1_1	89.960	249	22	3	8818	9065	59862446	59862200	3.35e-83	318
ptg000006l_rc_rotated	ptg000003l_1_1_1	88.346	266	27	4	9615	9878	59862463	59862200	1.21e-82	316
ptg000006l_rc_rotated	ptg000003l_1_1_1	88.346	266	27	4	9177	9440	59862463	59862200	1.21e-82	316
ptg000006l_rc_rotated	ptg000003l_1_1_1	89.641	251	23	3	8962	9211	59862448	59862200	1.21e-82	316
ptg000006l_rc_rotated	ptg000003l_1_1_1	89.600	250	23	3	9719	9967	59862463	59862216	4.33e-82	315
ptg000006l_rc_rotated	ptg000003l_1_1_1	89.600	250	23	3	9281	9529	59862463	59862216	4.33e-82	315
ptg000006l_rc_rotated	ptg000003l_1_1_1	89.600	250	23	3	9135	9383	59862463	59862216	4.33e-82	315
ptg000006l_rc_rotated	ptg000003l_1_1_1	87.970	266	28	4	9907	10170	59862463	59862200	5.61e-81	311
ptg000006l_rc_rotated	ptg000003l_1_1_1	87.970	266	28	4	9761	10024	59862463	59862200	5.61e-81	311
ptg000006l_rc_rotated	ptg000003l_1_1_1	87.970	266	28	4	9469	9732	59862463	59862200	5.61e-81	311
ptg000006l_rc_rotated	ptg000003l_1_1_1	87.970	266	28	4	9323	9586	59862463	59862200	5.61e-81	311
ptg000006l_rc_rotated	ptg000003l_1_1_1	87.970	266	28	4	8739	9002	59862463	59862200	5.61e-81	311
ptg000006l_rc_rotated	ptg000003l_1_1_1	89.243	251	24	3	8524	8773	59862448	59862200	5.61e-81	311
ptg000006l_rc_rotated	ptg000003l_1_1_1	84.444	315	47	2	9751	10063	57129936	57129622	2.02e-80	309
ptg000006l_rc_rotated	ptg000003l_1_1_1	84.444	315	47	2	9313	9625	57129936	57129622	2.02e-80	309
ptg000006l_rc_rotated	ptg000003l_1_1_1	89.200	250	24	3	9865	10113	59862463	59862216	2.02e-80	309
ptg000006l_rc_rotated	ptg000003l_1_1_1	89.200	250	24	3	9573	9821	59862463	59862216	2.02e-80	309
ptg000006l_rc_rotated	ptg000003l_1_1_1	89.200	250	24	3	9427	9675	59862463	59862216	2.02e-80	309
ptg000006l_rc_rotated	ptg000003l_1_1_1	89.200	250	24	3	8843	9091	59862463	59862216	2.02e-80	309
ptg000006l_rc_rotated	ptg000003l_1_1_1	89.200	250	24	3	8697	8945	59862463	59862216	2.02e-80	309
ptg000006l_rc_rotated	ptg000003l_1_1_1	89.157	249	24	3	8380	8627	59862446	59862200	7.25e-80	307
ptg000006l_rc_rotated	ptg000003l_1_1_1	84.384	333	29	11	11573	11898	17661644	17661960	2.61e-79	305
ptg000006l_rc_rotated	ptg000003l_1_1_1	87.594	266	29	4	9031	9294	59862463	59862200	2.61e-79	305
ptg000006l_rc_rotated	ptg000003l_1_1_1	87.594	266	29	4	8885	9148	59862463	59862200	2.61e-79	305
ptg000006l_rc_rotated	ptg000003l_1_1_1	88.800	250	25	3	8989	9237	59862463	59862216	9.38e-79	303
ptg000006l_rc_rotated	ptg000003l_1_1_1	88.800	250	25	3	8551	8799	59862463	59862216	9.38e-79	303
ptg000006l_rc_rotated	ptg000003l_1_1_1	90.830	229	18	3	9740	9967	59862463	59862237	9.38e-79	303
ptg000006l_rc_rotated	ptg000003l_1_1_1	90.830	229	18	3	9594	9821	59862463	59862237	9.38e-79	303
ptg000006l_rc_rotated	ptg000003l_1_1_1	90.830	229	18	3	9302	9529	59862463	59862237	9.38e-79	303
ptg000006l_rc_rotated	ptg000003l_1_1_1	90.830	229	18	3	9156	9383	59862463	59862237	9.38e-79	303
ptg000006l_rc_rotated	ptg000003l_1_1_1	90.708	226	21	0	1502	1727	116233832	116234057	3.37e-78	302
ptg000006l_rc_rotated	ptg000003l_1_1_1	87.218	266	30	4	8593	8856	59862463	59862200	1.21e-77	300
ptg000006l_rc_rotated	ptg000003l_1_1_1	87.218	266	30	4	8301	8564	59862463	59862200	1.21e-77	300
ptg000006l_rc_rotated	ptg000003l_1_1_1	87.170	265	30	4	8448	8710	59862462	59862200	4.37e-77	298
ptg000006l_rc_rotated	ptg000003l_1_1_1	89.787	235	21	3	10011	10244	59862463	59862231	4.37e-77	298
ptg000006l_rc_rotated	ptg000003l_1_1_1	90.393	229	19	3	9886	10113	59862463	59862237	4.37e-77	298
ptg000006l_rc_rotated	ptg000003l_1_1_1	90.393	229	19	3	9448	9675	59862463	59862237	4.37e-77	298
ptg000006l_rc_rotated	ptg000003l_1_1_1	90.393	229	19	3	8864	9091	59862463	59862237	4.37e-77	298
ptg000006l_rc_rotated	ptg000003l_1_1_1	90.393	229	19	3	8718	8945	59862463	59862237	4.37e-77	298
ptg000006l_rc_rotated	ptg000003l_1_1_1	90.000	230	20	3	9838	10066	59862427	59862200	5.65e-76	294
ptg000006l_rc_rotated	ptg000003l_1_1_1	90.000	230	20	3	9400	9628	59862427	59862200	5.65e-76	294
ptg000006l_rc_rotated	ptg000003l_1_1_1	91.589	214	16	2	10032	10244	59862463	59862251	5.65e-76	294
ptg000006l_rc_rotated	ptg000003l_1_1_1	88.000	250	27	3	8405	8653	59862463	59862216	2.03e-75	292
ptg000006l_rc_rotated	ptg000003l_1_1_1	89.956	229	20	3	9010	9237	59862463	59862237	2.03e-75	292
ptg000006l_rc_rotated	ptg000003l_1_1_1	89.956	229	20	3	8572	8799	59862463	59862237	2.03e-75	292
ptg000006l_rc_rotated	ptg000003l_1_1_1	89.956	229	20	3	8280	8507	59862463	59862237	2.03e-75	292
ptg000006l_rc_rotated	ptg000003l_1_1_1	89.565	230	21	3	9984	10212	59862427	59862200	2.63e-74	289
ptg000006l_rc_rotated	ptg000003l_1_1_1	89.565	230	21	3	9692	9920	59862427	59862200	2.63e-74	289
ptg000006l_rc_rotated	ptg000003l_1_1_1	89.565	230	21	3	9546	9774	59862427	59862200	2.63e-74	289
ptg000006l_rc_rotated	ptg000003l_1_1_1	89.565	230	21	3	9254	9482	59862427	59862200	2.63e-74	289
ptg000006l_rc_rotated	ptg000003l_1_1_1	83.601	311	47	4	2152	2459	84806073	84806382	2.63e-74	289
ptg000006l_rc_rotated	ptg000003l_1_1_1	89.474	228	21	3	8818	9044	59862425	59862200	3.40e-73	285
ptg000006l_rc_rotated	ptg000003l_1_1_1	86.090	266	33	4	9636	9899	59862463	59862200	1.22e-72	283
ptg000006l_rc_rotated	ptg000003l_1_1_1	86.090	266	33	4	9198	9461	59862463	59862200	1.22e-72	283
ptg000006l_rc_rotated	ptg000003l_1_1_1	89.130	230	22	3	9108	9336	59862427	59862200	1.22e-72	283
ptg000006l_rc_rotated	ptg000003l_1_1_1	89.130	230	22	3	8670	8898	59862427	59862200	1.22e-72	283
ptg000006l_rc_rotated	ptg000003l_1_1_1	88.235	238	25	3	8271	8507	59862451	59862216	4.40e-72	281
ptg000006l_rc_rotated	ptg000003l_1_1_1	89.083	229	22	3	8426	8653	59862463	59862237	4.40e-72	281
ptg000006l_rc_rotated	ptg000003l_1_1_1	85.714	266	34	4	9928	10191	59862463	59862200	5.69e-71	278
ptg000006l_rc_rotated	ptg000003l_1_1_1	85.714	266	34	4	9782	10045	59862463	59862200	5.69e-71	278
ptg000006l_rc_rotated	ptg000003l_1_1_1	85.714	266	34	4	9490	9753	59862463	59862200	5.69e-71	278
ptg000006l_rc_rotated	ptg000003l_1_1_1	85.714	266	34	4	9344	9607	59862463	59862200	5.69e-71	278
ptg000006l_rc_rotated	ptg000003l_1_1_1	85.714	266	34	4	8760	9023	59862463	59862200	5.69e-71	278
ptg000006l_rc_rotated	ptg000003l_1_1_1	88.696	230	23	3	8962	9190	59862427	59862200	5.69e-71	278
ptg000006l_rc_rotated	ptg000003l_1_1_1	85.660	265	34	4	9053	9315	59862462	59862200	2.05e-70	276
ptg000006l_rc_rotated	ptg000003l_1_1_1	88.596	228	23	3	8380	8606	59862425	59862200	7.36e-70	274
ptg000006l_rc_rotated	ptg000003l_1_1_1	84.532	278	40	3	9838	10113	57129911	57129635	2.65e-69	272
ptg000006l_rc_rotated	ptg000003l_1_1_1	84.532	278	40	3	9546	9821	57129911	57129635	2.65e-69	272
ptg000006l_rc_rotated	ptg000003l_1_1_1	84.532	278	40	3	9400	9675	57129911	57129635	2.65e-69	272
ptg000006l_rc_rotated	ptg000003l_1_1_1	85.338	266	35	4	8906	9169	59862463	59862200	2.65e-69	272
ptg000006l_rc_rotated	ptg000003l_1_1_1	88.261	230	24	3	8524	8752	59862427	59862200	2.65e-69	272
ptg000006l_rc_rotated	ptg000003l_1_1_1	88.546	227	23	3	8271	8496	59862430	59862206	2.65e-69	272
ptg000006l_rc_rotated	ptg000003l_1_1_1	82.278	316	52	4	9563	9875	57129936	57129622	9.52e-69	270
ptg000006l_rc_rotated	ptg000003l_1_1_1	85.283	265	35	4	8615	8877	59862462	59862200	9.52e-69	270
ptg000006l_rc_rotated	ptg000003l_1_1_1	84.420	276	41	2	17109	17383	85106383	85106109	9.52e-69	270
ptg000006l_rc_rotated	ptg000003l_1_1_1	84.962	266	36	4	8468	8731	59862463	59862200	1.23e-67	267
ptg000006l_rc_rotated	ptg000003l_1_1_1	84.962	266	36	4	8322	8585	59862463	59862200	1.23e-67	267
ptg000006l_rc_rotated	ptg000003l_1_1_1	91.192	193	15	2	10053	10244	59862463	59862272	5.73e-66	261
ptg000006l_rc_rotated	ptg000003l_1_1_1	81.646	316	54	4	9918	10230	57129936	57129622	2.06e-65	259
ptg000006l_rc_rotated	ptg000003l_1_1_1	81.646	316	54	4	9480	9792	57129936	57129622	2.06e-65	259
ptg000006l_rc_rotated	ptg000003l_1_1_1	85.328	259	26	11	12510	12759	87341353	87341098	7.41e-65	257
ptg000006l_rc_rotated	ptg000003l_1_1_1	84.411	263	38	3	9984	10244	57129911	57129650	2.66e-64	255
ptg000006l_rc_rotated	ptg000003l_1_1_1	87.736	212	23	3	8271	8481	59862409	59862200	5.77e-61	244
ptg000006l_rc_rotated	ptg000003l_1_1_1	84.082	245	38	1	10001	10244	57129936	57129692	3.47e-58	235
ptg000006l_rc_rotated	ptg000003l_1_1_1	86.449	214	22	5	11986	12199	28871613	28871819	5.81e-56	228
ptg000006l_rc_rotated	ptg000003l_1_1_1	91.824	159	13	0	5751	5909	27139313	27139155	2.70e-54	222
ptg000006l_rc_rotated	ptg000003l_1_1_1	87.368	190	22	2	8272	8460	59862388	59862200	1.26e-52	217
ptg000006l_rc_rotated	ptg000003l_1_1_1	88.571	175	19	1	17083	17256	38316206	38316380	5.85e-51	211
ptg000006l_rc_rotated	ptg000003l_1_1_1	88.953	172	17	2	10074	10244	59862463	59862293	5.85e-51	211
ptg000006l_rc_rotated	ptg000003l_1_1_1	88.824	170	17	2	8271	8439	59862368	59862200	7.57e-50	207
ptg000006l_rc_rotated	ptg000003l_1_1_1	90.123	162	11	5	12559	12716	19919798	19919958	2.72e-49	206
ptg000006l_rc_rotated	ptg000003l_1_1_1	89.308	159	15	2	8480	8637	12552820	12552977	4.55e-47	198
ptg000006l_rc_rotated	ptg000003l_1_1_1	89.744	156	14	2	8918	9072	12552820	12552974	4.55e-47	198
ptg000006l_rc_rotated	ptg000003l_1_1_1	89.933	149	14	1	2498	2645	95142875	95142727	7.62e-45	191
ptg000006l_rc_rotated	ptg000003l_1_1_1	96.522	115	3	1	10130	10244	59862427	59862314	2.74e-44	189
ptg000006l_rc_rotated	ptg000003l_1_1_1	96.522	115	3	1	10130	10244	59862448	59862335	2.74e-44	189
ptg000006l_rc_rotated	ptg000003l_1_1_1	89.262	149	14	2	8271	8418	59862347	59862200	3.55e-43	185
ptg000006l_rc_rotated	ptg000003l_1_1_1	96.330	109	3	1	10136	10244	59862463	59862356	5.93e-41	178
ptg000006l_rc_rotated	ptg000003l_1_1_1	85.393	178	17	8	2441	2613	76612241	76612068	2.13e-40	176
ptg000006l_rc_rotated	ptg000003l_1_1_1	84.358	179	27	1	9486	9663	34337265	34337443	7.68e-40	174
ptg000006l_rc_rotated	ptg000003l_1_1_1	84.358	179	27	1	9924	10101	34337265	34337443	7.68e-40	174
ptg000006l_rc_rotated	ptg000003l_1_1_1	91.200	125	11	0	11319	11443	66742859	66742735	9.93e-39	171
ptg000006l_rc_rotated	ptg000003l_1_1_1	90.076	131	13	0	265	395	79333694	79333564	9.93e-39	171
ptg000006l_rc_rotated	ptg000003l_1_1_1	77.818	275	56	3	13458	13730	46749825	46750096	4.62e-37	165
ptg000006l_rc_rotated	ptg000003l_1_1_1	84.000	175	24	3	306	480	61762202	61762372	4.62e-37	165
ptg000006l_rc_rotated	ptg000003l_1_1_1	82.353	187	31	2	9423	9608	34337265	34337450	5.98e-36	161
ptg000006l_rc_rotated	ptg000003l_1_1_1	82.353	187	31	2	9465	9650	34337265	34337450	5.98e-36	161
ptg000006l_rc_rotated	ptg000003l_1_1_1	82.353	187	31	2	9861	10046	34337265	34337450	5.98e-36	161
ptg000006l_rc_rotated	ptg000003l_1_1_1	82.353	187	31	2	9903	10088	34337265	34337450	5.98e-36	161
ptg000006l_rc_rotated	ptg000003l_1_1_1	89.147	129	14	0	15620	15748	52092104	52092232	5.98e-36	161
ptg000006l_rc_rotated	ptg000003l_1_1_1	91.818	110	9	0	8971	9080	44030525	44030416	1.00e-33	154
ptg000006l_rc_rotated	ptg000003l_1_1_1	98.837	86	1	0	8520	8605	55790138	55790223	1.00e-33	154
ptg000006l_rc_rotated	ptg000003l_1_1_1	90.909	110	10	0	9847	9956	44030525	44030416	4.65e-32	148
ptg000006l_rc_rotated	ptg000003l_1_1_1	90.909	110	10	0	9701	9810	44030525	44030416	4.65e-32	148
ptg000006l_rc_rotated	ptg000003l_1_1_1	90.909	110	10	0	9409	9518	44030525	44030416	4.65e-32	148
ptg000006l_rc_rotated	ptg000003l_1_1_1	90.909	110	10	0	9263	9372	44030525	44030416	4.65e-32	148
ptg000006l_rc_rotated	ptg000003l_1_1_1	90.909	110	10	0	9117	9226	44030525	44030416	4.65e-32	148
ptg000006l_rc_rotated	ptg000003l_1_1_1	90.909	110	10	0	8825	8934	44030525	44030416	4.65e-32	148
ptg000006l_rc_rotated	ptg000003l_1_1_1	90.909	110	10	0	8679	8788	44030525	44030416	4.65e-32	148
ptg000006l_rc_rotated	ptg000003l_1_1_1	90.909	110	10	0	8533	8642	44030525	44030416	4.65e-32	148
ptg000006l_rc_rotated	ptg000003l_1_1_1	97.674	86	2	0	8374	8459	55790138	55790223	4.65e-32	148
ptg000006l_rc_rotated	ptg000003l_1_1_1	97.674	86	2	0	8666	8751	55790138	55790223	4.65e-32	148
ptg000006l_rc_rotated	ptg000003l_1_1_1	97.674	86	2	0	8958	9043	55790138	55790223	4.65e-32	148
ptg000006l_rc_rotated	ptg000003l_1_1_1	97.674	86	2	0	9250	9335	55790138	55790223	4.65e-32	148
ptg000006l_rc_rotated	ptg000003l_1_1_1	97.674	86	2	0	9396	9481	55790138	55790223	4.65e-32	148
ptg000006l_rc_rotated	ptg000003l_1_1_1	97.674	86	2	0	9688	9773	55790138	55790223	4.65e-32	148
ptg000006l_rc_rotated	ptg000003l_1_1_1	97.674	86	2	0	9834	9919	55790138	55790223	4.65e-32	148
ptg000006l_rc_rotated	ptg000003l_1_1_1	97.674	86	2	0	10126	10211	55790138	55790223	4.65e-32	148
ptg000006l_rc_rotated	ptg000003l_1_1_1	98.780	82	1	0	8545	8626	55790142	55790223	1.67e-31	147
ptg000006l_rc_rotated	ptg000003l_1_1_1	98.780	82	1	0	8983	9064	55790142	55790223	1.67e-31	147
ptg000006l_rc_rotated	ptg000003l_1_1_1	90.654	107	10	0	8547	8653	12552866	12552972	2.16e-30	143
ptg000006l_rc_rotated	ptg000003l_1_1_1	90.000	110	11	0	9993	10102	44030525	44030416	2.16e-30	143
ptg000006l_rc_rotated	ptg000003l_1_1_1	90.000	110	11	0	9555	9664	44030525	44030416	2.16e-30	143
ptg000006l_rc_rotated	ptg000003l_1_1_1	90.000	110	11	0	8387	8496	44030525	44030416	2.16e-30	143
ptg000006l_rc_rotated	ptg000003l_1_1_1	96.512	86	3	0	8812	8897	55790138	55790223	2.16e-30	143
ptg000006l_rc_rotated	ptg000003l_1_1_1	96.512	86	3	0	9104	9189	55790138	55790223	2.16e-30	143
ptg000006l_rc_rotated	ptg000003l_1_1_1	96.512	86	3	0	9542	9627	55790138	55790223	2.16e-30	143
ptg000006l_rc_rotated	ptg000003l_1_1_1	96.512	86	3	0	9980	10065	55790138	55790223	2.16e-30	143
ptg000006l_rc_rotated	ptg000003l_1_1_1	95.455	88	4	0	8380	8467	12552887	12552974	7.79e-30	141
ptg000006l_rc_rotated	ptg000003l_1_1_1	90.566	106	10	0	10139	10244	44030525	44030420	7.79e-30	141
ptg000006l_rc_rotated	ptg000003l_1_1_1	97.561	82	2	0	8691	8772	55790142	55790223	7.79e-30	141
ptg000006l_rc_rotated	ptg000003l_1_1_1	97.561	82	2	0	8837	8918	55790142	55790223	7.79e-30	141
ptg000006l_rc_rotated	ptg000003l_1_1_1	97.561	82	2	0	9129	9210	55790142	55790223	7.79e-30	141
ptg000006l_rc_rotated	ptg000003l_1_1_1	97.561	82	2	0	9275	9356	55790142	55790223	7.79e-30	141
ptg000006l_rc_rotated	ptg000003l_1_1_1	97.561	82	2	0	9421	9502	55790142	55790223	7.79e-30	141
ptg000006l_rc_rotated	ptg000003l_1_1_1	97.561	82	2	0	9713	9794	55790142	55790223	7.79e-30	141
ptg000006l_rc_rotated	ptg000003l_1_1_1	97.561	82	2	0	9859	9940	55790142	55790223	7.79e-30	141
ptg000006l_rc_rotated	ptg000003l_1_1_1	97.561	82	2	0	10151	10232	55790142	55790223	7.79e-30	141
ptg000006l_rc_rotated	ptg000003l_1_1_1	96.512	86	2	1	10157	10242	59862463	59862379	7.79e-30	141
ptg000006l_rc_rotated	ptg000003l_1_1_1	98.734	79	1	0	11323	11401	60998242	60998164	7.79e-30	141
ptg000006l_rc_rotated	ptg000003l_1_1_1	94.505	91	4	1	8271	8361	59862326	59862237	2.80e-29	139
ptg000006l_rc_rotated	ptg000003l_1_1_1	96.341	82	3	0	8399	8480	55790142	55790223	3.62e-28	135
ptg000006l_rc_rotated	ptg000003l_1_1_1	96.341	82	3	0	9567	9648	55790142	55790223	3.62e-28	135
ptg000006l_rc_rotated	ptg000003l_1_1_1	96.341	82	3	0	10005	10086	55790142	55790223	3.62e-28	135
ptg000006l_rc_rotated	ptg000003l_1_1_1	97.468	79	2	0	8990	9068	77491579	77491501	3.62e-28	135
ptg000006l_rc_rotated	ptg000003l_1_1_1	97.468	79	2	0	8552	8630	77491579	77491501	3.62e-28	135
ptg000006l_rc_rotated	ptg000003l_1_1_1	97.468	79	2	0	8385	8463	77491579	77491501	3.62e-28	135
ptg000006l_rc_rotated	ptg000003l_1_1_1	94.253	87	5	0	9578	9664	55790132	55790218	1.30e-27	134
ptg000006l_rc_rotated	ptg000003l_1_1_1	94.253	87	5	0	10016	10102	55790132	55790218	1.30e-27	134
ptg000006l_rc_rotated	ptg000003l_1_1_1	97.403	77	2	0	8274	8350	55790142	55790218	4.69e-27	132
ptg000006l_rc_rotated	ptg000003l_1_1_1	97.403	77	2	0	8566	8642	55790142	55790218	4.69e-27	132
ptg000006l_rc_rotated	ptg000003l_1_1_1	97.403	77	2	0	8712	8788	55790142	55790218	4.69e-27	132
ptg000006l_rc_rotated	ptg000003l_1_1_1	97.403	77	2	0	8858	8934	55790142	55790218	4.69e-27	132
ptg000006l_rc_rotated	ptg000003l_1_1_1	97.403	77	2	0	9150	9226	55790142	55790218	4.69e-27	132
ptg000006l_rc_rotated	ptg000003l_1_1_1	97.403	77	2	0	9296	9372	55790142	55790218	4.69e-27	132
ptg000006l_rc_rotated	ptg000003l_1_1_1	97.403	77	2	0	9442	9518	55790142	55790218	4.69e-27	132
ptg000006l_rc_rotated	ptg000003l_1_1_1	97.403	77	2	0	9734	9810	55790142	55790218	4.69e-27	132
ptg000006l_rc_rotated	ptg000003l_1_1_1	97.403	77	2	0	9880	9956	55790142	55790218	4.69e-27	132
ptg000006l_rc_rotated	ptg000003l_1_1_1	96.203	79	3	0	10158	10236	77491579	77491501	1.69e-26	130
ptg000006l_rc_rotated	ptg000003l_1_1_1	96.203	79	3	0	10137	10215	77491579	77491501	1.69e-26	130
ptg000006l_rc_rotated	ptg000003l_1_1_1	96.203	79	3	0	9866	9944	77491579	77491501	1.69e-26	130
ptg000006l_rc_rotated	ptg000003l_1_1_1	96.203	79	3	0	9845	9923	77491579	77491501	1.69e-26	130
ptg000006l_rc_rotated	ptg000003l_1_1_1	96.203	79	3	0	9720	9798	77491579	77491501	1.69e-26	130
ptg000006l_rc_rotated	ptg000003l_1_1_1	96.203	79	3	0	9699	9777	77491579	77491501	1.69e-26	130
ptg000006l_rc_rotated	ptg000003l_1_1_1	96.203	79	3	0	9428	9506	77491579	77491501	1.69e-26	130
ptg000006l_rc_rotated	ptg000003l_1_1_1	96.203	79	3	0	9407	9485	77491579	77491501	1.69e-26	130
ptg000006l_rc_rotated	ptg000003l_1_1_1	96.203	79	3	0	9282	9360	77491579	77491501	1.69e-26	130
ptg000006l_rc_rotated	ptg000003l_1_1_1	96.203	79	3	0	9261	9339	77491579	77491501	1.69e-26	130
ptg000006l_rc_rotated	ptg000003l_1_1_1	96.203	79	3	0	9136	9214	77491579	77491501	1.69e-26	130
ptg000006l_rc_rotated	ptg000003l_1_1_1	96.203	79	3	0	8969	9047	77491579	77491501	1.69e-26	130
ptg000006l_rc_rotated	ptg000003l_1_1_1	96.203	79	3	0	8844	8922	77491579	77491501	1.69e-26	130
ptg000006l_rc_rotated	ptg000003l_1_1_1	96.203	79	3	0	8823	8901	77491579	77491501	1.69e-26	130
ptg000006l_rc_rotated	ptg000003l_1_1_1	96.203	79	3	0	8698	8776	77491579	77491501	1.69e-26	130
ptg000006l_rc_rotated	ptg000003l_1_1_1	96.203	79	3	0	8677	8755	77491579	77491501	1.69e-26	130
ptg000006l_rc_rotated	ptg000003l_1_1_1	96.203	79	3	0	8531	8609	77491579	77491501	1.69e-26	130
ptg000006l_rc_rotated	ptg000003l_1_1_1	96.154	78	3	0	9116	9193	77491578	77491501	6.06e-26	128
ptg000006l_rc_rotated	ptg000003l_1_1_1	93.976	83	5	0	10089	10171	32641338	32641256	2.18e-25	126
ptg000006l_rc_rotated	ptg000003l_1_1_1	93.976	83	5	0	9797	9879	32641338	32641256	2.18e-25	126
ptg000006l_rc_rotated	ptg000003l_1_1_1	93.976	83	5	0	9651	9733	32641338	32641256	2.18e-25	126
ptg000006l_rc_rotated	ptg000003l_1_1_1	93.976	83	5	0	9359	9441	32641338	32641256	2.18e-25	126
ptg000006l_rc_rotated	ptg000003l_1_1_1	93.976	83	5	0	9213	9295	32641338	32641256	2.18e-25	126
ptg000006l_rc_rotated	ptg000003l_1_1_1	93.976	83	5	0	8921	9003	32641338	32641256	2.18e-25	126
ptg000006l_rc_rotated	ptg000003l_1_1_1	96.104	77	3	0	8420	8496	55790142	55790218	2.18e-25	126
ptg000006l_rc_rotated	ptg000003l_1_1_1	96.104	77	3	0	9004	9080	55790142	55790218	2.18e-25	126
ptg000006l_rc_rotated	ptg000003l_1_1_1	97.260	73	2	0	10172	10244	55790142	55790214	7.84e-25	124
ptg000006l_rc_rotated	ptg000003l_1_1_1	100.000	67	0	0	10178	10244	59862463	59862397	7.84e-25	124
ptg000006l_rc_rotated	ptg000003l_1_1_1	94.937	79	4	0	10012	10090	77491579	77491501	7.84e-25	124
ptg000006l_rc_rotated	ptg000003l_1_1_1	94.937	79	4	0	9991	10069	77491579	77491501	7.84e-25	124
ptg000006l_rc_rotated	ptg000003l_1_1_1	94.937	79	4	0	9574	9652	77491579	77491501	7.84e-25	124
ptg000006l_rc_rotated	ptg000003l_1_1_1	94.937	79	4	0	9553	9631	77491579	77491501	7.84e-25	124
ptg000006l_rc_rotated	ptg000003l_1_1_1	94.937	79	4	0	8406	8484	77491579	77491501	7.84e-25	124
ptg000006l_rc_rotated	ptg000003l_1_1_1	92.771	83	6	0	9943	10025	32641338	32641256	1.01e-23	121
ptg000006l_rc_rotated	ptg000003l_1_1_1	92.771	83	6	0	9505	9587	32641338	32641256	1.01e-23	121
ptg000006l_rc_rotated	ptg000003l_1_1_1	92.771	83	6	0	9067	9149	32641338	32641256	1.01e-23	121
ptg000006l_rc_rotated	ptg000003l_1_1_1	92.771	83	6	0	8775	8857	32641338	32641256	1.01e-23	121
ptg000006l_rc_rotated	ptg000003l_1_1_1	92.771	83	6	0	8483	8565	32641338	32641256	1.01e-23	121
ptg000006l_rc_rotated	ptg000003l_1_1_1	92.771	83	6	0	8337	8419	32641338	32641256	1.01e-23	121
ptg000006l_rc_rotated	ptg000003l_1_1_1	95.946	74	3	0	8638	8711	32641329	32641256	1.01e-23	121
ptg000006l_rc_rotated	ptg000003l_1_1_1	87.037	108	12	2	1575	1681	89315795	89315689	1.01e-23	121
ptg000006l_rc_rotated	ptg000003l_1_1_1	92.771	83	6	0	3456	3538	109839435	109839517	1.01e-23	121
ptg000006l_rc_rotated	ptg000003l_1_1_1	88.000	100	12	0	9868	9967	44030525	44030426	3.65e-23	119
ptg000006l_rc_rotated	ptg000003l_1_1_1	88.000	100	12	0	9722	9821	44030525	44030426	3.65e-23	119
ptg000006l_rc_rotated	ptg000003l_1_1_1	88.000	100	12	0	9430	9529	44030525	44030426	3.65e-23	119
ptg000006l_rc_rotated	ptg000003l_1_1_1	88.000	100	12	0	9284	9383	44030525	44030426	3.65e-23	119
ptg000006l_rc_rotated	ptg000003l_1_1_1	88.000	100	12	0	9138	9237	44030525	44030426	3.65e-23	119
ptg000006l_rc_rotated	ptg000003l_1_1_1	88.000	100	12	0	8846	8945	44030525	44030426	3.65e-23	119
ptg000006l_rc_rotated	ptg000003l_1_1_1	88.000	100	12	0	8700	8799	44030525	44030426	3.65e-23	119
ptg000006l_rc_rotated	ptg000003l_1_1_1	88.000	100	12	0	8554	8653	44030525	44030426	3.65e-23	119
ptg000006l_rc_rotated	ptg000003l_1_1_1	88.000	100	12	0	8408	8507	44030525	44030426	3.65e-23	119
ptg000006l_rc_rotated	ptg000003l_1_1_1	93.750	80	4	1	8271	8350	59862284	59862206	3.65e-23	119
ptg000006l_rc_rotated	ptg000003l_1_1_1	93.750	80	3	2	10033	10111	77491579	77491501	3.65e-23	119
ptg000006l_rc_rotated	ptg000003l_1_1_1	93.750	80	3	2	9887	9965	77491579	77491501	3.65e-23	119
ptg000006l_rc_rotated	ptg000003l_1_1_1	93.750	80	3	2	9741	9819	77491579	77491501	3.65e-23	119
ptg000006l_rc_rotated	ptg000003l_1_1_1	93.750	80	3	2	9595	9673	77491579	77491501	3.65e-23	119
ptg000006l_rc_rotated	ptg000003l_1_1_1	93.750	80	3	2	9449	9527	77491579	77491501	3.65e-23	119
ptg000006l_rc_rotated	ptg000003l_1_1_1	93.750	80	3	2	9303	9381	77491579	77491501	3.65e-23	119
ptg000006l_rc_rotated	ptg000003l_1_1_1	93.750	80	3	2	9157	9235	77491579	77491501	3.65e-23	119
ptg000006l_rc_rotated	ptg000003l_1_1_1	93.750	80	3	2	8865	8943	77491579	77491501	3.65e-23	119
ptg000006l_rc_rotated	ptg000003l_1_1_1	93.750	80	3	2	8719	8797	77491579	77491501	3.65e-23	119
ptg000006l_rc_rotated	ptg000003l_1_1_1	93.750	80	3	2	8573	8651	77491579	77491501	3.65e-23	119
ptg000006l_rc_rotated	ptg000003l_1_1_1	93.750	80	3	2	8281	8359	77491579	77491501	3.65e-23	119
ptg000006l_rc_rotated	ptg000003l_1_1_1	90.909	88	8	0	6026	6113	86320154	86320067	3.65e-23	119
ptg000006l_rc_rotated	ptg000003l_1_1_1	97.101	69	2	0	12610	12678	53460064	53459996	1.31e-22	117
ptg000006l_rc_rotated	ptg000003l_1_1_1	95.833	72	3	0	847	918	62963263	62963334	1.31e-22	117
ptg000006l_rc_rotated	ptg000003l_1_1_1	85.000	120	12	6	18228	18342	105415788	105415670	1.31e-22	117
ptg000006l_rc_rotated	ptg000003l_1_1_1	89.888	89	9	0	18528	18616	94293551	94293639	4.72e-22	115
ptg000006l_rc_rotated	ptg000003l_1_1_1	87.000	100	13	0	8992	9091	44030525	44030426	1.70e-21	113
ptg000006l_rc_rotated	ptg000003l_1_1_1	98.438	64	1	0	8271	8334	55790160	55790223	1.70e-21	113
ptg000006l_rc_rotated	ptg000003l_1_1_1	77.056	231	32	11	11053	11280	59067065	59067277	1.70e-21	113
ptg000006l_rc_rotated	ptg000003l_1_1_1	92.500	80	4	2	9011	9089	77491579	77491501	1.70e-21	113
ptg000006l_rc_rotated	ptg000003l_1_1_1	92.500	80	4	2	8427	8505	77491579	77491501	1.70e-21	113
ptg000006l_rc_rotated	ptg000003l_1_1_1	100.000	61	0	0	10179	10239	77491579	77491519	1.70e-21	113
ptg000006l_rc_rotated	ptg000003l_1_1_1	91.358	81	7	0	10160	10240	44030525	44030445	6.10e-21	111
ptg000006l_rc_rotated	ptg000003l_1_1_1	83.065	124	20	1	12539	12662	57231925	57231803	6.10e-21	111
ptg000006l_rc_rotated	ptg000003l_1_1_1	86.408	103	11	3	10065	10165	22868222	22868121	2.20e-20	110
ptg000006l_rc_rotated	ptg000003l_1_1_1	86.408	103	11	3	9919	10019	22868222	22868121	2.20e-20	110
ptg000006l_rc_rotated	ptg000003l_1_1_1	86.408	103	11	3	9773	9873	22868222	22868121	2.20e-20	110
ptg000006l_rc_rotated	ptg000003l_1_1_1	86.408	103	11	3	9627	9727	22868222	22868121	2.20e-20	110
ptg000006l_rc_rotated	ptg000003l_1_1_1	86.408	103	11	3	9481	9581	22868222	22868121	2.20e-20	110
ptg000006l_rc_rotated	ptg000003l_1_1_1	86.408	103	11	3	9335	9435	22868222	22868121	2.20e-20	110
ptg000006l_rc_rotated	ptg000003l_1_1_1	86.408	103	11	3	9189	9289	22868222	22868121	2.20e-20	110
ptg000006l_rc_rotated	ptg000003l_1_1_1	86.408	103	11	3	8897	8997	22868222	22868121	2.20e-20	110
ptg000006l_rc_rotated	ptg000003l_1_1_1	86.275	102	12	2	8396	8496	22868222	22868122	2.20e-20	110
ptg000006l_rc_rotated	ptg000003l_1_1_1	95.588	68	3	0	8271	8338	77491568	77491501	2.20e-20	110
ptg000006l_rc_rotated	ptg000003l_1_1_1	95.522	67	3	0	8441	8507	55790142	55790208	7.90e-20	108
ptg000006l_rc_rotated	ptg000003l_1_1_1	98.361	61	1	0	8670	8730	55790163	55790223	7.90e-20	108
ptg000006l_rc_rotated	ptg000003l_1_1_1	98.361	61	1	0	8962	9022	55790163	55790223	7.90e-20	108
ptg000006l_rc_rotated	ptg000003l_1_1_1	98.361	61	1	0	9254	9314	55790163	55790223	7.90e-20	108
ptg000006l_rc_rotated	ptg000003l_1_1_1	98.361	61	1	0	9400	9460	55790163	55790223	7.90e-20	108
ptg000006l_rc_rotated	ptg000003l_1_1_1	98.361	61	1	0	9692	9752	55790163	55790223	7.90e-20	108
ptg000006l_rc_rotated	ptg000003l_1_1_1	98.361	61	1	0	9838	9898	55790163	55790223	7.90e-20	108
ptg000006l_rc_rotated	ptg000003l_1_1_1	98.361	61	1	0	10130	10190	55790163	55790223	7.90e-20	108
ptg000006l_rc_rotated	ptg000003l_1_1_1	88.043	92	10	1	4754	4844	111960701	111960792	7.90e-20	108
ptg000006l_rc_rotated	ptg000003l_1_1_1	85.437	103	12	3	8751	8851	22868222	22868121	1.02e-18	104
ptg000006l_rc_rotated	ptg000003l_1_1_1	85.437	103	12	3	8459	8559	22868222	22868121	1.02e-18	104
ptg000006l_rc_rotated	ptg000003l_1_1_1	85.437	103	12	3	8313	8413	22868222	22868121	1.02e-18	104
ptg000006l_rc_rotated	ptg000003l_1_1_1	85.859	99	13	1	10130	10228	22868218	22868121	1.02e-18	104
ptg000006l_rc_rotated	ptg000003l_1_1_1	85.859	99	13	1	9984	10082	22868218	22868121	1.02e-18	104
ptg000006l_rc_rotated	ptg000003l_1_1_1	85.859	99	13	1	9838	9936	22868218	22868121	1.02e-18	104
ptg000006l_rc_rotated	ptg000003l_1_1_1	85.859	99	13	1	9692	9790	22868218	22868121	1.02e-18	104
ptg000006l_rc_rotated	ptg000003l_1_1_1	85.859	99	13	1	9546	9644	22868218	22868121	1.02e-18	104
ptg000006l_rc_rotated	ptg000003l_1_1_1	85.859	99	13	1	9400	9498	22868218	22868121	1.02e-18	104
ptg000006l_rc_rotated	ptg000003l_1_1_1	85.859	99	13	1	9254	9352	22868218	22868121	1.02e-18	104
ptg000006l_rc_rotated	ptg000003l_1_1_1	85.859	99	13	1	8670	8768	22868218	22868121	1.02e-18	104
ptg000006l_rc_rotated	ptg000003l_1_1_1	85.294	102	13	2	9856	9956	22868222	22868122	1.02e-18	104
ptg000006l_rc_rotated	ptg000003l_1_1_1	85.294	102	13	2	9710	9810	22868222	22868122	1.02e-18	104
ptg000006l_rc_rotated	ptg000003l_1_1_1	85.294	102	13	2	9418	9518	22868222	22868122	1.02e-18	104
ptg000006l_rc_rotated	ptg000003l_1_1_1	85.294	102	13	2	9272	9372	22868222	22868122	1.02e-18	104
ptg000006l_rc_rotated	ptg000003l_1_1_1	85.294	102	13	2	9126	9226	22868222	22868122	1.02e-18	104
ptg000006l_rc_rotated	ptg000003l_1_1_1	85.294	102	13	2	8834	8934	22868222	22868122	1.02e-18	104
ptg000006l_rc_rotated	ptg000003l_1_1_1	85.294	102	13	2	8688	8788	22868222	22868122	1.02e-18	104
ptg000006l_rc_rotated	ptg000003l_1_1_1	100.000	56	0	0	8279	8334	35825002	35825057	1.02e-18	104
ptg000006l_rc_rotated	ptg000003l_1_1_1	100.000	56	0	0	8383	8438	35825002	35825057	1.02e-18	104
ptg000006l_rc_rotated	ptg000003l_1_1_1	100.000	56	0	0	8550	8605	35825002	35825057	1.02e-18	104
ptg000006l_rc_rotated	ptg000003l_1_1_1	100.000	56	0	0	8675	8730	35825002	35825057	1.02e-18	104
ptg000006l_rc_rotated	ptg000003l_1_1_1	100.000	56	0	0	8696	8751	35825002	35825057	1.02e-18	104
ptg000006l_rc_rotated	ptg000003l_1_1_1	100.000	56	0	0	8717	8772	35825002	35825057	1.02e-18	104
ptg000006l_rc_rotated	ptg000003l_1_1_1	100.000	56	0	0	8821	8876	35825002	35825057	1.02e-18	104
ptg000006l_rc_rotated	ptg000003l_1_1_1	100.000	56	0	0	8842	8897	35825002	35825057	1.02e-18	104
ptg000006l_rc_rotated	ptg000003l_1_1_1	100.000	56	0	0	8863	8918	35825002	35825057	1.02e-18	104
ptg000006l_rc_rotated	ptg000003l_1_1_1	100.000	56	0	0	8967	9022	35825002	35825057	1.02e-18	104
ptg000006l_rc_rotated	ptg000003l_1_1_1	100.000	56	0	0	8988	9043	35825002	35825057	1.02e-18	104
ptg000006l_rc_rotated	ptg000003l_1_1_1	100.000	56	0	0	9134	9189	35825002	35825057	1.02e-18	104
ptg000006l_rc_rotated	ptg000003l_1_1_1	100.000	56	0	0	9155	9210	35825002	35825057	1.02e-18	104
ptg000006l_rc_rotated	ptg000003l_1_1_1	100.000	56	0	0	9259	9314	35825002	35825057	1.02e-18	104
ptg000006l_rc_rotated	ptg000003l_1_1_1	100.000	56	0	0	9280	9335	35825002	35825057	1.02e-18	104
ptg000006l_rc_rotated	ptg000003l_1_1_1	100.000	56	0	0	9301	9356	35825002	35825057	1.02e-18	104
ptg000006l_rc_rotated	ptg000003l_1_1_1	100.000	56	0	0	9405	9460	35825002	35825057	1.02e-18	104
ptg000006l_rc_rotated	ptg000003l_1_1_1	100.000	56	0	0	9426	9481	35825002	35825057	1.02e-18	104
ptg000006l_rc_rotated	ptg000003l_1_1_1	100.000	56	0	0	9447	9502	35825002	35825057	1.02e-18	104
ptg000006l_rc_rotated	ptg000003l_1_1_1	100.000	56	0	0	9593	9648	35825002	35825057	1.02e-18	104
ptg000006l_rc_rotated	ptg000003l_1_1_1	100.000	56	0	0	9697	9752	35825002	35825057	1.02e-18	104
ptg000006l_rc_rotated	ptg000003l_1_1_1	100.000	56	0	0	9718	9773	35825002	35825057	1.02e-18	104
ptg000006l_rc_rotated	ptg000003l_1_1_1	100.000	56	0	0	9739	9794	35825002	35825057	1.02e-18	104
ptg000006l_rc_rotated	ptg000003l_1_1_1	100.000	56	0	0	9843	9898	35825002	35825057	1.02e-18	104
ptg000006l_rc_rotated	ptg000003l_1_1_1	100.000	56	0	0	9864	9919	35825002	35825057	1.02e-18	104
ptg000006l_rc_rotated	ptg000003l_1_1_1	100.000	56	0	0	9885	9940	35825002	35825057	1.02e-18	104
ptg000006l_rc_rotated	ptg000003l_1_1_1	100.000	56	0	0	10031	10086	35825002	35825057	1.02e-18	104
ptg000006l_rc_rotated	ptg000003l_1_1_1	100.000	56	0	0	10135	10190	35825002	35825057	1.02e-18	104
ptg000006l_rc_rotated	ptg000003l_1_1_1	100.000	56	0	0	10156	10211	35825002	35825057	1.02e-18	104
ptg000006l_rc_rotated	ptg000003l_1_1_1	100.000	56	0	0	10177	10232	35825002	35825057	1.02e-18	104
ptg000006l_rc_rotated	ptg000003l_1_1_1	88.372	86	10	0	10035	10120	44030525	44030440	1.02e-18	104
ptg000006l_rc_rotated	ptg000003l_1_1_1	88.372	86	10	0	9889	9974	44030525	44030440	1.02e-18	104
ptg000006l_rc_rotated	ptg000003l_1_1_1	88.372	86	10	0	9743	9828	44030525	44030440	1.02e-18	104
ptg000006l_rc_rotated	ptg000003l_1_1_1	88.372	86	10	0	9597	9682	44030525	44030440	1.02e-18	104
ptg000006l_rc_rotated	ptg000003l_1_1_1	88.372	86	10	0	9451	9536	44030525	44030440	1.02e-18	104
ptg000006l_rc_rotated	ptg000003l_1_1_1	88.372	86	10	0	9305	9390	44030525	44030440	1.02e-18	104
ptg000006l_rc_rotated	ptg000003l_1_1_1	88.372	86	10	0	9159	9244	44030525	44030440	1.02e-18	104
ptg000006l_rc_rotated	ptg000003l_1_1_1	88.372	86	10	0	9013	9098	44030525	44030440	1.02e-18	104
ptg000006l_rc_rotated	ptg000003l_1_1_1	88.372	86	10	0	8867	8952	44030525	44030440	1.02e-18	104
ptg000006l_rc_rotated	ptg000003l_1_1_1	88.372	86	10	0	8721	8806	44030525	44030440	1.02e-18	104
ptg000006l_rc_rotated	ptg000003l_1_1_1	88.372	86	10	0	8283	8368	44030525	44030440	1.02e-18	104
ptg000006l_rc_rotated	ptg000003l_1_1_1	98.305	59	1	0	8380	8438	55790165	55790223	1.02e-18	104
ptg000006l_rc_rotated	ptg000003l_1_1_1	98.305	59	1	0	8818	8876	55790165	55790223	1.02e-18	104
ptg000006l_rc_rotated	ptg000003l_1_1_1	95.385	65	3	0	10130	10194	77491565	77491501	1.02e-18	104
ptg000006l_rc_rotated	ptg000003l_1_1_1	95.385	65	3	0	9838	9902	77491565	77491501	1.02e-18	104
ptg000006l_rc_rotated	ptg000003l_1_1_1	95.385	65	3	0	9692	9756	77491565	77491501	1.02e-18	104
ptg000006l_rc_rotated	ptg000003l_1_1_1	95.385	65	3	0	9400	9464	77491565	77491501	1.02e-18	104
ptg000006l_rc_rotated	ptg000003l_1_1_1	95.385	65	3	0	9254	9318	77491565	77491501	1.02e-18	104
ptg000006l_rc_rotated	ptg000003l_1_1_1	95.385	65	3	0	8962	9026	77491565	77491501	1.02e-18	104
ptg000006l_rc_rotated	ptg000003l_1_1_1	95.385	65	3	0	8670	8734	77491565	77491501	1.02e-18	104
ptg000006l_rc_rotated	ptg000003l_1_1_1	94.030	67	4	0	8295	8361	55790142	55790208	3.67e-18	102
ptg000006l_rc_rotated	ptg000003l_1_1_1	94.030	67	4	0	8733	8799	55790142	55790208	3.67e-18	102
ptg000006l_rc_rotated	ptg000003l_1_1_1	94.030	67	4	0	8879	8945	55790142	55790208	3.67e-18	102
ptg000006l_rc_rotated	ptg000003l_1_1_1	94.030	67	4	0	9171	9237	55790142	55790208	3.67e-18	102
ptg000006l_rc_rotated	ptg000003l_1_1_1	94.030	67	4	0	9317	9383	55790142	55790208	3.67e-18	102
ptg000006l_rc_rotated	ptg000003l_1_1_1	94.030	67	4	0	9463	9529	55790142	55790208	3.67e-18	102
ptg000006l_rc_rotated	ptg000003l_1_1_1	94.030	67	4	0	9609	9675	55790142	55790208	3.67e-18	102
ptg000006l_rc_rotated	ptg000003l_1_1_1	94.030	67	4	0	9755	9821	55790142	55790208	3.67e-18	102
ptg000006l_rc_rotated	ptg000003l_1_1_1	94.030	67	4	0	9901	9967	55790142	55790208	3.67e-18	102
ptg000006l_rc_rotated	ptg000003l_1_1_1	94.030	67	4	0	10047	10113	55790142	55790208	3.67e-18	102
ptg000006l_rc_rotated	ptg000003l_1_1_1	96.721	61	2	0	8524	8584	55790163	55790223	3.67e-18	102
ptg000006l_rc_rotated	ptg000003l_1_1_1	96.721	61	2	0	9108	9168	55790163	55790223	3.67e-18	102
ptg000006l_rc_rotated	ptg000003l_1_1_1	96.721	61	2	0	9546	9606	55790163	55790223	3.67e-18	102
ptg000006l_rc_rotated	ptg000003l_1_1_1	96.721	61	2	0	9984	10044	55790163	55790223	3.67e-18	102
ptg000006l_rc_rotated	ptg000003l_1_1_1	95.385	65	2	1	8271	8335	59862263	59862200	3.67e-18	102
ptg000006l_rc_rotated	ptg000003l_1_1_1	98.276	58	1	0	4276	4333	109839341	109839398	3.67e-18	102
ptg000006l_rc_rotated	ptg000003l_1_1_1	100.000	54	0	0	8531	8584	35825004	35825057	1.32e-17	100
ptg000006l_rc_rotated	ptg000003l_1_1_1	83.036	112	18	1	8450	8560	44030525	44030414	1.32e-17	100
ptg000006l_rc_rotated	ptg000003l_1_1_1	95.238	63	3	0	8818	8880	77491563	77491501	1.32e-17	100
ptg000006l_rc_rotated	ptg000003l_1_1_1	95.238	63	3	0	8380	8442	77491563	77491501	1.32e-17	100
ptg000006l_rc_rotated	ptg000003l_1_1_1	84.848	99	14	1	8962	9060	22868218	22868121	4.75e-17	99.0
ptg000006l_rc_rotated	ptg000003l_1_1_1	84.314	102	14	2	8980	9080	22868222	22868122	4.75e-17	99.0
ptg000006l_rc_rotated	ptg000003l_1_1_1	98.214	56	1	0	8404	8459	35825002	35825057	4.75e-17	99.0
ptg000006l_rc_rotated	ptg000003l_1_1_1	98.214	56	1	0	8425	8480	35825002	35825057	4.75e-17	99.0
ptg000006l_rc_rotated	ptg000003l_1_1_1	98.214	56	1	0	8571	8626	35825002	35825057	4.75e-17	99.0
ptg000006l_rc_rotated	ptg000003l_1_1_1	98.214	56	1	0	9009	9064	35825002	35825057	4.75e-17	99.0
ptg000006l_rc_rotated	ptg000003l_1_1_1	98.214	56	1	0	9113	9168	35825002	35825057	4.75e-17	99.0
ptg000006l_rc_rotated	ptg000003l_1_1_1	98.214	56	1	0	9551	9606	35825002	35825057	4.75e-17	99.0
ptg000006l_rc_rotated	ptg000003l_1_1_1	98.214	56	1	0	9572	9627	35825002	35825057	4.75e-17	99.0
ptg000006l_rc_rotated	ptg000003l_1_1_1	98.214	56	1	0	9989	10044	35825002	35825057	4.75e-17	99.0
ptg000006l_rc_rotated	ptg000003l_1_1_1	98.214	56	1	0	10010	10065	35825002	35825057	4.75e-17	99.0
ptg000006l_rc_rotated	ptg000003l_1_1_1	87.209	86	11	0	8575	8660	44030525	44030440	4.75e-17	99.0
ptg000006l_rc_rotated	ptg000003l_1_1_1	96.610	59	2	0	12088	12146	54085341	54085399	4.75e-17	99.0
ptg000006l_rc_rotated	ptg000003l_1_1_1	93.846	65	4	0	9984	10048	77491565	77491501	4.75e-17	99.0
ptg000006l_rc_rotated	ptg000003l_1_1_1	93.846	65	4	0	9546	9610	77491565	77491501	4.75e-17	99.0
ptg000006l_rc_rotated	ptg000003l_1_1_1	93.846	65	4	0	9108	9172	77491565	77491501	4.75e-17	99.0
ptg000006l_rc_rotated	ptg000003l_1_1_1	93.846	65	4	0	8524	8588	77491565	77491501	4.75e-17	99.0
ptg000006l_rc_rotated	ptg000003l_1_1_1	98.214	56	1	0	14556	14611	98288873	98288928	4.75e-17	99.0
ptg000006l_rc_rotated	ptg000003l_1_1_1	95.161	62	3	0	3794	3855	105806593	105806532	4.75e-17	99.0
ptg000006l_rc_rotated	ptg000003l_1_1_1	92.537	67	5	0	11603	11669	3799197	3799131	1.71e-16	97.1
ptg000006l_rc_rotated	ptg000003l_1_1_1	84.694	98	13	2	10148	10244	22868222	22868126	1.71e-16	97.1
ptg000006l_rc_rotated	ptg000003l_1_1_1	91.429	70	6	0	3291	3360	23086499	23086430	1.71e-16	97.1
ptg000006l_rc_rotated	ptg000003l_1_1_1	93.750	64	4	0	12914	12977	28213171	28213108	1.71e-16	97.1
ptg000006l_rc_rotated	ptg000003l_1_1_1	92.537	67	5	0	9025	9091	55790142	55790208	1.71e-16	97.1
ptg000006l_rc_rotated	ptg000003l_1_1_1	98.148	54	1	0	17217	17270	14885348	14885401	6.15e-16	95.3
ptg000006l_rc_rotated	ptg000003l_1_1_1	95.082	61	2	1	101	161	14979316	14979375	6.15e-16	95.3
ptg000006l_rc_rotated	ptg000003l_1_1_1	100.000	51	0	0	8300	8350	35825002	35825052	6.15e-16	95.3
ptg000006l_rc_rotated	ptg000003l_1_1_1	100.000	51	0	0	8738	8788	35825002	35825052	6.15e-16	95.3
ptg000006l_rc_rotated	ptg000003l_1_1_1	100.000	51	0	0	8884	8934	35825002	35825052	6.15e-16	95.3
ptg000006l_rc_rotated	ptg000003l_1_1_1	100.000	51	0	0	9176	9226	35825002	35825052	6.15e-16	95.3
ptg000006l_rc_rotated	ptg000003l_1_1_1	100.000	51	0	0	9322	9372	35825002	35825052	6.15e-16	95.3
ptg000006l_rc_rotated	ptg000003l_1_1_1	100.000	51	0	0	9468	9518	35825002	35825052	6.15e-16	95.3
ptg000006l_rc_rotated	ptg000003l_1_1_1	100.000	51	0	0	9614	9664	35825002	35825052	6.15e-16	95.3
ptg000006l_rc_rotated	ptg000003l_1_1_1	100.000	51	0	0	9760	9810	35825002	35825052	6.15e-16	95.3
ptg000006l_rc_rotated	ptg000003l_1_1_1	100.000	51	0	0	9906	9956	35825002	35825052	6.15e-16	95.3
ptg000006l_rc_rotated	ptg000003l_1_1_1	100.000	51	0	0	10052	10102	35825002	35825052	6.15e-16	95.3
ptg000006l_rc_rotated	ptg000003l_1_1_1	82.143	112	19	1	10056	10166	44030525	44030414	6.15e-16	95.3
ptg000006l_rc_rotated	ptg000003l_1_1_1	82.143	112	19	1	9910	10020	44030525	44030414	6.15e-16	95.3
ptg000006l_rc_rotated	ptg000003l_1_1_1	82.143	112	19	1	9764	9874	44030525	44030414	6.15e-16	95.3
ptg000006l_rc_rotated	ptg000003l_1_1_1	82.143	112	19	1	9618	9728	44030525	44030414	6.15e-16	95.3
ptg000006l_rc_rotated	ptg000003l_1_1_1	82.143	112	19	1	9472	9582	44030525	44030414	6.15e-16	95.3
ptg000006l_rc_rotated	ptg000003l_1_1_1	82.143	112	19	1	9326	9436	44030525	44030414	6.15e-16	95.3
ptg000006l_rc_rotated	ptg000003l_1_1_1	82.143	112	19	1	9180	9290	44030525	44030414	6.15e-16	95.3
ptg000006l_rc_rotated	ptg000003l_1_1_1	82.143	112	19	1	8888	8998	44030525	44030414	6.15e-16	95.3
ptg000006l_rc_rotated	ptg000003l_1_1_1	81.148	122	19	4	13185	13305	46697392	46697274	6.15e-16	95.3
ptg000006l_rc_rotated	ptg000003l_1_1_1	95.000	60	3	0	10054	10113	77491579	77491520	6.15e-16	95.3
ptg000006l_rc_rotated	ptg000003l_1_1_1	95.000	60	3	0	9908	9967	77491579	77491520	6.15e-16	95.3
ptg000006l_rc_rotated	ptg000003l_1_1_1	95.000	60	3	0	9762	9821	77491579	77491520	6.15e-16	95.3
ptg000006l_rc_rotated	ptg000003l_1_1_1	95.000	60	3	0	9616	9675	77491579	77491520	6.15e-16	95.3
ptg000006l_rc_rotated	ptg000003l_1_1_1	95.000	60	3	0	9470	9529	77491579	77491520	6.15e-16	95.3
ptg000006l_rc_rotated	ptg000003l_1_1_1	95.000	60	3	0	9324	9383	77491579	77491520	6.15e-16	95.3
ptg000006l_rc_rotated	ptg000003l_1_1_1	95.000	60	3	0	9178	9237	77491579	77491520	6.15e-16	95.3
ptg000006l_rc_rotated	ptg000003l_1_1_1	95.000	60	3	0	8886	8945	77491579	77491520	6.15e-16	95.3
ptg000006l_rc_rotated	ptg000003l_1_1_1	95.000	60	3	0	8740	8799	77491579	77491520	6.15e-16	95.3
ptg000006l_rc_rotated	ptg000003l_1_1_1	95.000	60	3	0	8448	8507	77491579	77491520	6.15e-16	95.3
ptg000006l_rc_rotated	ptg000003l_1_1_1	95.000	60	3	0	8302	8361	77491579	77491520	6.15e-16	95.3
ptg000006l_rc_rotated	ptg000003l_1_1_1	83.333	102	15	2	8542	8642	22868222	22868122	2.21e-15	93.5
ptg000006l_rc_rotated	ptg000003l_1_1_1	94.915	59	3	0	7827	7885	30211745	30211803	2.21e-15	93.5
ptg000006l_rc_rotated	ptg000003l_1_1_1	78.873	142	26	3	17931	18070	51006068	51006207	2.21e-15	93.5
ptg000006l_rc_rotated	ptg000003l_1_1_1	93.443	61	4	0	2516	2576	5078718	5078778	7.95e-15	91.6
ptg000006l_rc_rotated	ptg000003l_1_1_1	100.000	49	0	0	8448	8496	35825004	35825052	7.95e-15	91.6
ptg000006l_rc_rotated	ptg000003l_1_1_1	93.443	61	4	0	785	845	52902396	52902336	7.95e-15	91.6
ptg000006l_rc_rotated	ptg000003l_1_1_1	92.308	65	3	2	12527	12589	53275590	53275526	7.95e-15	91.6
ptg000006l_rc_rotated	ptg000003l_1_1_1	98.077	52	1	0	10193	10244	55790142	55790193	7.95e-15	91.6
ptg000006l_rc_rotated	ptg000003l_1_1_1	98.039	51	1	0	9030	9080	35825002	35825052	2.86e-14	89.8
ptg000006l_rc_rotated	ptg000003l_1_1_1	81.250	112	20	1	8742	8852	44030525	44030414	2.86e-14	89.8
ptg000006l_rc_rotated	ptg000003l_1_1_1	81.250	112	20	1	8304	8414	44030525	44030414	2.86e-14	89.8
ptg000006l_rc_rotated	ptg000003l_1_1_1	93.333	60	4	0	9032	9091	77491579	77491520	2.86e-14	89.8
ptg000006l_rc_rotated	ptg000003l_1_1_1	93.333	60	4	0	18552	18611	82676959	82677018	2.86e-14	89.8
ptg000006l_rc_rotated	ptg000003l_1_1_1	100.000	47	0	0	10198	10244	35825002	35825048	1.03e-13	87.9
ptg000006l_rc_rotated	ptg000003l_1_1_1	91.935	62	5	0	10181	10242	44030525	44030464	1.03e-13	87.9
ptg000006l_rc_rotated	ptg000003l_1_1_1	76.923	169	30	5	5322	5485	49525061	49525225	1.03e-13	87.9
ptg000006l_rc_rotated	ptg000003l_1_1_1	89.706	68	7	0	11347	11414	93055555	93055488	1.03e-13	87.9
ptg000006l_rc_rotated	ptg000003l_1_1_1	100.000	46	0	0	10199	10244	59862463	59862418	3.70e-13	86.1
ptg000006l_rc_rotated	ptg000003l_1_1_1	92.982	57	4	0	11603	11659	42215819	42215763	1.33e-12	84.2
ptg000006l_rc_rotated	ptg000003l_1_1_1	100.000	45	0	0	8438	8482	47623976	47623932	1.33e-12	84.2
ptg000006l_rc_rotated	ptg000003l_1_1_1	100.000	45	0	0	10200	10244	77491579	77491535	1.33e-12	84.2
ptg000006l_rc_rotated	ptg000003l_1_1_1	89.394	66	7	0	2903	2968	96557315	96557250	1.33e-12	84.2
ptg000006l_rc_rotated	ptg000003l_1_1_1	84.524	84	12	1	10005	10088	32641338	32641256	4.79e-12	82.4
ptg000006l_rc_rotated	ptg000003l_1_1_1	84.524	84	12	1	9984	10067	32641338	32641256	4.79e-12	82.4
ptg000006l_rc_rotated	ptg000003l_1_1_1	84.524	84	12	1	9567	9650	32641338	32641256	4.79e-12	82.4
ptg000006l_rc_rotated	ptg000003l_1_1_1	84.524	84	12	1	9546	9629	32641338	32641256	4.79e-12	82.4
ptg000006l_rc_rotated	ptg000003l_1_1_1	100.000	43	0	0	10192	10234	32641298	32641256	1.72e-11	80.5
ptg000006l_rc_rotated	ptg000003l_1_1_1	100.000	43	0	0	10171	10213	32641298	32641256	1.72e-11	80.5
ptg000006l_rc_rotated	ptg000003l_1_1_1	100.000	43	0	0	10150	10192	32641298	32641256	1.72e-11	80.5
ptg000006l_rc_rotated	ptg000003l_1_1_1	100.000	43	0	0	9900	9942	32641298	32641256	1.72e-11	80.5
ptg000006l_rc_rotated	ptg000003l_1_1_1	100.000	43	0	0	9879	9921	32641298	32641256	1.72e-11	80.5
ptg000006l_rc_rotated	ptg000003l_1_1_1	100.000	43	0	0	9858	9900	32641298	32641256	1.72e-11	80.5
ptg000006l_rc_rotated	ptg000003l_1_1_1	100.000	43	0	0	9754	9796	32641298	32641256	1.72e-11	80.5
ptg000006l_rc_rotated	ptg000003l_1_1_1	100.000	43	0	0	9733	9775	32641298	32641256	1.72e-11	80.5
ptg000006l_rc_rotated	ptg000003l_1_1_1	100.000	43	0	0	9712	9754	32641298	32641256	1.72e-11	80.5
ptg000006l_rc_rotated	ptg000003l_1_1_1	100.000	43	0	0	9462	9504	32641298	32641256	1.72e-11	80.5
ptg000006l_rc_rotated	ptg000003l_1_1_1	100.000	43	0	0	9441	9483	32641298	32641256	1.72e-11	80.5
ptg000006l_rc_rotated	ptg000003l_1_1_1	100.000	43	0	0	9420	9462	32641298	32641256	1.72e-11	80.5
ptg000006l_rc_rotated	ptg000003l_1_1_1	100.000	43	0	0	9316	9358	32641298	32641256	1.72e-11	80.5
ptg000006l_rc_rotated	ptg000003l_1_1_1	100.000	43	0	0	9295	9337	32641298	32641256	1.72e-11	80.5
ptg000006l_rc_rotated	ptg000003l_1_1_1	100.000	43	0	0	9274	9316	32641298	32641256	1.72e-11	80.5
ptg000006l_rc_rotated	ptg000003l_1_1_1	100.000	43	0	0	9170	9212	32641298	32641256	1.72e-11	80.5
ptg000006l_rc_rotated	ptg000003l_1_1_1	100.000	43	0	0	9149	9191	32641298	32641256	1.72e-11	80.5
ptg000006l_rc_rotated	ptg000003l_1_1_1	100.000	43	0	0	9128	9170	32641298	32641256	1.72e-11	80.5
ptg000006l_rc_rotated	ptg000003l_1_1_1	100.000	43	0	0	9003	9045	32641298	32641256	1.72e-11	80.5
ptg000006l_rc_rotated	ptg000003l_1_1_1	100.000	43	0	0	8982	9024	32641298	32641256	1.72e-11	80.5
ptg000006l_rc_rotated	ptg000003l_1_1_1	100.000	43	0	0	8878	8920	32641298	32641256	1.72e-11	80.5
ptg000006l_rc_rotated	ptg000003l_1_1_1	100.000	43	0	0	8857	8899	32641298	32641256	1.72e-11	80.5
ptg000006l_rc_rotated	ptg000003l_1_1_1	100.000	43	0	0	8836	8878	32641298	32641256	1.72e-11	80.5
ptg000006l_rc_rotated	ptg000003l_1_1_1	100.000	43	0	0	8732	8774	32641298	32641256	1.72e-11	80.5
ptg000006l_rc_rotated	ptg000003l_1_1_1	100.000	43	0	0	8711	8753	32641298	32641256	1.72e-11	80.5
ptg000006l_rc_rotated	ptg000003l_1_1_1	100.000	43	0	0	8690	8732	32641298	32641256	1.72e-11	80.5
ptg000006l_rc_rotated	ptg000003l_1_1_1	100.000	43	0	0	8565	8607	32641298	32641256	1.72e-11	80.5
ptg000006l_rc_rotated	ptg000003l_1_1_1	100.000	43	0	0	8544	8586	32641298	32641256	1.72e-11	80.5
ptg000006l_rc_rotated	ptg000003l_1_1_1	100.000	43	0	0	8398	8440	32641298	32641256	1.72e-11	80.5
ptg000006l_rc_rotated	ptg000003l_1_1_1	100.000	43	0	0	8294	8336	32641298	32641256	1.72e-11	80.5
ptg000006l_rc_rotated	ptg000003l_1_1_1	100.000	43	0	0	8273	8315	32641298	32641256	1.72e-11	80.5
ptg000006l_rc_rotated	ptg000003l_1_1_1	100.000	43	0	0	8271	8313	35825015	35825057	1.72e-11	80.5
ptg000006l_rc_rotated	ptg000003l_1_1_1	97.826	46	1	0	10022	10067	47623977	47623932	1.72e-11	80.5
ptg000006l_rc_rotated	ptg000003l_1_1_1	97.826	46	1	0	9584	9629	47623977	47623932	1.72e-11	80.5
ptg000006l_rc_rotated	ptg000003l_1_1_1	97.778	45	1	0	10190	10234	47623976	47623932	6.19e-11	78.7
ptg000006l_rc_rotated	ptg000003l_1_1_1	97.778	45	1	0	10169	10213	47623976	47623932	6.19e-11	78.7
ptg000006l_rc_rotated	ptg000003l_1_1_1	97.778	45	1	0	10148	10192	47623976	47623932	6.19e-11	78.7
ptg000006l_rc_rotated	ptg000003l_1_1_1	97.778	45	1	0	10044	10088	47623976	47623932	6.19e-11	78.7
ptg000006l_rc_rotated	ptg000003l_1_1_1	97.778	45	1	0	9898	9942	47623976	47623932	6.19e-11	78.7
ptg000006l_rc_rotated	ptg000003l_1_1_1	97.778	45	1	0	9877	9921	47623976	47623932	6.19e-11	78.7
ptg000006l_rc_rotated	ptg000003l_1_1_1	97.778	45	1	0	9856	9900	47623976	47623932	6.19e-11	78.7
ptg000006l_rc_rotated	ptg000003l_1_1_1	97.778	45	1	0	9752	9796	47623976	47623932	6.19e-11	78.7
ptg000006l_rc_rotated	ptg000003l_1_1_1	97.778	45	1	0	9731	9775	47623976	47623932	6.19e-11	78.7
ptg000006l_rc_rotated	ptg000003l_1_1_1	97.778	45	1	0	9710	9754	47623976	47623932	6.19e-11	78.7
ptg000006l_rc_rotated	ptg000003l_1_1_1	97.778	45	1	0	9606	9650	47623976	47623932	6.19e-11	78.7
ptg000006l_rc_rotated	ptg000003l_1_1_1	97.778	45	1	0	9460	9504	47623976	47623932	6.19e-11	78.7
ptg000006l_rc_rotated	ptg000003l_1_1_1	97.778	45	1	0	9439	9483	47623976	47623932	6.19e-11	78.7
ptg000006l_rc_rotated	ptg000003l_1_1_1	97.778	45	1	0	9418	9462	47623976	47623932	6.19e-11	78.7
ptg000006l_rc_rotated	ptg000003l_1_1_1	97.778	45	1	0	9314	9358	47623976	47623932	6.19e-11	78.7
ptg000006l_rc_rotated	ptg000003l_1_1_1	97.778	45	1	0	9293	9337	47623976	47623932	6.19e-11	78.7
ptg000006l_rc_rotated	ptg000003l_1_1_1	97.778	45	1	0	9272	9316	47623976	47623932	6.19e-11	78.7
ptg000006l_rc_rotated	ptg000003l_1_1_1	97.778	45	1	0	9168	9212	47623976	47623932	6.19e-11	78.7
ptg000006l_rc_rotated	ptg000003l_1_1_1	97.778	45	1	0	9147	9191	47623976	47623932	6.19e-11	78.7
ptg000006l_rc_rotated	ptg000003l_1_1_1	97.778	45	1	0	9126	9170	47623976	47623932	6.19e-11	78.7
ptg000006l_rc_rotated	ptg000003l_1_1_1	97.778	45	1	0	9001	9045	47623976	47623932	6.19e-11	78.7
ptg000006l_rc_rotated	ptg000003l_1_1_1	97.778	45	1	0	8980	9024	47623976	47623932	6.19e-11	78.7
ptg000006l_rc_rotated	ptg000003l_1_1_1	97.778	45	1	0	8876	8920	47623976	47623932	6.19e-11	78.7
ptg000006l_rc_rotated	ptg000003l_1_1_1	97.778	45	1	0	8855	8899	47623976	47623932	6.19e-11	78.7
ptg000006l_rc_rotated	ptg000003l_1_1_1	97.778	45	1	0	8834	8878	47623976	47623932	6.19e-11	78.7
ptg000006l_rc_rotated	ptg000003l_1_1_1	97.778	45	1	0	8730	8774	47623976	47623932	6.19e-11	78.7
ptg000006l_rc_rotated	ptg000003l_1_1_1	97.778	45	1	0	8709	8753	47623976	47623932	6.19e-11	78.7
ptg000006l_rc_rotated	ptg000003l_1_1_1	97.778	45	1	0	8688	8732	47623976	47623932	6.19e-11	78.7
ptg000006l_rc_rotated	ptg000003l_1_1_1	97.778	45	1	0	8563	8607	47623976	47623932	6.19e-11	78.7
ptg000006l_rc_rotated	ptg000003l_1_1_1	97.778	45	1	0	8542	8586	47623976	47623932	6.19e-11	78.7
ptg000006l_rc_rotated	ptg000003l_1_1_1	97.778	45	1	0	8396	8440	47623976	47623932	6.19e-11	78.7
ptg000006l_rc_rotated	ptg000003l_1_1_1	97.778	45	1	0	8292	8336	47623976	47623932	6.19e-11	78.7
ptg000006l_rc_rotated	ptg000003l_1_1_1	97.778	45	1	0	8271	8315	47623976	47623932	6.19e-11	78.7
ptg000006l_rc_rotated	ptg000003l_1_1_1	100.000	42	0	0	8524	8565	47623973	47623932	6.19e-11	78.7
ptg000006l_rc_rotated	ptg000003l_1_1_1	83.951	81	11	2	9001	9080	22868222	22868143	2.23e-10	76.8
ptg000006l_rc_rotated	ptg000003l_1_1_1	92.593	54	3	1	2514	2567	57615857	57615805	2.23e-10	76.8
ptg000006l_rc_rotated	ptg000003l_1_1_1	95.652	46	2	0	12870	12915	4967753	4967708	8.01e-10	75.0
ptg000006l_rc_rotated	ptg000003l_1_1_1	97.727	44	0	1	8284	8327	17551898	17551940	8.01e-10	75.0
ptg000006l_rc_rotated	ptg000003l_1_1_1	97.727	44	0	1	8305	8348	17551898	17551940	8.01e-10	75.0
ptg000006l_rc_rotated	ptg000003l_1_1_1	97.727	44	0	1	8388	8431	17551898	17551940	8.01e-10	75.0
ptg000006l_rc_rotated	ptg000003l_1_1_1	97.727	44	0	1	8451	8494	17551898	17551940	8.01e-10	75.0
ptg000006l_rc_rotated	ptg000003l_1_1_1	97.727	44	0	1	8534	8577	17551898	17551940	8.01e-10	75.0
ptg000006l_rc_rotated	ptg000003l_1_1_1	97.727	44	0	1	8555	8598	17551898	17551940	8.01e-10	75.0
ptg000006l_rc_rotated	ptg000003l_1_1_1	97.727	44	0	1	8680	8723	17551898	17551940	8.01e-10	75.0
ptg000006l_rc_rotated	ptg000003l_1_1_1	97.727	44	0	1	8701	8744	17551898	17551940	8.01e-10	75.0
ptg000006l_rc_rotated	ptg000003l_1_1_1	97.727	44	0	1	8722	8765	17551898	17551940	8.01e-10	75.0
ptg000006l_rc_rotated	ptg000003l_1_1_1	97.727	44	0	1	8743	8786	17551898	17551940	8.01e-10	75.0
ptg000006l_rc_rotated	ptg000003l_1_1_1	97.727	44	0	1	8826	8869	17551898	17551940	8.01e-10	75.0
ptg000006l_rc_rotated	ptg000003l_1_1_1	97.727	44	0	1	8847	8890	17551898	17551940	8.01e-10	75.0
ptg000006l_rc_rotated	ptg000003l_1_1_1	97.727	44	0	1	8868	8911	17551898	17551940	8.01e-10	75.0
ptg000006l_rc_rotated	ptg000003l_1_1_1	97.727	44	0	1	8889	8932	17551898	17551940	8.01e-10	75.0
ptg000006l_rc_rotated	ptg000003l_1_1_1	97.727	44	0	1	8972	9015	17551898	17551940	8.01e-10	75.0
ptg000006l_rc_rotated	ptg000003l_1_1_1	97.727	44	0	1	8993	9036	17551898	17551940	8.01e-10	75.0
ptg000006l_rc_rotated	ptg000003l_1_1_1	97.727	44	0	1	9118	9161	17551898	17551940	8.01e-10	75.0
ptg000006l_rc_rotated	ptg000003l_1_1_1	97.727	44	0	1	9139	9182	17551898	17551940	8.01e-10	75.0
ptg000006l_rc_rotated	ptg000003l_1_1_1	97.727	44	0	1	9160	9203	17551898	17551940	8.01e-10	75.0
ptg000006l_rc_rotated	ptg000003l_1_1_1	97.727	44	0	1	9181	9224	17551898	17551940	8.01e-10	75.0
ptg000006l_rc_rotated	ptg000003l_1_1_1	97.727	44	0	1	9264	9307	17551898	17551940	8.01e-10	75.0
ptg000006l_rc_rotated	ptg000003l_1_1_1	97.727	44	0	1	9285	9328	17551898	17551940	8.01e-10	75.0
ptg000006l_rc_rotated	ptg000003l_1_1_1	97.727	44	0	1	9306	9349	17551898	17551940	8.01e-10	75.0
ptg000006l_rc_rotated	ptg000003l_1_1_1	97.727	44	0	1	9327	9370	17551898	17551940	8.01e-10	75.0
ptg000006l_rc_rotated	ptg000003l_1_1_1	97.727	44	0	1	9410	9453	17551898	17551940	8.01e-10	75.0
ptg000006l_rc_rotated	ptg000003l_1_1_1	97.727	44	0	1	9431	9474	17551898	17551940	8.01e-10	75.0
ptg000006l_rc_rotated	ptg000003l_1_1_1	97.727	44	0	1	9452	9495	17551898	17551940	8.01e-10	75.0
ptg000006l_rc_rotated	ptg000003l_1_1_1	97.727	44	0	1	9473	9516	17551898	17551940	8.01e-10	75.0
ptg000006l_rc_rotated	ptg000003l_1_1_1	97.727	44	0	1	9598	9641	17551898	17551940	8.01e-10	75.0
ptg000006l_rc_rotated	ptg000003l_1_1_1	97.727	44	0	1	9619	9662	17551898	17551940	8.01e-10	75.0
ptg000006l_rc_rotated	ptg000003l_1_1_1	97.727	44	0	1	9702	9745	17551898	17551940	8.01e-10	75.0
ptg000006l_rc_rotated	ptg000003l_1_1_1	97.727	44	0	1	9723	9766	17551898	17551940	8.01e-10	75.0
ptg000006l_rc_rotated	ptg000003l_1_1_1	97.727	44	0	1	9744	9787	17551898	17551940	8.01e-10	75.0
ptg000006l_rc_rotated	ptg000003l_1_1_1	97.727	44	0	1	9765	9808	17551898	17551940	8.01e-10	75.0
ptg000006l_rc_rotated	ptg000003l_1_1_1	97.727	44	0	1	9848	9891	17551898	17551940	8.01e-10	75.0
ptg000006l_rc_rotated	ptg000003l_1_1_1	97.727	44	0	1	9869	9912	17551898	17551940	8.01e-10	75.0
ptg000006l_rc_rotated	ptg000003l_1_1_1	97.727	44	0	1	9890	9933	17551898	17551940	8.01e-10	75.0
ptg000006l_rc_rotated	ptg000003l_1_1_1	97.727	44	0	1	9911	9954	17551898	17551940	8.01e-10	75.0
ptg000006l_rc_rotated	ptg000003l_1_1_1	97.727	44	0	1	10036	10079	17551898	17551940	8.01e-10	75.0
ptg000006l_rc_rotated	ptg000003l_1_1_1	97.727	44	0	1	10057	10100	17551898	17551940	8.01e-10	75.0
ptg000006l_rc_rotated	ptg000003l_1_1_1	97.727	44	0	1	10140	10183	17551898	17551940	8.01e-10	75.0
ptg000006l_rc_rotated	ptg000003l_1_1_1	97.727	44	0	1	10161	10204	17551898	17551940	8.01e-10	75.0
ptg000006l_rc_rotated	ptg000003l_1_1_1	97.727	44	0	1	10182	10225	17551898	17551940	8.01e-10	75.0
ptg000006l_rc_rotated	ptg000003l_1_1_1	93.878	49	3	0	8269	8317	22868223	22868175	8.01e-10	75.0
ptg000006l_rc_rotated	ptg000003l_1_1_1	97.674	43	1	0	9024	9066	32641298	32641256	8.01e-10	75.0
ptg000006l_rc_rotated	ptg000003l_1_1_1	97.674	43	1	0	8586	8628	32641298	32641256	8.01e-10	75.0
ptg000006l_rc_rotated	ptg000003l_1_1_1	97.674	43	1	0	8440	8482	32641298	32641256	8.01e-10	75.0
ptg000006l_rc_rotated	ptg000003l_1_1_1	97.674	43	1	0	8419	8461	32641298	32641256	8.01e-10	75.0
ptg000006l_rc_rotated	ptg000003l_1_1_1	100.000	40	0	0	8670	8709	35825018	35825057	8.01e-10	75.0
ptg000006l_rc_rotated	ptg000003l_1_1_1	100.000	40	0	0	8962	9001	35825018	35825057	8.01e-10	75.0
ptg000006l_rc_rotated	ptg000003l_1_1_1	100.000	40	0	0	9254	9293	35825018	35825057	8.01e-10	75.0
ptg000006l_rc_rotated	ptg000003l_1_1_1	100.000	40	0	0	9400	9439	35825018	35825057	8.01e-10	75.0
ptg000006l_rc_rotated	ptg000003l_1_1_1	100.000	40	0	0	9692	9731	35825018	35825057	8.01e-10	75.0
ptg000006l_rc_rotated	ptg000003l_1_1_1	100.000	40	0	0	9838	9877	35825018	35825057	8.01e-10	75.0
ptg000006l_rc_rotated	ptg000003l_1_1_1	100.000	40	0	0	10130	10169	35825018	35825057	8.01e-10	75.0
ptg000006l_rc_rotated	ptg000003l_1_1_1	97.674	43	1	0	8272	8314	59862242	59862200	8.01e-10	75.0
ptg000006l_rc_rotated	ptg000003l_1_1_1	88.525	61	7	0	11331	11391	90081626	90081566	8.01e-10	75.0
ptg000006l_rc_rotated	ptg000003l_1_1_1	95.556	45	2	0	4	48	35669520	35669476	2.88e-09	73.1
ptg000006l_rc_rotated	ptg000003l_1_1_1	97.619	42	1	0	10130	10171	47623973	47623932	2.88e-09	73.1
ptg000006l_rc_rotated	ptg000003l_1_1_1	97.619	42	1	0	9838	9879	47623973	47623932	2.88e-09	73.1
ptg000006l_rc_rotated	ptg000003l_1_1_1	97.619	42	1	0	9692	9733	47623973	47623932	2.88e-09	73.1
ptg000006l_rc_rotated	ptg000003l_1_1_1	97.619	42	1	0	9400	9441	47623973	47623932	2.88e-09	73.1
ptg000006l_rc_rotated	ptg000003l_1_1_1	97.619	42	1	0	9254	9295	47623973	47623932	2.88e-09	73.1
ptg000006l_rc_rotated	ptg000003l_1_1_1	97.619	42	1	0	8962	9003	47623973	47623932	2.88e-09	73.1
ptg000006l_rc_rotated	ptg000003l_1_1_1	97.619	42	1	0	8670	8711	47623973	47623932	2.88e-09	73.1
ptg000006l_rc_rotated	ptg000003l_1_1_1	97.619	42	1	0	10193	10234	94293551	94293510	2.88e-09	73.1
ptg000006l_rc_rotated	ptg000003l_1_1_1	97.619	42	1	0	10172	10213	94293551	94293510	2.88e-09	73.1
ptg000006l_rc_rotated	ptg000003l_1_1_1	97.619	42	1	0	10151	10192	94293551	94293510	2.88e-09	73.1
ptg000006l_rc_rotated	ptg000003l_1_1_1	97.619	42	1	0	10130	10171	94293551	94293510	2.88e-09	73.1
ptg000006l_rc_rotated	ptg000003l_1_1_1	97.619	42	1	0	10047	10088	94293551	94293510	2.88e-09	73.1
ptg000006l_rc_rotated	ptg000003l_1_1_1	97.619	42	1	0	10026	10067	94293551	94293510	2.88e-09	73.1
ptg000006l_rc_rotated	ptg000003l_1_1_1	97.619	42	1	0	9901	9942	94293551	94293510	2.88e-09	73.1
ptg000006l_rc_rotated	ptg000003l_1_1_1	97.619	42	1	0	9880	9921	94293551	94293510	2.88e-09	73.1
ptg000006l_rc_rotated	ptg000003l_1_1_1	97.619	42	1	0	9859	9900	94293551	94293510	2.88e-09	73.1
ptg000006l_rc_rotated	ptg000003l_1_1_1	97.619	42	1	0	9838	9879	94293551	94293510	2.88e-09	73.1
ptg000006l_rc_rotated	ptg000003l_1_1_1	97.619	42	1	0	9755	9796	94293551	94293510	2.88e-09	73.1
ptg000006l_rc_rotated	ptg000003l_1_1_1	97.619	42	1	0	9734	9775	94293551	94293510	2.88e-09	73.1
ptg000006l_rc_rotated	ptg000003l_1_1_1	97.619	42	1	0	9713	9754	94293551	94293510	2.88e-09	73.1
ptg000006l_rc_rotated	ptg000003l_1_1_1	97.619	42	1	0	9692	9733	94293551	94293510	2.88e-09	73.1
ptg000006l_rc_rotated	ptg000003l_1_1_1	97.619	42	1	0	9609	9650	94293551	94293510	2.88e-09	73.1
ptg000006l_rc_rotated	ptg000003l_1_1_1	97.619	42	1	0	9588	9629	94293551	94293510	2.88e-09	73.1
ptg000006l_rc_rotated	ptg000003l_1_1_1	97.619	42	1	0	9463	9504	94293551	94293510	2.88e-09	73.1
ptg000006l_rc_rotated	ptg000003l_1_1_1	97.619	42	1	0	9442	9483	94293551	94293510	2.88e-09	73.1
ptg000006l_rc_rotated	ptg000003l_1_1_1	97.619	42	1	0	9421	9462	94293551	94293510	2.88e-09	73.1
ptg000006l_rc_rotated	ptg000003l_1_1_1	97.619	42	1	0	9400	9441	94293551	94293510	2.88e-09	73.1
ptg000006l_rc_rotated	ptg000003l_1_1_1	97.619	42	1	0	9317	9358	94293551	94293510	2.88e-09	73.1
ptg000006l_rc_rotated	ptg000003l_1_1_1	97.619	42	1	0	9296	9337	94293551	94293510	2.88e-09	73.1
ptg000006l_rc_rotated	ptg000003l_1_1_1	97.619	42	1	0	9275	9316	94293551	94293510	2.88e-09	73.1
ptg000006l_rc_rotated	ptg000003l_1_1_1	97.619	42	1	0	9254	9295	94293551	94293510	2.88e-09	73.1
ptg000006l_rc_rotated	ptg000003l_1_1_1	97.619	42	1	0	9171	9212	94293551	94293510	2.88e-09	73.1
ptg000006l_rc_rotated	ptg000003l_1_1_1	97.619	42	1	0	9150	9191	94293551	94293510	2.88e-09	73.1
ptg000006l_rc_rotated	ptg000003l_1_1_1	97.619	42	1	0	9129	9170	94293551	94293510	2.88e-09	73.1
ptg000006l_rc_rotated	ptg000003l_1_1_1	97.619	42	1	0	9004	9045	94293551	94293510	2.88e-09	73.1
ptg000006l_rc_rotated	ptg000003l_1_1_1	97.619	42	1	0	8983	9024	94293551	94293510	2.88e-09	73.1
ptg000006l_rc_rotated	ptg000003l_1_1_1	97.619	42	1	0	8962	9003	94293551	94293510	2.88e-09	73.1
ptg000006l_rc_rotated	ptg000003l_1_1_1	97.619	42	1	0	8879	8920	94293551	94293510	2.88e-09	73.1
ptg000006l_rc_rotated	ptg000003l_1_1_1	97.619	42	1	0	8858	8899	94293551	94293510	2.88e-09	73.1
ptg000006l_rc_rotated	ptg000003l_1_1_1	97.619	42	1	0	8837	8878	94293551	94293510	2.88e-09	73.1
ptg000006l_rc_rotated	ptg000003l_1_1_1	97.619	42	1	0	8733	8774	94293551	94293510	2.88e-09	73.1
ptg000006l_rc_rotated	ptg000003l_1_1_1	97.619	42	1	0	8712	8753	94293551	94293510	2.88e-09	73.1
ptg000006l_rc_rotated	ptg000003l_1_1_1	97.619	42	1	0	8691	8732	94293551	94293510	2.88e-09	73.1
ptg000006l_rc_rotated	ptg000003l_1_1_1	97.619	42	1	0	8670	8711	94293551	94293510	2.88e-09	73.1
ptg000006l_rc_rotated	ptg000003l_1_1_1	97.619	42	1	0	8566	8607	94293551	94293510	2.88e-09	73.1
ptg000006l_rc_rotated	ptg000003l_1_1_1	97.619	42	1	0	8545	8586	94293551	94293510	2.88e-09	73.1
ptg000006l_rc_rotated	ptg000003l_1_1_1	97.619	42	1	0	8399	8440	94293551	94293510	2.88e-09	73.1
ptg000006l_rc_rotated	ptg000003l_1_1_1	97.619	42	1	0	8295	8336	94293551	94293510	2.88e-09	73.1
ptg000006l_rc_rotated	ptg000003l_1_1_1	97.619	42	1	0	8274	8315	94293551	94293510	2.88e-09	73.1
ptg000006l_rc_rotated	ptg000003l_1_1_1	93.750	48	3	0	827	874	106444857	106444904	2.88e-09	73.1
ptg000006l_rc_rotated	ptg000003l_1_1_1	89.474	57	4	2	16	70	15413781	15413725	1.04e-08	71.3
ptg000006l_rc_rotated	ptg000003l_1_1_1	97.619	42	0	1	10203	10244	17551898	17551938	1.04e-08	71.3
ptg000006l_rc_rotated	ptg000003l_1_1_1	88.333	60	6	1	8563	8621	22868222	22868163	1.04e-08	71.3
ptg000006l_rc_rotated	ptg000003l_1_1_1	93.750	48	2	1	10190	10236	22868222	22868175	1.04e-08	71.3
ptg000006l_rc_rotated	ptg000003l_1_1_1	93.750	48	2	1	10169	10215	22868222	22868175	1.04e-08	71.3
ptg000006l_rc_rotated	ptg000003l_1_1_1	93.750	48	2	1	10044	10090	22868222	22868175	1.04e-08	71.3
ptg000006l_rc_rotated	ptg000003l_1_1_1	93.750	48	2	1	10023	10069	22868222	22868175	1.04e-08	71.3
ptg000006l_rc_rotated	ptg000003l_1_1_1	93.750	48	2	1	9898	9944	22868222	22868175	1.04e-08	71.3
ptg000006l_rc_rotated	ptg000003l_1_1_1	93.750	48	2	1	9877	9923	22868222	22868175	1.04e-08	71.3
ptg000006l_rc_rotated	ptg000003l_1_1_1	93.750	48	2	1	9752	9798	22868222	22868175	1.04e-08	71.3
ptg000006l_rc_rotated	ptg000003l_1_1_1	93.750	48	2	1	9731	9777	22868222	22868175	1.04e-08	71.3
ptg000006l_rc_rotated	ptg000003l_1_1_1	93.750	48	2	1	9606	9652	22868222	22868175	1.04e-08	71.3
ptg000006l_rc_rotated	ptg000003l_1_1_1	93.750	48	2	1	9585	9631	22868222	22868175	1.04e-08	71.3
ptg000006l_rc_rotated	ptg000003l_1_1_1	93.750	48	2	1	9460	9506	22868222	22868175	1.04e-08	71.3
ptg000006l_rc_rotated	ptg000003l_1_1_1	93.750	48	2	1	9439	9485	22868222	22868175	1.04e-08	71.3
ptg000006l_rc_rotated	ptg000003l_1_1_1	93.750	48	2	1	9314	9360	22868222	22868175	1.04e-08	71.3
ptg000006l_rc_rotated	ptg000003l_1_1_1	93.750	48	2	1	9293	9339	22868222	22868175	1.04e-08	71.3
ptg000006l_rc_rotated	ptg000003l_1_1_1	93.750	48	2	1	9168	9214	22868222	22868175	1.04e-08	71.3
ptg000006l_rc_rotated	ptg000003l_1_1_1	93.750	48	2	1	9147	9193	22868222	22868175	1.04e-08	71.3
ptg000006l_rc_rotated	ptg000003l_1_1_1	93.750	48	2	1	8876	8922	22868222	22868175	1.04e-08	71.3
ptg000006l_rc_rotated	ptg000003l_1_1_1	93.750	48	2	1	8855	8901	22868222	22868175	1.04e-08	71.3
ptg000006l_rc_rotated	ptg000003l_1_1_1	93.750	48	2	1	8730	8776	22868222	22868175	1.04e-08	71.3
ptg000006l_rc_rotated	ptg000003l_1_1_1	93.750	48	2	1	8709	8755	22868222	22868175	1.04e-08	71.3
ptg000006l_rc_rotated	ptg000003l_1_1_1	93.750	48	2	1	8292	8338	22868222	22868175	1.04e-08	71.3
ptg000006l_rc_rotated	ptg000003l_1_1_1	100.000	38	0	0	9546	9583	35825018	35825055	1.04e-08	71.3
ptg000006l_rc_rotated	ptg000003l_1_1_1	100.000	38	0	0	9984	10021	35825018	35825055	1.04e-08	71.3
ptg000006l_rc_rotated	ptg000003l_1_1_1	100.000	38	0	0	8380	8417	35825020	35825057	1.04e-08	71.3
ptg000006l_rc_rotated	ptg000003l_1_1_1	100.000	38	0	0	8818	8855	35825020	35825057	1.04e-08	71.3
ptg000006l_rc_rotated	ptg000003l_1_1_1	100.000	38	0	0	9043	9080	47623976	47623939	1.04e-08	71.3
ptg000006l_rc_rotated	ptg000003l_1_1_1	90.566	53	3	2	4962	5012	7303004	7302952	3.73e-08	69.4
ptg000006l_rc_rotated	ptg000003l_1_1_1	95.455	44	1	1	8409	8452	17551898	17551940	3.73e-08	69.4
ptg000006l_rc_rotated	ptg000003l_1_1_1	95.455	44	1	1	8576	8619	17551898	17551940	3.73e-08	69.4
ptg000006l_rc_rotated	ptg000003l_1_1_1	95.455	44	1	1	9014	9057	17551898	17551940	3.73e-08	69.4
ptg000006l_rc_rotated	ptg000003l_1_1_1	95.455	44	1	1	9556	9599	17551898	17551940	3.73e-08	69.4
ptg000006l_rc_rotated	ptg000003l_1_1_1	95.455	44	1	1	9994	10037	17551898	17551940	3.73e-08	69.4
ptg000006l_rc_rotated	ptg000003l_1_1_1	83.117	77	12	1	8420	8496	32641338	32641263	3.73e-08	69.4
ptg000006l_rc_rotated	ptg000003l_1_1_1	97.500	40	1	0	8524	8563	35825018	35825057	3.73e-08	69.4
ptg000006l_rc_rotated	ptg000003l_1_1_1	97.500	40	1	0	9108	9147	35825018	35825057	3.73e-08	69.4
ptg000006l_rc_rotated	ptg000003l_1_1_1	97.500	40	1	0	8818	8857	47623971	47623932	3.73e-08	69.4
ptg000006l_rc_rotated	ptg000003l_1_1_1	97.500	40	1	0	8380	8419	47623971	47623932	3.73e-08	69.4
ptg000006l_rc_rotated	ptg000003l_1_1_1	93.478	46	3	0	9046	9091	55790142	55790187	3.73e-08	69.4
ptg000006l_rc_rotated	ptg000003l_1_1_1	97.500	40	1	0	8818	8857	94293549	94293510	3.73e-08	69.4
ptg000006l_rc_rotated	ptg000003l_1_1_1	97.500	40	1	0	8380	8419	94293549	94293510	3.73e-08	69.4
ptg000006l_rc_rotated	ptg000003l_1_1_1	100.000	36	0	0	10067	10102	32641298	32641263	1.34e-07	67.6
ptg000006l_rc_rotated	ptg000003l_1_1_1	100.000	36	0	0	9921	9956	32641298	32641263	1.34e-07	67.6
ptg000006l_rc_rotated	ptg000003l_1_1_1	100.000	36	0	0	9775	9810	32641298	32641263	1.34e-07	67.6
ptg000006l_rc_rotated	ptg000003l_1_1_1	100.000	36	0	0	9629	9664	32641298	32641263	1.34e-07	67.6
ptg000006l_rc_rotated	ptg000003l_1_1_1	100.000	36	0	0	9483	9518	32641298	32641263	1.34e-07	67.6
ptg000006l_rc_rotated	ptg000003l_1_1_1	100.000	36	0	0	9337	9372	32641298	32641263	1.34e-07	67.6
ptg000006l_rc_rotated	ptg000003l_1_1_1	100.000	36	0	0	9191	9226	32641298	32641263	1.34e-07	67.6
ptg000006l_rc_rotated	ptg000003l_1_1_1	100.000	36	0	0	8899	8934	32641298	32641263	1.34e-07	67.6
ptg000006l_rc_rotated	ptg000003l_1_1_1	100.000	36	0	0	8753	8788	32641298	32641263	1.34e-07	67.6
ptg000006l_rc_rotated	ptg000003l_1_1_1	100.000	36	0	0	8315	8350	32641298	32641263	1.34e-07	67.6
ptg000006l_rc_rotated	ptg000003l_1_1_1	97.436	39	1	0	10202	10240	44030525	44030487	1.34e-07	67.6
ptg000006l_rc_rotated	ptg000003l_1_1_1	95.238	42	2	0	9984	10025	47623973	47623932	1.34e-07	67.6
ptg000006l_rc_rotated	ptg000003l_1_1_1	95.238	42	2	0	9546	9587	47623973	47623932	1.34e-07	67.6
ptg000006l_rc_rotated	ptg000003l_1_1_1	95.238	42	2	0	9108	9149	47623973	47623932	1.34e-07	67.6
ptg000006l_rc_rotated	ptg000003l_1_1_1	95.238	42	2	0	9984	10025	94293551	94293510	1.34e-07	67.6
ptg000006l_rc_rotated	ptg000003l_1_1_1	95.238	42	2	0	9546	9587	94293551	94293510	1.34e-07	67.6
ptg000006l_rc_rotated	ptg000003l_1_1_1	95.238	42	2	0	9108	9149	94293551	94293510	1.34e-07	67.6
ptg000006l_rc_rotated	ptg000003l_1_1_1	95.238	42	2	0	8524	8565	94293551	94293510	1.34e-07	67.6
ptg000006l_rc_rotated	ptg000003l_1_1_1	95.238	42	2	0	8441	8482	94293551	94293510	1.34e-07	67.6
ptg000006l_rc_rotated	ptg000003l_1_1_1	95.238	42	2	0	3478	3519	119575008	119574967	1.34e-07	67.6
ptg000006l_rc_rotated	ptg000003l_1_1_1	97.368	38	1	0	10065	10102	47623976	47623939	4.82e-07	65.8
ptg000006l_rc_rotated	ptg000003l_1_1_1	97.368	38	1	0	9919	9956	47623976	47623939	4.82e-07	65.8
ptg000006l_rc_rotated	ptg000003l_1_1_1	97.368	38	1	0	9773	9810	47623976	47623939	4.82e-07	65.8
ptg000006l_rc_rotated	ptg000003l_1_1_1	97.368	38	1	0	9627	9664	47623976	47623939	4.82e-07	65.8
ptg000006l_rc_rotated	ptg000003l_1_1_1	97.368	38	1	0	9481	9518	47623976	47623939	4.82e-07	65.8
ptg000006l_rc_rotated	ptg000003l_1_1_1	97.368	38	1	0	9335	9372	47623976	47623939	4.82e-07	65.8
ptg000006l_rc_rotated	ptg000003l_1_1_1	97.368	38	1	0	9189	9226	47623976	47623939	4.82e-07	65.8
ptg000006l_rc_rotated	ptg000003l_1_1_1	97.368	38	1	0	8897	8934	47623976	47623939	4.82e-07	65.8
ptg000006l_rc_rotated	ptg000003l_1_1_1	97.368	38	1	0	8751	8788	47623976	47623939	4.82e-07	65.8
ptg000006l_rc_rotated	ptg000003l_1_1_1	97.368	38	1	0	8605	8642	47623976	47623939	4.82e-07	65.8
ptg000006l_rc_rotated	ptg000003l_1_1_1	97.368	38	1	0	8459	8496	47623976	47623939	4.82e-07	65.8
ptg000006l_rc_rotated	ptg000003l_1_1_1	97.368	38	1	0	8313	8350	47623976	47623939	4.82e-07	65.8
ptg000006l_rc_rotated	ptg000003l_1_1_1	91.304	46	4	0	8316	8361	55790142	55790187	1.73e-06	63.9
ptg000006l_rc_rotated	ptg000003l_1_1_1	91.304	46	4	0	8462	8507	55790142	55790187	1.73e-06	63.9
ptg000006l_rc_rotated	ptg000003l_1_1_1	91.304	46	4	0	8754	8799	55790142	55790187	1.73e-06	63.9
ptg000006l_rc_rotated	ptg000003l_1_1_1	91.304	46	4	0	8900	8945	55790142	55790187	1.73e-06	63.9
ptg000006l_rc_rotated	ptg000003l_1_1_1	91.304	46	4	0	9192	9237	55790142	55790187	1.73e-06	63.9
ptg000006l_rc_rotated	ptg000003l_1_1_1	91.304	46	4	0	9338	9383	55790142	55790187	1.73e-06	63.9
ptg000006l_rc_rotated	ptg000003l_1_1_1	91.304	46	4	0	9484	9529	55790142	55790187	1.73e-06	63.9
ptg000006l_rc_rotated	ptg000003l_1_1_1	91.304	46	4	0	9630	9675	55790142	55790187	1.73e-06	63.9
ptg000006l_rc_rotated	ptg000003l_1_1_1	91.304	46	4	0	9776	9821	55790142	55790187	1.73e-06	63.9
ptg000006l_rc_rotated	ptg000003l_1_1_1	91.304	46	4	0	9922	9967	55790142	55790187	1.73e-06	63.9
ptg000006l_rc_rotated	ptg000003l_1_1_1	91.304	46	4	0	10068	10113	55790142	55790187	1.73e-06	63.9
ptg000006l_rc_rotated	ptg000003l_1_1_1	91.304	46	4	0	12597	12642	102599506	102599551	1.73e-06	63.9
ptg000006l_rc_rotated	ptg000003l_1_1_1	97.222	36	1	0	9045	9080	32641298	32641263	6.24e-06	62.1
ptg000006l_rc_rotated	ptg000003l_1_1_1	97.222	36	1	0	17105	17140	102671802	102671837	6.24e-06	62.1
ptg000006l_rc_rotated	ptg000003l_1_1_1	100.000	32	0	0	10213	10244	32641298	32641267	2.24e-05	60.2
ptg000006l_rc_rotated	ptg000003l_1_1_1	92.683	41	3	0	8321	8361	35825002	35825042	2.24e-05	60.2
ptg000006l_rc_rotated	ptg000003l_1_1_1	92.683	41	3	0	8467	8507	35825002	35825042	2.24e-05	60.2
ptg000006l_rc_rotated	ptg000003l_1_1_1	92.683	41	3	0	8759	8799	35825002	35825042	2.24e-05	60.2
ptg000006l_rc_rotated	ptg000003l_1_1_1	92.683	41	3	0	8905	8945	35825002	35825042	2.24e-05	60.2
ptg000006l_rc_rotated	ptg000003l_1_1_1	92.683	41	3	0	9197	9237	35825002	35825042	2.24e-05	60.2
ptg000006l_rc_rotated	ptg000003l_1_1_1	92.683	41	3	0	9343	9383	35825002	35825042	2.24e-05	60.2
ptg000006l_rc_rotated	ptg000003l_1_1_1	92.683	41	3	0	9489	9529	35825002	35825042	2.24e-05	60.2
ptg000006l_rc_rotated	ptg000003l_1_1_1	92.683	41	3	0	9635	9675	35825002	35825042	2.24e-05	60.2
ptg000006l_rc_rotated	ptg000003l_1_1_1	92.683	41	3	0	9781	9821	35825002	35825042	2.24e-05	60.2
ptg000006l_rc_rotated	ptg000003l_1_1_1	92.683	41	3	0	9927	9967	35825002	35825042	2.24e-05	60.2
ptg000006l_rc_rotated	ptg000003l_1_1_1	92.683	41	3	0	10073	10113	35825002	35825042	2.24e-05	60.2
ptg000006l_rc_rotated	ptg000003l_1_1_1	88.235	51	4	2	2524	2573	116893962	116894011	2.24e-05	60.2
ptg000006l_rc_rotated	ptg000003l_1_1_1	100.000	31	0	0	322	352	94293480	94293510	8.07e-05	58.4
ptg000006l_rc_rotated	ptg000003l_1_1_1	100.000	30	0	0	7810	7839	10067041	10067012	2.90e-04	56.5
ptg000006l_rc_rotated	ptg000003l_1_1_1	92.308	39	3	0	9053	9091	35825004	35825042	2.90e-04	56.5
ptg000006l_rc_rotated	ptg000003l_1_1_1	94.595	37	1	1	11099	11135	37936068	37936033	2.90e-04	56.5
ptg000006l_rc_rotated	ptg000003l_1_1_1	92.308	39	3	0	10075	10113	77491579	77491541	2.90e-04	56.5
ptg000006l_rc_rotated	ptg000003l_1_1_1	92.308	39	3	0	9929	9967	77491579	77491541	2.90e-04	56.5
ptg000006l_rc_rotated	ptg000003l_1_1_1	92.308	39	3	0	9783	9821	77491579	77491541	2.90e-04	56.5
ptg000006l_rc_rotated	ptg000003l_1_1_1	92.308	39	3	0	9637	9675	77491579	77491541	2.90e-04	56.5
ptg000006l_rc_rotated	ptg000003l_1_1_1	92.308	39	3	0	9491	9529	77491579	77491541	2.90e-04	56.5
ptg000006l_rc_rotated	ptg000003l_1_1_1	92.308	39	3	0	9345	9383	77491579	77491541	2.90e-04	56.5
ptg000006l_rc_rotated	ptg000003l_1_1_1	92.308	39	3	0	9199	9237	77491579	77491541	2.90e-04	56.5
ptg000006l_rc_rotated	ptg000003l_1_1_1	92.308	39	3	0	9053	9091	77491579	77491541	2.90e-04	56.5
ptg000006l_rc_rotated	ptg000003l_1_1_1	92.308	39	3	0	8907	8945	77491579	77491541	2.90e-04	56.5
ptg000006l_rc_rotated	ptg000003l_1_1_1	92.308	39	3	0	8761	8799	77491579	77491541	2.90e-04	56.5
ptg000006l_rc_rotated	ptg000003l_1_1_1	92.308	39	3	0	8469	8507	77491579	77491541	2.90e-04	56.5
ptg000006l_rc_rotated	ptg000003l_1_1_1	92.308	39	3	0	8323	8361	77491579	77491541	2.90e-04	56.5
ptg000006l_rc_rotated	ptg000003l_1_1_1	100.000	29	0	0	6866	6894	10067040	10067012	0.001	54.7
ptg000006l_rc_rotated	ptg000003l_1_1_1	96.970	33	0	1	10211	10242	22868222	22868190	0.001	54.7
ptg000006l_rc_rotated	ptg000003l_1_1_1	85.185	54	7	1	11082	11134	92459685	92459632	0.001	54.7
ptg000006l_rc_rotated	ptg000003l_1_1_1	96.875	32	1	0	3012	3043	105750290	105750259	0.001	54.7
ptg000006l_rc_rotated	ptg000018l_1_1_1	86.864	1888	235	7	3576	5458	59828758	59826879	0.0	2100
ptg000006l_rc_rotated	ptg000018l_1_1_1	85.603	771	91	17	5656	6416	59826876	59826116	0.0	791
ptg000006l_rc_rotated	ptg000018l_1_1_1	85.475	537	58	14	8111	8641	59825942	59825420	1.83e-150	542
ptg000006l_rc_rotated	ptg000018l_1_1_1	87.056	479	54	6	9877	10353	59825791	59825319	3.06e-148	534
ptg000006l_rc_rotated	ptg000018l_1_1_1	87.399	373	44	3	9585	9955	59825791	59825420	1.92e-115	425
ptg000006l_rc_rotated	ptg000018l_1_1_1	87.399	373	44	3	9147	9517	59825791	59825420	1.92e-115	425
ptg000006l_rc_rotated	ptg000018l_1_1_1	87.166	374	43	5	9731	10101	59825791	59825420	8.93e-114	420
ptg000006l_rc_rotated	ptg000018l_1_1_1	87.131	373	45	3	9439	9809	59825791	59825420	8.93e-114	420
ptg000006l_rc_rotated	ptg000018l_1_1_1	87.166	374	43	5	9293	9663	59825791	59825420	8.93e-114	420
ptg000006l_rc_rotated	ptg000018l_1_1_1	86.898	374	44	5	9126	9496	59825791	59825420	4.15e-112	414
ptg000006l_rc_rotated	ptg000018l_1_1_1	86.863	373	46	3	9001	9371	59825791	59825420	4.15e-112	414
ptg000006l_rc_rotated	ptg000018l_1_1_1	86.863	373	46	3	8855	9225	59825791	59825420	4.15e-112	414
ptg000006l_rc_rotated	ptg000018l_1_1_1	86.898	374	44	5	8834	9204	59825791	59825420	4.15e-112	414
ptg000006l_rc_rotated	ptg000018l_1_1_1	86.898	374	44	5	8709	9079	59825791	59825420	4.15e-112	414
ptg000006l_rc_rotated	ptg000018l_1_1_1	86.863	373	46	3	8417	8787	59825791	59825420	4.15e-112	414
ptg000006l_rc_rotated	ptg000018l_1_1_1	86.631	374	45	5	9710	10080	59825791	59825420	1.93e-110	409
ptg000006l_rc_rotated	ptg000018l_1_1_1	86.631	374	45	5	9564	9934	59825791	59825420	1.93e-110	409
ptg000006l_rc_rotated	ptg000018l_1_1_1	86.631	374	45	5	9418	9788	59825791	59825420	1.93e-110	409
ptg000006l_rc_rotated	ptg000018l_1_1_1	86.631	374	45	5	9272	9642	59825791	59825420	1.93e-110	409
ptg000006l_rc_rotated	ptg000018l_1_1_1	86.631	374	45	5	8563	8933	59825791	59825420	1.93e-110	409
ptg000006l_rc_rotated	ptg000018l_1_1_1	87.158	366	40	7	9606	9967	59825791	59825429	1.93e-110	409
ptg000006l_rc_rotated	ptg000018l_1_1_1	87.158	366	40	7	9168	9529	59825791	59825429	1.93e-110	409
ptg000006l_rc_rotated	ptg000018l_1_1_1	87.158	366	40	7	9022	9383	59825791	59825429	1.93e-110	409
ptg000006l_rc_rotated	ptg000018l_1_1_1	86.364	374	46	5	8980	9350	59825791	59825420	8.99e-109	403
ptg000006l_rc_rotated	ptg000018l_1_1_1	86.364	374	46	5	8688	9058	59825791	59825420	8.99e-109	403
ptg000006l_rc_rotated	ptg000018l_1_1_1	86.364	374	46	5	8396	8766	59825791	59825420	8.99e-109	403
ptg000006l_rc_rotated	ptg000018l_1_1_1	86.885	366	41	7	9752	10113	59825791	59825429	8.99e-109	403
ptg000006l_rc_rotated	ptg000018l_1_1_1	86.885	366	41	7	9460	9821	59825791	59825429	8.99e-109	403
ptg000006l_rc_rotated	ptg000018l_1_1_1	86.885	366	41	7	9314	9675	59825791	59825429	8.99e-109	403
ptg000006l_rc_rotated	ptg000018l_1_1_1	82.969	458	63	10	10026	10475	35612867	35612417	1.16e-107	399
ptg000006l_rc_rotated	ptg000018l_1_1_1	86.096	374	47	5	8542	8912	59825791	59825420	4.18e-107	398
ptg000006l_rc_rotated	ptg000018l_1_1_1	86.612	366	42	7	8876	9237	59825791	59825429	4.18e-107	398
ptg000006l_rc_rotated	ptg000018l_1_1_1	86.612	366	42	7	8730	9091	59825791	59825429	4.18e-107	398
ptg000006l_rc_rotated	ptg000018l_1_1_1	85.984	371	47	5	9692	10059	59825788	59825420	1.95e-105	392
ptg000006l_rc_rotated	ptg000018l_1_1_1	85.984	371	47	5	9546	9913	59825788	59825420	1.95e-105	392
ptg000006l_rc_rotated	ptg000018l_1_1_1	85.984	371	47	5	9400	9767	59825788	59825420	1.95e-105	392
ptg000006l_rc_rotated	ptg000018l_1_1_1	85.984	371	47	5	9254	9621	59825788	59825420	1.95e-105	392
ptg000006l_rc_rotated	ptg000018l_1_1_1	85.984	371	47	5	9108	9475	59825788	59825420	1.95e-105	392
ptg000006l_rc_rotated	ptg000018l_1_1_1	85.984	371	47	5	8670	9037	59825788	59825420	1.95e-105	392
ptg000006l_rc_rotated	ptg000018l_1_1_1	86.339	366	43	7	8584	8945	59825791	59825429	1.95e-105	392
ptg000006l_rc_rotated	ptg000018l_1_1_1	85.714	371	48	5	8962	9329	59825788	59825420	9.06e-104	387
ptg000006l_rc_rotated	ptg000018l_1_1_1	86.066	366	44	7	8438	8799	59825791	59825429	9.06e-104	387
ptg000006l_rc_rotated	ptg000018l_1_1_1	85.637	369	48	5	8818	9183	59825786	59825420	1.17e-102	383
ptg000006l_rc_rotated	ptg000018l_1_1_1	87.576	330	37	4	9627	9954	59825791	59825464	1.52e-101	379
ptg000006l_rc_rotated	ptg000018l_1_1_1	87.576	330	37	4	9189	9516	59825791	59825464	1.52e-101	379
ptg000006l_rc_rotated	ptg000018l_1_1_1	85.175	371	50	5	8524	8891	59825788	59825420	1.96e-100	375
ptg000006l_rc_rotated	ptg000018l_1_1_1	87.273	330	38	4	9773	10100	59825791	59825464	7.05e-100	374
ptg000006l_rc_rotated	ptg000018l_1_1_1	87.273	330	38	4	9481	9808	59825791	59825464	7.05e-100	374
ptg000006l_rc_rotated	ptg000018l_1_1_1	87.273	330	38	4	9335	9662	59825791	59825464	7.05e-100	374
ptg000006l_rc_rotated	ptg000018l_1_1_1	85.095	369	50	5	8380	8745	59825786	59825420	2.54e-99	372
ptg000006l_rc_rotated	ptg000018l_1_1_1	87.195	328	38	4	9919	10244	59825791	59825466	9.12e-99	370
ptg000006l_rc_rotated	ptg000018l_1_1_1	86.970	330	39	4	9043	9370	59825791	59825464	3.28e-98	368
ptg000006l_rc_rotated	ptg000018l_1_1_1	86.970	330	39	4	8897	9224	59825791	59825464	3.28e-98	368
ptg000006l_rc_rotated	ptg000018l_1_1_1	86.970	330	39	4	8751	9078	59825791	59825464	3.28e-98	368
ptg000006l_rc_rotated	ptg000018l_1_1_1	92.188	256	20	0	2387	2642	19176620	19176875	1.53e-96	363
ptg000006l_rc_rotated	ptg000018l_1_1_1	86.667	330	40	4	8605	8932	59825791	59825464	1.53e-96	363
ptg000006l_rc_rotated	ptg000018l_1_1_1	86.667	330	40	4	8459	8786	59825791	59825464	1.53e-96	363
ptg000006l_rc_rotated	ptg000018l_1_1_1	86.667	330	40	4	8313	8640	59825791	59825464	1.53e-96	363
ptg000006l_rc_rotated	ptg000018l_1_1_1	85.470	351	44	7	9838	10184	59825767	59825420	1.97e-95	359
ptg000006l_rc_rotated	ptg000018l_1_1_1	85.470	351	44	7	9400	9746	59825767	59825420	1.97e-95	359
ptg000006l_rc_rotated	ptg000018l_1_1_1	85.143	350	47	5	9692	10038	59825767	59825420	9.19e-94	353
ptg000006l_rc_rotated	ptg000018l_1_1_1	85.143	350	47	5	9546	9892	59825767	59825420	9.19e-94	353
ptg000006l_rc_rotated	ptg000018l_1_1_1	85.143	350	47	5	9254	9600	59825767	59825420	9.19e-94	353
ptg000006l_rc_rotated	ptg000018l_1_1_1	85.143	350	47	5	9108	9454	59825767	59825420	9.19e-94	353
ptg000006l_rc_rotated	ptg000018l_1_1_1	85.143	350	47	5	8670	9016	59825767	59825420	9.19e-94	353
ptg000006l_rc_rotated	ptg000018l_1_1_1	84.857	350	48	5	8962	9308	59825767	59825420	4.27e-92	348
ptg000006l_rc_rotated	ptg000018l_1_1_1	84.770	348	48	5	8818	9162	59825765	59825420	5.53e-91	344
ptg000006l_rc_rotated	ptg000018l_1_1_1	86.025	322	41	4	9648	9967	59825791	59825472	1.99e-90	342
ptg000006l_rc_rotated	ptg000018l_1_1_1	86.025	322	41	4	9210	9529	59825791	59825472	1.99e-90	342
ptg000006l_rc_rotated	ptg000018l_1_1_1	84.286	350	50	5	8524	8870	59825767	59825420	9.25e-89	337
ptg000006l_rc_rotated	ptg000018l_1_1_1	85.241	332	44	5	8271	8599	59825749	59825420	9.25e-89	337
ptg000006l_rc_rotated	ptg000018l_1_1_1	85.714	322	42	4	9794	10113	59825791	59825472	9.25e-89	337
ptg000006l_rc_rotated	ptg000018l_1_1_1	85.714	322	42	4	9502	9821	59825791	59825472	9.25e-89	337
ptg000006l_rc_rotated	ptg000018l_1_1_1	85.714	322	42	4	9356	9675	59825791	59825472	9.25e-89	337
ptg000006l_rc_rotated	ptg000018l_1_1_1	85.714	322	42	4	9064	9383	59825791	59825472	9.25e-89	337
ptg000006l_rc_rotated	ptg000018l_1_1_1	84.195	348	50	5	8380	8724	59825765	59825420	1.20e-87	333
ptg000006l_rc_rotated	ptg000018l_1_1_1	82.888	374	58	6	8772	9141	59825791	59825420	4.30e-87	331
ptg000006l_rc_rotated	ptg000018l_1_1_1	85.404	322	43	4	8918	9237	59825791	59825472	4.30e-87	331
ptg000006l_rc_rotated	ptg000018l_1_1_1	88.448	277	29	3	8670	8945	59825746	59825472	4.30e-87	331
ptg000006l_rc_rotated	ptg000018l_1_1_1	85.093	322	44	4	8480	8799	59825791	59825472	2.00e-85	326
ptg000006l_rc_rotated	ptg000018l_1_1_1	85.993	307	39	4	9940	10244	59825791	59825487	2.00e-85	326
ptg000006l_rc_rotated	ptg000018l_1_1_1	84.472	322	46	4	8334	8653	59825791	59825472	4.33e-82	315
ptg000006l_rc_rotated	ptg000018l_1_1_1	88.550	262	27	3	9984	10244	59825767	59825508	4.33e-82	315
ptg000006l_rc_rotated	ptg000018l_1_1_1	88.550	262	27	3	9984	10244	59825788	59825529	4.33e-82	315
ptg000006l_rc_rotated	ptg000018l_1_1_1	88.755	249	27	1	3534	3782	31852544	31852791	9.38e-79	303
ptg000006l_rc_rotated	ptg000018l_1_1_1	88.934	244	25	2	10002	10244	59825791	59825549	1.21e-77	300
ptg000006l_rc_rotated	ptg000018l_1_1_1	88.703	239	22	5	8272	8507	59825665	59825429	9.45e-74	287
ptg000006l_rc_rotated	ptg000018l_1_1_1	90.654	214	16	4	8111	8321	46149982	46149770	4.40e-72	281
ptg000006l_rc_rotated	ptg000018l_1_1_1	83.280	311	47	5	8271	8578	59825728	59825420	4.40e-72	281
ptg000006l_rc_rotated	ptg000018l_1_1_1	89.498	219	21	2	10023	10240	59825791	59825574	2.05e-70	276
ptg000006l_rc_rotated	ptg000018l_1_1_1	88.444	225	23	3	8271	8494	59825686	59825464	3.42e-68	268
ptg000006l_rc_rotated	ptg000018l_1_1_1	86.555	238	29	3	8271	8507	59825707	59825472	2.06e-65	259
ptg000006l_rc_rotated	ptg000018l_1_1_1	87.168	226	28	1	8271	8495	59825645	59825420	2.66e-64	255
ptg000006l_rc_rotated	ptg000018l_1_1_1	87.558	217	20	3	5958	6172	34955125	34954914	5.77e-61	244
ptg000006l_rc_rotated	ptg000018l_1_1_1	88.614	202	21	2	10044	10244	59825791	59825591	5.77e-61	244
ptg000006l_rc_rotated	ptg000018l_1_1_1	93.293	164	9	2	257	418	35612227	35612390	7.46e-60	241
ptg000006l_rc_rotated	ptg000018l_1_1_1	88.398	181	19	2	10065	10244	59825791	59825612	1.26e-52	217
ptg000006l_rc_rotated	ptg000018l_1_1_1	77.045	379	79	7	14907	15283	10414851	10415223	5.85e-51	211
ptg000006l_rc_rotated	ptg000018l_1_1_1	85.437	206	27	3	8271	8474	59825624	59825420	5.85e-51	211
ptg000006l_rc_rotated	ptg000018l_1_1_1	84.314	204	28	4	13644	13844	9471905	9471703	1.64e-46	196
ptg000006l_rc_rotated	ptg000018l_1_1_1	90.780	141	10	3	12932	13070	60842121	60842260	3.55e-43	185
ptg000006l_rc_rotated	ptg000018l_1_1_1	90.441	136	12	1	8524	8659	35400224	35400090	5.93e-41	178
ptg000006l_rc_rotated	ptg000018l_1_1_1	86.875	160	19	2	10086	10244	59825791	59825633	5.93e-41	178
ptg000006l_rc_rotated	ptg000018l_1_1_1	81.776	214	38	1	15580	15793	61614676	61614888	5.93e-41	178
ptg000006l_rc_rotated	ptg000018l_1_1_1	86.792	159	18	3	8478	8635	35400249	35400093	7.68e-40	174
ptg000006l_rc_rotated	ptg000018l_1_1_1	93.913	115	7	0	10130	10244	59825788	59825674	7.68e-40	174
ptg000006l_rc_rotated	ptg000018l_1_1_1	91.935	124	10	0	2466	2589	67824459	67824582	7.68e-40	174
ptg000006l_rc_rotated	ptg000018l_1_1_1	93.913	115	6	1	10130	10244	59825767	59825654	2.76e-39	172
ptg000006l_rc_rotated	ptg000018l_1_1_1	90.625	128	10	2	10065	10191	18480639	18480513	3.57e-38	169
ptg000006l_rc_rotated	ptg000018l_1_1_1	90.625	128	10	2	9773	9899	18480639	18480513	3.57e-38	169
ptg000006l_rc_rotated	ptg000018l_1_1_1	90.625	128	10	2	9627	9753	18480639	18480513	3.57e-38	169
ptg000006l_rc_rotated	ptg000018l_1_1_1	90.625	128	10	2	9335	9461	18480639	18480513	3.57e-38	169
ptg000006l_rc_rotated	ptg000018l_1_1_1	90.625	128	10	2	9189	9315	18480639	18480513	3.57e-38	169
ptg000006l_rc_rotated	ptg000018l_1_1_1	90.625	128	10	2	8897	9023	18480639	18480513	3.57e-38	169
ptg000006l_rc_rotated	ptg000018l_1_1_1	91.736	121	10	0	8533	8653	40468563	40468683	3.57e-38	169
ptg000006l_rc_rotated	ptg000018l_1_1_1	88.971	136	14	1	8962	9097	35400224	35400090	1.28e-37	167
ptg000006l_rc_rotated	ptg000018l_1_1_1	86.076	158	19	3	8916	9072	35400249	35400094	1.28e-37	167
ptg000006l_rc_rotated	ptg000018l_1_1_1	100.000	89	0	0	12474	12562	2507369	2507457	4.62e-37	165
ptg000006l_rc_rotated	ptg000018l_1_1_1	90.400	125	12	0	2012	2136	66252882	66252758	4.62e-37	165
ptg000006l_rc_rotated	ptg000018l_1_1_1	89.844	128	11	2	9919	10045	18480639	18480513	1.66e-36	163
ptg000006l_rc_rotated	ptg000018l_1_1_1	89.844	128	11	2	9481	9607	18480639	18480513	1.66e-36	163
ptg000006l_rc_rotated	ptg000018l_1_1_1	89.844	128	11	2	9043	9169	18480639	18480513	1.66e-36	163
ptg000006l_rc_rotated	ptg000018l_1_1_1	89.844	128	11	2	8751	8877	18480639	18480513	1.66e-36	163
ptg000006l_rc_rotated	ptg000018l_1_1_1	89.844	128	11	2	8605	8731	18480639	18480513	1.66e-36	163
ptg000006l_rc_rotated	ptg000018l_1_1_1	89.844	128	11	2	8459	8585	18480639	18480513	1.66e-36	163
ptg000006l_rc_rotated	ptg000018l_1_1_1	89.844	128	11	2	8313	8439	18480639	18480513	1.66e-36	163
ptg000006l_rc_rotated	ptg000018l_1_1_1	88.806	134	14	1	8380	8513	35400222	35400090	1.66e-36	163
ptg000006l_rc_rotated	ptg000018l_1_1_1	90.909	121	11	0	8971	9091	40468563	40468683	1.66e-36	163
ptg000006l_rc_rotated	ptg000018l_1_1_1	91.525	118	10	0	8524	8641	40468575	40468692	1.66e-36	163
ptg000006l_rc_rotated	ptg000018l_1_1_1	93.578	109	6	1	8380	8488	35400201	35400094	5.98e-36	161
ptg000006l_rc_rotated	ptg000018l_1_1_1	90.833	120	9	2	9983	10102	18480636	18480519	2.15e-35	159
ptg000006l_rc_rotated	ptg000018l_1_1_1	90.833	120	9	2	9545	9664	18480636	18480519	2.15e-35	159
ptg000006l_rc_rotated	ptg000018l_1_1_1	91.379	116	10	0	8380	8495	40468598	40468713	2.15e-35	159
ptg000006l_rc_rotated	ptg000018l_1_1_1	77.500	280	51	9	12842	13116	20503115	20502843	7.73e-35	158
ptg000006l_rc_rotated	ptg000018l_1_1_1	90.000	120	10	2	9837	9956	18480636	18480519	1.00e-33	154
ptg000006l_rc_rotated	ptg000018l_1_1_1	90.000	120	10	2	9691	9810	18480636	18480519	1.00e-33	154
ptg000006l_rc_rotated	ptg000018l_1_1_1	90.000	120	10	2	9399	9518	18480636	18480519	1.00e-33	154
ptg000006l_rc_rotated	ptg000018l_1_1_1	90.000	120	10	2	9253	9372	18480636	18480519	1.00e-33	154
ptg000006l_rc_rotated	ptg000018l_1_1_1	90.000	120	10	2	8669	8788	18480636	18480519	1.00e-33	154
ptg000006l_rc_rotated	ptg000018l_1_1_1	89.831	118	12	0	8962	9079	40468575	40468692	3.60e-33	152
ptg000006l_rc_rotated	ptg000018l_1_1_1	94.845	97	5	0	10148	10244	59825791	59825695	3.60e-33	152
ptg000006l_rc_rotated	ptg000018l_1_1_1	83.537	164	24	3	8271	8432	59825582	59825420	1.29e-32	150
ptg000006l_rc_rotated	ptg000018l_1_1_1	89.167	120	11	2	9107	9226	18480636	18480519	4.65e-32	148
ptg000006l_rc_rotated	ptg000018l_1_1_1	89.744	117	10	2	8818	8934	18480633	18480519	4.65e-32	148
ptg000006l_rc_rotated	ptg000018l_1_1_1	89.655	116	12	0	8380	8495	40468577	40468692	4.65e-32	148
ptg000006l_rc_rotated	ptg000018l_1_1_1	89.655	116	10	2	10129	10244	18480636	18480523	1.67e-31	147
ptg000006l_rc_rotated	ptg000018l_1_1_1	82.927	164	26	2	8408	8570	40468563	40468725	1.67e-31	147
ptg000006l_rc_rotated	ptg000018l_1_1_1	82.927	164	26	2	8554	8716	40468563	40468725	1.67e-31	147
ptg000006l_rc_rotated	ptg000018l_1_1_1	95.604	91	3	1	8271	8361	59825561	59825472	6.02e-31	145
ptg000006l_rc_rotated	ptg000018l_1_1_1	88.889	117	11	2	8380	8496	18480633	18480519	2.16e-30	143
ptg000006l_rc_rotated	ptg000018l_1_1_1	91.346	104	7	2	9984	10087	18480614	18480513	7.79e-30	141
ptg000006l_rc_rotated	ptg000018l_1_1_1	91.346	104	7	2	9546	9649	18480614	18480513	7.79e-30	141
ptg000006l_rc_rotated	ptg000018l_1_1_1	85.000	140	20	1	1526	1664	33325557	33325418	7.79e-30	141
ptg000006l_rc_rotated	ptg000018l_1_1_1	98.701	77	1	0	8272	8348	59825540	59825464	1.01e-28	137
ptg000006l_rc_rotated	ptg000018l_1_1_1	90.385	104	8	2	10130	10233	18480614	18480513	3.62e-28	135
ptg000006l_rc_rotated	ptg000018l_1_1_1	90.385	104	8	2	9838	9941	18480614	18480513	3.62e-28	135
ptg000006l_rc_rotated	ptg000018l_1_1_1	90.385	104	8	2	9692	9795	18480614	18480513	3.62e-28	135
ptg000006l_rc_rotated	ptg000018l_1_1_1	90.385	104	8	2	9400	9503	18480614	18480513	3.62e-28	135
ptg000006l_rc_rotated	ptg000018l_1_1_1	90.385	104	8	2	9254	9357	18480614	18480513	3.62e-28	135
ptg000006l_rc_rotated	ptg000018l_1_1_1	90.385	104	8	2	8670	8773	18480614	18480513	3.62e-28	135
ptg000006l_rc_rotated	ptg000018l_1_1_1	91.837	98	7	1	8545	8642	35400224	35400128	3.62e-28	135
ptg000006l_rc_rotated	ptg000018l_1_1_1	91.000	100	9	0	12763	12862	60241013	60240914	3.62e-28	135
ptg000006l_rc_rotated	ptg000018l_1_1_1	88.496	113	10	3	10002	10113	18480639	18480529	1.30e-27	134
ptg000006l_rc_rotated	ptg000018l_1_1_1	88.496	113	10	3	9564	9675	18480639	18480529	1.30e-27	134
ptg000006l_rc_rotated	ptg000018l_1_1_1	90.196	102	8	2	8818	8919	18480612	18480513	4.69e-27	132
ptg000006l_rc_rotated	ptg000018l_1_1_1	89.423	104	9	2	9108	9211	18480614	18480513	1.69e-26	130
ptg000006l_rc_rotated	ptg000018l_1_1_1	89.423	104	9	2	8962	9065	18480614	18480513	1.69e-26	130
ptg000006l_rc_rotated	ptg000018l_1_1_1	90.816	98	8	1	8983	9080	35400224	35400128	1.69e-26	130
ptg000006l_rc_rotated	ptg000018l_1_1_1	90.816	98	8	1	8399	8496	35400224	35400128	1.69e-26	130
ptg000006l_rc_rotated	ptg000018l_1_1_1	81.098	164	29	2	8575	8737	40468563	40468725	1.69e-26	130
ptg000006l_rc_rotated	ptg000018l_1_1_1	87.611	113	11	3	9856	9967	18480639	18480529	6.06e-26	128
ptg000006l_rc_rotated	ptg000018l_1_1_1	87.611	113	11	3	9710	9821	18480639	18480529	6.06e-26	128
ptg000006l_rc_rotated	ptg000018l_1_1_1	87.611	113	11	3	9418	9529	18480639	18480529	6.06e-26	128
ptg000006l_rc_rotated	ptg000018l_1_1_1	87.611	113	11	3	9272	9383	18480639	18480529	6.06e-26	128
ptg000006l_rc_rotated	ptg000018l_1_1_1	87.611	113	11	3	9126	9237	18480639	18480529	6.06e-26	128
ptg000006l_rc_rotated	ptg000018l_1_1_1	87.611	113	11	3	8834	8945	18480639	18480529	6.06e-26	128
ptg000006l_rc_rotated	ptg000018l_1_1_1	87.611	113	11	3	8688	8799	18480639	18480529	6.06e-26	128
ptg000006l_rc_rotated	ptg000018l_1_1_1	81.646	158	26	3	8540	8696	35400249	35400094	6.06e-26	128
ptg000006l_rc_rotated	ptg000018l_1_1_1	81.646	158	26	3	8394	8550	35400249	35400094	6.06e-26	128
ptg000006l_rc_rotated	ptg000018l_1_1_1	93.182	88	5	1	8380	8467	35400180	35400094	6.06e-26	128
ptg000006l_rc_rotated	ptg000018l_1_1_1	88.462	104	10	2	8524	8627	18480614	18480513	7.84e-25	124
ptg000006l_rc_rotated	ptg000018l_1_1_1	80.473	169	28	5	12857	13021	24148500	24148333	7.84e-25	124
ptg000006l_rc_rotated	ptg000018l_1_1_1	91.398	93	5	3	8271	8361	59825520	59825429	7.84e-25	124
ptg000006l_rc_rotated	ptg000018l_1_1_1	86.726	113	12	3	8980	9091	18480639	18480529	2.82e-24	122
ptg000006l_rc_rotated	ptg000018l_1_1_1	86.726	113	12	3	8396	8507	18480639	18480529	2.82e-24	122
ptg000006l_rc_rotated	ptg000018l_1_1_1	79.878	164	31	2	9013	9175	40468563	40468725	3.65e-23	119
ptg000006l_rc_rotated	ptg000018l_1_1_1	80.380	158	28	3	8978	9134	35400249	35400094	1.31e-22	117
ptg000006l_rc_rotated	ptg000018l_1_1_1	80.380	158	28	3	8561	8717	35400249	35400094	1.31e-22	117
ptg000006l_rc_rotated	ptg000018l_1_1_1	95.652	69	3	0	8342	8410	13874913	13874981	6.10e-21	111
ptg000006l_rc_rotated	ptg000018l_1_1_1	95.652	69	3	0	8488	8556	13874913	13874981	6.10e-21	111
ptg000006l_rc_rotated	ptg000018l_1_1_1	95.652	69	3	0	8780	8848	13874913	13874981	6.10e-21	111
ptg000006l_rc_rotated	ptg000018l_1_1_1	87.755	98	9	3	10148	10244	18480639	18480544	6.10e-21	111
ptg000006l_rc_rotated	ptg000018l_1_1_1	97.015	67	0	1	11633	11699	48570078	48570014	6.10e-21	111
ptg000006l_rc_rotated	ptg000018l_1_1_1	98.387	62	1	0	10151	10212	18480574	18480513	2.20e-20	110
ptg000006l_rc_rotated	ptg000018l_1_1_1	98.387	62	1	0	9859	9920	18480574	18480513	2.20e-20	110
ptg000006l_rc_rotated	ptg000018l_1_1_1	98.387	62	1	0	9713	9774	18480574	18480513	2.20e-20	110
ptg000006l_rc_rotated	ptg000018l_1_1_1	98.387	62	1	0	9421	9482	18480574	18480513	2.20e-20	110
ptg000006l_rc_rotated	ptg000018l_1_1_1	98.387	62	1	0	9275	9336	18480574	18480513	2.20e-20	110
ptg000006l_rc_rotated	ptg000018l_1_1_1	98.387	62	1	0	9129	9190	18480574	18480513	2.20e-20	110
ptg000006l_rc_rotated	ptg000018l_1_1_1	98.387	62	1	0	8983	9044	18480574	18480513	2.20e-20	110
ptg000006l_rc_rotated	ptg000018l_1_1_1	98.387	62	1	0	8837	8898	18480574	18480513	2.20e-20	110
ptg000006l_rc_rotated	ptg000018l_1_1_1	98.387	62	1	0	8691	8752	18480574	18480513	2.20e-20	110
ptg000006l_rc_rotated	ptg000018l_1_1_1	98.387	62	1	0	8545	8606	18480574	18480513	2.20e-20	110
ptg000006l_rc_rotated	ptg000018l_1_1_1	98.387	62	1	0	8274	8335	18480574	18480513	2.20e-20	110
ptg000006l_rc_rotated	ptg000018l_1_1_1	94.203	69	4	0	8926	8994	13874913	13874981	2.84e-19	106
ptg000006l_rc_rotated	ptg000018l_1_1_1	94.203	69	4	0	9218	9286	13874913	13874981	2.84e-19	106
ptg000006l_rc_rotated	ptg000018l_1_1_1	94.203	69	4	0	9364	9432	13874913	13874981	2.84e-19	106
ptg000006l_rc_rotated	ptg000018l_1_1_1	94.203	69	4	0	9510	9578	13874913	13874981	2.84e-19	106
ptg000006l_rc_rotated	ptg000018l_1_1_1	94.203	69	4	0	9656	9724	13874913	13874981	2.84e-19	106
ptg000006l_rc_rotated	ptg000018l_1_1_1	94.203	69	4	0	9802	9870	13874913	13874981	2.84e-19	106
ptg000006l_rc_rotated	ptg000018l_1_1_1	94.203	69	4	0	9948	10016	13874913	13874981	2.84e-19	106
ptg000006l_rc_rotated	ptg000018l_1_1_1	94.203	69	4	0	10094	10162	13874913	13874981	2.84e-19	106
ptg000006l_rc_rotated	ptg000018l_1_1_1	87.912	91	9	2	8271	8361	18480617	18480529	2.84e-19	106
ptg000006l_rc_rotated	ptg000018l_1_1_1	79.114	158	30	3	8999	9155	35400249	35400094	2.84e-19	106
ptg000006l_rc_rotated	ptg000018l_1_1_1	96.774	62	2	0	8399	8460	18480574	18480513	1.02e-18	104
ptg000006l_rc_rotated	ptg000018l_1_1_1	94.030	67	4	0	8636	8702	13874915	13874981	3.67e-18	102
ptg000006l_rc_rotated	ptg000018l_1_1_1	92.754	69	5	0	9072	9140	13874913	13874981	1.32e-17	100
ptg000006l_rc_rotated	ptg000018l_1_1_1	98.214	56	1	0	8295	8350	18480574	18480519	4.75e-17	99.0
ptg000006l_rc_rotated	ptg000018l_1_1_1	98.214	56	1	0	3780	3835	28102352	28102407	4.75e-17	99.0
ptg000006l_rc_rotated	ptg000018l_1_1_1	98.113	53	1	0	9001	9053	46149820	46149768	2.21e-15	93.5
ptg000006l_rc_rotated	ptg000018l_1_1_1	98.113	53	1	0	8563	8615	46149820	46149768	2.21e-15	93.5
ptg000006l_rc_rotated	ptg000018l_1_1_1	98.113	53	1	0	8396	8448	46149820	46149768	2.21e-15	93.5
ptg000006l_rc_rotated	ptg000018l_1_1_1	86.747	83	11	0	2337	2419	67107413	67107495	2.21e-15	93.5
ptg000006l_rc_rotated	ptg000018l_1_1_1	87.500	80	9	1	14634	14713	26546759	26546837	7.95e-15	91.6
ptg000006l_rc_rotated	ptg000018l_1_1_1	100.000	49	0	0	456	504	64347894	64347846	7.95e-15	91.6
ptg000006l_rc_rotated	ptg000018l_1_1_1	90.909	66	6	0	12546	12611	33516551	33516616	2.86e-14	89.8
ptg000006l_rc_rotated	ptg000018l_1_1_1	98.039	51	1	0	10190	10240	46149820	46149770	2.86e-14	89.8
ptg000006l_rc_rotated	ptg000018l_1_1_1	98.039	51	1	0	10169	10219	46149820	46149770	2.86e-14	89.8
ptg000006l_rc_rotated	ptg000018l_1_1_1	98.039	51	1	0	10148	10198	46149820	46149770	2.86e-14	89.8
ptg000006l_rc_rotated	ptg000018l_1_1_1	98.039	51	1	0	10044	10094	46149820	46149770	2.86e-14	89.8
ptg000006l_rc_rotated	ptg000018l_1_1_1	98.039	51	1	0	10023	10073	46149820	46149770	2.86e-14	89.8
ptg000006l_rc_rotated	ptg000018l_1_1_1	98.039	51	1	0	9898	9948	46149820	46149770	2.86e-14	89.8
ptg000006l_rc_rotated	ptg000018l_1_1_1	98.039	51	1	0	9877	9927	46149820	46149770	2.86e-14	89.8
ptg000006l_rc_rotated	ptg000018l_1_1_1	98.039	51	1	0	9856	9906	46149820	46149770	2.86e-14	89.8
ptg000006l_rc_rotated	ptg000018l_1_1_1	98.039	51	1	0	9752	9802	46149820	46149770	2.86e-14	89.8
ptg000006l_rc_rotated	ptg000018l_1_1_1	98.039	51	1	0	9731	9781	46149820	46149770	2.86e-14	89.8
ptg000006l_rc_rotated	ptg000018l_1_1_1	98.039	51	1	0	9710	9760	46149820	46149770	2.86e-14	89.8
ptg000006l_rc_rotated	ptg000018l_1_1_1	98.039	51	1	0	9606	9656	46149820	46149770	2.86e-14	89.8
ptg000006l_rc_rotated	ptg000018l_1_1_1	98.039	51	1	0	9585	9635	46149820	46149770	2.86e-14	89.8
ptg000006l_rc_rotated	ptg000018l_1_1_1	98.039	51	1	0	9460	9510	46149820	46149770	2.86e-14	89.8
ptg000006l_rc_rotated	ptg000018l_1_1_1	98.039	51	1	0	9439	9489	46149820	46149770	2.86e-14	89.8
ptg000006l_rc_rotated	ptg000018l_1_1_1	98.039	51	1	0	9418	9468	46149820	46149770	2.86e-14	89.8
ptg000006l_rc_rotated	ptg000018l_1_1_1	98.039	51	1	0	9314	9364	46149820	46149770	2.86e-14	89.8
ptg000006l_rc_rotated	ptg000018l_1_1_1	98.039	51	1	0	9293	9343	46149820	46149770	2.86e-14	89.8
ptg000006l_rc_rotated	ptg000018l_1_1_1	98.039	51	1	0	9272	9322	46149820	46149770	2.86e-14	89.8
ptg000006l_rc_rotated	ptg000018l_1_1_1	98.039	51	1	0	9168	9218	46149820	46149770	2.86e-14	89.8
ptg000006l_rc_rotated	ptg000018l_1_1_1	98.039	51	1	0	9147	9197	46149820	46149770	2.86e-14	89.8
ptg000006l_rc_rotated	ptg000018l_1_1_1	98.039	51	1	0	9126	9176	46149820	46149770	2.86e-14	89.8
ptg000006l_rc_rotated	ptg000018l_1_1_1	98.039	51	1	0	8980	9030	46149820	46149770	2.86e-14	89.8
ptg000006l_rc_rotated	ptg000018l_1_1_1	98.039	51	1	0	8876	8926	46149820	46149770	2.86e-14	89.8
ptg000006l_rc_rotated	ptg000018l_1_1_1	98.039	51	1	0	8855	8905	46149820	46149770	2.86e-14	89.8
ptg000006l_rc_rotated	ptg000018l_1_1_1	98.039	51	1	0	8834	8884	46149820	46149770	2.86e-14	89.8
ptg000006l_rc_rotated	ptg000018l_1_1_1	98.039	51	1	0	8730	8780	46149820	46149770	2.86e-14	89.8
ptg000006l_rc_rotated	ptg000018l_1_1_1	98.039	51	1	0	8709	8759	46149820	46149770	2.86e-14	89.8
ptg000006l_rc_rotated	ptg000018l_1_1_1	98.039	51	1	0	8688	8738	46149820	46149770	2.86e-14	89.8
ptg000006l_rc_rotated	ptg000018l_1_1_1	98.039	51	1	0	8542	8592	46149820	46149770	2.86e-14	89.8
ptg000006l_rc_rotated	ptg000018l_1_1_1	98.039	51	1	0	8292	8342	46149820	46149770	2.86e-14	89.8
ptg000006l_rc_rotated	ptg000018l_1_1_1	100.000	48	0	0	9984	10031	46149817	46149770	2.86e-14	89.8
ptg000006l_rc_rotated	ptg000018l_1_1_1	100.000	48	0	0	9546	9593	46149817	46149770	2.86e-14	89.8
ptg000006l_rc_rotated	ptg000018l_1_1_1	90.909	66	6	0	2975	3040	66252674	66252739	2.86e-14	89.8
ptg000006l_rc_rotated	ptg000018l_1_1_1	96.226	53	2	0	8584	8636	46149820	46149768	1.03e-13	87.9
ptg000006l_rc_rotated	ptg000018l_1_1_1	94.737	57	2	1	10839	10895	75447495	75447550	1.03e-13	87.9
ptg000006l_rc_rotated	ptg000018l_1_1_1	96.078	51	2	0	9022	9072	46149820	46149770	1.33e-12	84.2
ptg000006l_rc_rotated	ptg000018l_1_1_1	96.078	51	2	0	8438	8488	46149820	46149770	1.33e-12	84.2
ptg000006l_rc_rotated	ptg000018l_1_1_1	96.078	51	2	0	8417	8467	46149820	46149770	1.33e-12	84.2
ptg000006l_rc_rotated	ptg000018l_1_1_1	97.917	48	1	0	10130	10177	46149817	46149770	1.33e-12	84.2
ptg000006l_rc_rotated	ptg000018l_1_1_1	97.917	48	1	0	9838	9885	46149817	46149770	1.33e-12	84.2
ptg000006l_rc_rotated	ptg000018l_1_1_1	97.917	48	1	0	9692	9739	46149817	46149770	1.33e-12	84.2
ptg000006l_rc_rotated	ptg000018l_1_1_1	97.917	48	1	0	9400	9447	46149817	46149770	1.33e-12	84.2
ptg000006l_rc_rotated	ptg000018l_1_1_1	97.917	48	1	0	9254	9301	46149817	46149770	1.33e-12	84.2
ptg000006l_rc_rotated	ptg000018l_1_1_1	97.917	48	1	0	8962	9009	46149817	46149770	1.33e-12	84.2
ptg000006l_rc_rotated	ptg000018l_1_1_1	97.917	48	1	0	8670	8717	46149817	46149770	1.33e-12	84.2
ptg000006l_rc_rotated	ptg000018l_1_1_1	97.872	47	1	0	4251	4297	18187183	18187137	4.79e-12	82.4
ptg000006l_rc_rotated	ptg000018l_1_1_1	86.076	79	8	3	8240	8315	56380868	56380946	4.79e-12	82.4
ptg000006l_rc_rotated	ptg000018l_1_1_1	97.917	48	0	1	9583	9629	56380899	56380946	4.79e-12	82.4
ptg000006l_rc_rotated	ptg000018l_1_1_1	97.917	48	0	1	10021	10067	56380899	56380946	4.79e-12	82.4
ptg000006l_rc_rotated	ptg000018l_1_1_1	94.231	52	3	0	10065	10116	46149820	46149769	1.72e-11	80.5
ptg000006l_rc_rotated	ptg000018l_1_1_1	94.231	52	3	0	9919	9970	46149820	46149769	1.72e-11	80.5
ptg000006l_rc_rotated	ptg000018l_1_1_1	94.231	52	3	0	9773	9824	46149820	46149769	1.72e-11	80.5
ptg000006l_rc_rotated	ptg000018l_1_1_1	94.231	52	3	0	9627	9678	46149820	46149769	1.72e-11	80.5
ptg000006l_rc_rotated	ptg000018l_1_1_1	94.231	52	3	0	9481	9532	46149820	46149769	1.72e-11	80.5
ptg000006l_rc_rotated	ptg000018l_1_1_1	94.231	52	3	0	9335	9386	46149820	46149769	1.72e-11	80.5
ptg000006l_rc_rotated	ptg000018l_1_1_1	94.231	52	3	0	9189	9240	46149820	46149769	1.72e-11	80.5
ptg000006l_rc_rotated	ptg000018l_1_1_1	94.231	52	3	0	8897	8948	46149820	46149769	1.72e-11	80.5
ptg000006l_rc_rotated	ptg000018l_1_1_1	94.231	52	3	0	8751	8802	46149820	46149769	1.72e-11	80.5
ptg000006l_rc_rotated	ptg000018l_1_1_1	94.231	52	3	0	8459	8510	46149820	46149769	1.72e-11	80.5
ptg000006l_rc_rotated	ptg000018l_1_1_1	94.231	52	3	0	8313	8364	46149820	46149769	1.72e-11	80.5
ptg000006l_rc_rotated	ptg000018l_1_1_1	97.826	46	1	0	8818	8863	46149815	46149770	1.72e-11	80.5
ptg000006l_rc_rotated	ptg000018l_1_1_1	97.826	46	1	0	8380	8425	46149815	46149770	1.72e-11	80.5
ptg000006l_rc_rotated	ptg000018l_1_1_1	94.340	53	1	2	8396	8447	56380901	56380952	1.72e-11	80.5
ptg000006l_rc_rotated	ptg000018l_1_1_1	94.340	53	1	2	8563	8614	56380901	56380952	1.72e-11	80.5
ptg000006l_rc_rotated	ptg000018l_1_1_1	94.340	53	1	2	9001	9052	56380901	56380952	1.72e-11	80.5
ptg000006l_rc_rotated	ptg000018l_1_1_1	100.000	42	0	0	8419	8460	7585824	7585865	6.19e-11	78.7
ptg000006l_rc_rotated	ptg000018l_1_1_1	100.000	42	0	0	8586	8627	7585824	7585865	6.19e-11	78.7
ptg000006l_rc_rotated	ptg000018l_1_1_1	100.000	42	0	0	9024	9065	7585824	7585865	6.19e-11	78.7
ptg000006l_rc_rotated	ptg000018l_1_1_1	88.235	68	4	3	8589	8653	34529915	34529849	6.19e-11	78.7
ptg000006l_rc_rotated	ptg000018l_1_1_1	95.833	48	2	0	9108	9155	46149817	46149770	6.19e-11	78.7
ptg000006l_rc_rotated	ptg000018l_1_1_1	95.833	48	2	0	8524	8571	46149817	46149770	6.19e-11	78.7
ptg000006l_rc_rotated	ptg000018l_1_1_1	97.826	46	0	1	8292	8336	56380901	56380946	6.19e-11	78.7
ptg000006l_rc_rotated	ptg000018l_1_1_1	97.826	46	0	1	8542	8586	56380901	56380946	6.19e-11	78.7
ptg000006l_rc_rotated	ptg000018l_1_1_1	97.826	46	0	1	8688	8732	56380901	56380946	6.19e-11	78.7
ptg000006l_rc_rotated	ptg000018l_1_1_1	97.826	46	0	1	8709	8753	56380901	56380946	6.19e-11	78.7
ptg000006l_rc_rotated	ptg000018l_1_1_1	97.826	46	0	1	8730	8774	56380901	56380946	6.19e-11	78.7
ptg000006l_rc_rotated	ptg000018l_1_1_1	97.826	46	0	1	8834	8878	56380901	56380946	6.19e-11	78.7
ptg000006l_rc_rotated	ptg000018l_1_1_1	97.826	46	0	1	8855	8899	56380901	56380946	6.19e-11	78.7
ptg000006l_rc_rotated	ptg000018l_1_1_1	97.826	46	0	1	8876	8920	56380901	56380946	6.19e-11	78.7
ptg000006l_rc_rotated	ptg000018l_1_1_1	97.826	46	0	1	8980	9024	56380901	56380946	6.19e-11	78.7
ptg000006l_rc_rotated	ptg000018l_1_1_1	97.826	46	0	1	9126	9170	56380901	56380946	6.19e-11	78.7
ptg000006l_rc_rotated	ptg000018l_1_1_1	97.826	46	0	1	9147	9191	56380901	56380946	6.19e-11	78.7
ptg000006l_rc_rotated	ptg000018l_1_1_1	97.826	46	0	1	9168	9212	56380901	56380946	6.19e-11	78.7
ptg000006l_rc_rotated	ptg000018l_1_1_1	97.826	46	0	1	9272	9316	56380901	56380946	6.19e-11	78.7
ptg000006l_rc_rotated	ptg000018l_1_1_1	97.826	46	0	1	9293	9337	56380901	56380946	6.19e-11	78.7
ptg000006l_rc_rotated	ptg000018l_1_1_1	97.826	46	0	1	9314	9358	56380901	56380946	6.19e-11	78.7
ptg000006l_rc_rotated	ptg000018l_1_1_1	97.826	46	0	1	9418	9462	56380901	56380946	6.19e-11	78.7
ptg000006l_rc_rotated	ptg000018l_1_1_1	97.826	46	0	1	9439	9483	56380901	56380946	6.19e-11	78.7
ptg000006l_rc_rotated	ptg000018l_1_1_1	97.826	46	0	1	9460	9504	56380901	56380946	6.19e-11	78.7
ptg000006l_rc_rotated	ptg000018l_1_1_1	97.826	46	0	1	9606	9650	56380901	56380946	6.19e-11	78.7
ptg000006l_rc_rotated	ptg000018l_1_1_1	97.826	46	0	1	9710	9754	56380901	56380946	6.19e-11	78.7
ptg000006l_rc_rotated	ptg000018l_1_1_1	97.826	46	0	1	9731	9775	56380901	56380946	6.19e-11	78.7
ptg000006l_rc_rotated	ptg000018l_1_1_1	97.826	46	0	1	9752	9796	56380901	56380946	6.19e-11	78.7
ptg000006l_rc_rotated	ptg000018l_1_1_1	97.826	46	0	1	9856	9900	56380901	56380946	6.19e-11	78.7
ptg000006l_rc_rotated	ptg000018l_1_1_1	97.826	46	0	1	9877	9921	56380901	56380946	6.19e-11	78.7
ptg000006l_rc_rotated	ptg000018l_1_1_1	97.826	46	0	1	9898	9942	56380901	56380946	6.19e-11	78.7
ptg000006l_rc_rotated	ptg000018l_1_1_1	97.826	46	0	1	10044	10088	56380901	56380946	6.19e-11	78.7
ptg000006l_rc_rotated	ptg000018l_1_1_1	97.826	46	0	1	10148	10192	56380901	56380946	6.19e-11	78.7
ptg000006l_rc_rotated	ptg000018l_1_1_1	97.826	46	0	1	10169	10213	56380901	56380946	6.19e-11	78.7
ptg000006l_rc_rotated	ptg000018l_1_1_1	97.826	46	0	1	10190	10234	56380901	56380946	6.19e-11	78.7
ptg000006l_rc_rotated	ptg000018l_1_1_1	100.000	42	0	0	8670	8711	56380905	56380946	6.19e-11	78.7
ptg000006l_rc_rotated	ptg000018l_1_1_1	100.000	42	0	0	8962	9003	56380905	56380946	6.19e-11	78.7
ptg000006l_rc_rotated	ptg000018l_1_1_1	100.000	42	0	0	9254	9295	56380905	56380946	6.19e-11	78.7
ptg000006l_rc_rotated	ptg000018l_1_1_1	100.000	42	0	0	9400	9441	56380905	56380946	6.19e-11	78.7
ptg000006l_rc_rotated	ptg000018l_1_1_1	100.000	42	0	0	9692	9733	56380905	56380946	6.19e-11	78.7
ptg000006l_rc_rotated	ptg000018l_1_1_1	100.000	42	0	0	9838	9879	56380905	56380946	6.19e-11	78.7
ptg000006l_rc_rotated	ptg000018l_1_1_1	100.000	42	0	0	10130	10171	56380905	56380946	6.19e-11	78.7
ptg000006l_rc_rotated	ptg000018l_1_1_1	95.652	46	2	0	9583	9628	7585820	7585865	8.01e-10	75.0
ptg000006l_rc_rotated	ptg000018l_1_1_1	95.652	46	2	0	10021	10066	7585820	7585865	8.01e-10	75.0
ptg000006l_rc_rotated	ptg000018l_1_1_1	90.909	55	5	0	9006	9060	34529915	34529861	8.01e-10	75.0
ptg000006l_rc_rotated	ptg000018l_1_1_1	90.909	55	5	0	8568	8622	34529915	34529861	8.01e-10	75.0
ptg000006l_rc_rotated	ptg000018l_1_1_1	90.909	55	5	0	8422	8476	34529915	34529861	8.01e-10	75.0
ptg000006l_rc_rotated	ptg000018l_1_1_1	90.909	55	5	0	8401	8455	34529915	34529861	8.01e-10	75.0
ptg000006l_rc_rotated	ptg000018l_1_1_1	92.308	52	4	0	9043	9094	46149820	46149769	8.01e-10	75.0
ptg000006l_rc_rotated	ptg000018l_1_1_1	100.000	40	0	0	8380	8419	56380907	56380946	8.01e-10	75.0
ptg000006l_rc_rotated	ptg000018l_1_1_1	100.000	40	0	0	8818	8857	56380907	56380946	8.01e-10	75.0
ptg000006l_rc_rotated	ptg000018l_1_1_1	97.619	42	1	0	8294	8335	7585824	7585865	2.88e-09	73.1
ptg000006l_rc_rotated	ptg000018l_1_1_1	97.619	42	1	0	8398	8439	7585824	7585865	2.88e-09	73.1
ptg000006l_rc_rotated	ptg000018l_1_1_1	97.619	42	1	0	8544	8585	7585824	7585865	2.88e-09	73.1
ptg000006l_rc_rotated	ptg000018l_1_1_1	97.619	42	1	0	8565	8606	7585824	7585865	2.88e-09	73.1
ptg000006l_rc_rotated	ptg000018l_1_1_1	97.619	42	1	0	8690	8731	7585824	7585865	2.88e-09	73.1
ptg000006l_rc_rotated	ptg000018l_1_1_1	97.619	42	1	0	8711	8752	7585824	7585865	2.88e-09	73.1
ptg000006l_rc_rotated	ptg000018l_1_1_1	97.619	42	1	0	8732	8773	7585824	7585865	2.88e-09	73.1
ptg000006l_rc_rotated	ptg000018l_1_1_1	97.619	42	1	0	8836	8877	7585824	7585865	2.88e-09	73.1
ptg000006l_rc_rotated	ptg000018l_1_1_1	97.619	42	1	0	8857	8898	7585824	7585865	2.88e-09	73.1
ptg000006l_rc_rotated	ptg000018l_1_1_1	97.619	42	1	0	8878	8919	7585824	7585865	2.88e-09	73.1
ptg000006l_rc_rotated	ptg000018l_1_1_1	97.619	42	1	0	8982	9023	7585824	7585865	2.88e-09	73.1
ptg000006l_rc_rotated	ptg000018l_1_1_1	97.619	42	1	0	9003	9044	7585824	7585865	2.88e-09	73.1
ptg000006l_rc_rotated	ptg000018l_1_1_1	97.619	42	1	0	9128	9169	7585824	7585865	2.88e-09	73.1
ptg000006l_rc_rotated	ptg000018l_1_1_1	97.619	42	1	0	9149	9190	7585824	7585865	2.88e-09	73.1
ptg000006l_rc_rotated	ptg000018l_1_1_1	97.619	42	1	0	9170	9211	7585824	7585865	2.88e-09	73.1
ptg000006l_rc_rotated	ptg000018l_1_1_1	97.619	42	1	0	9274	9315	7585824	7585865	2.88e-09	73.1
ptg000006l_rc_rotated	ptg000018l_1_1_1	97.619	42	1	0	9295	9336	7585824	7585865	2.88e-09	73.1
ptg000006l_rc_rotated	ptg000018l_1_1_1	97.619	42	1	0	9316	9357	7585824	7585865	2.88e-09	73.1
ptg000006l_rc_rotated	ptg000018l_1_1_1	97.619	42	1	0	9420	9461	7585824	7585865	2.88e-09	73.1
ptg000006l_rc_rotated	ptg000018l_1_1_1	97.619	42	1	0	9441	9482	7585824	7585865	2.88e-09	73.1
ptg000006l_rc_rotated	ptg000018l_1_1_1	97.619	42	1	0	9462	9503	7585824	7585865	2.88e-09	73.1
ptg000006l_rc_rotated	ptg000018l_1_1_1	97.619	42	1	0	9608	9649	7585824	7585865	2.88e-09	73.1
ptg000006l_rc_rotated	ptg000018l_1_1_1	97.619	42	1	0	9712	9753	7585824	7585865	2.88e-09	73.1
ptg000006l_rc_rotated	ptg000018l_1_1_1	97.619	42	1	0	9733	9774	7585824	7585865	2.88e-09	73.1
ptg000006l_rc_rotated	ptg000018l_1_1_1	97.619	42	1	0	9754	9795	7585824	7585865	2.88e-09	73.1
ptg000006l_rc_rotated	ptg000018l_1_1_1	97.619	42	1	0	9858	9899	7585824	7585865	2.88e-09	73.1
ptg000006l_rc_rotated	ptg000018l_1_1_1	97.619	42	1	0	9879	9920	7585824	7585865	2.88e-09	73.1
ptg000006l_rc_rotated	ptg000018l_1_1_1	97.619	42	1	0	9900	9941	7585824	7585865	2.88e-09	73.1
ptg000006l_rc_rotated	ptg000018l_1_1_1	97.619	42	1	0	10046	10087	7585824	7585865	2.88e-09	73.1
ptg000006l_rc_rotated	ptg000018l_1_1_1	97.619	42	1	0	10150	10191	7585824	7585865	2.88e-09	73.1
ptg000006l_rc_rotated	ptg000018l_1_1_1	97.619	42	1	0	10171	10212	7585824	7585865	2.88e-09	73.1
ptg000006l_rc_rotated	ptg000018l_1_1_1	97.619	42	1	0	10192	10233	7585824	7585865	2.88e-09	73.1
ptg000006l_rc_rotated	ptg000018l_1_1_1	86.765	68	5	3	9027	9091	34529915	34529849	2.88e-09	73.1
ptg000006l_rc_rotated	ptg000018l_1_1_1	95.652	46	1	1	8438	8482	56380901	56380946	2.88e-09	73.1
ptg000006l_rc_rotated	ptg000018l_1_1_1	97.619	42	1	0	8524	8565	56380905	56380946	2.88e-09	73.1
ptg000006l_rc_rotated	ptg000018l_1_1_1	97.619	42	1	0	9108	9149	56380905	56380946	2.88e-09	73.1
ptg000006l_rc_rotated	ptg000018l_1_1_1	97.619	42	1	0	9546	9587	56380905	56380946	2.88e-09	73.1
ptg000006l_rc_rotated	ptg000018l_1_1_1	97.619	42	1	0	9984	10025	56380905	56380946	2.88e-09	73.1
ptg000006l_rc_rotated	ptg000018l_1_1_1	97.619	42	1	0	10105	10146	72012733	72012692	2.88e-09	73.1
ptg000006l_rc_rotated	ptg000018l_1_1_1	97.619	42	1	0	9959	10000	72012733	72012692	2.88e-09	73.1
ptg000006l_rc_rotated	ptg000018l_1_1_1	97.619	42	1	0	9813	9854	72012733	72012692	2.88e-09	73.1
ptg000006l_rc_rotated	ptg000018l_1_1_1	97.619	42	1	0	9667	9708	72012733	72012692	2.88e-09	73.1
ptg000006l_rc_rotated	ptg000018l_1_1_1	97.619	42	1	0	9521	9562	72012733	72012692	2.88e-09	73.1
ptg000006l_rc_rotated	ptg000018l_1_1_1	97.619	42	1	0	9375	9416	72012733	72012692	2.88e-09	73.1
ptg000006l_rc_rotated	ptg000018l_1_1_1	97.619	42	1	0	9229	9270	72012733	72012692	2.88e-09	73.1
ptg000006l_rc_rotated	ptg000018l_1_1_1	97.619	42	1	0	8937	8978	72012733	72012692	2.88e-09	73.1
ptg000006l_rc_rotated	ptg000018l_1_1_1	97.619	42	1	0	8645	8686	72012733	72012692	2.88e-09	73.1
ptg000006l_rc_rotated	ptg000018l_1_1_1	78.030	132	14	11	6319	6435	46150153	46150022	3.73e-08	69.4
ptg000006l_rc_rotated	ptg000018l_1_1_1	78.030	132	13	12	7499	7615	46150152	46150022	3.73e-08	69.4
ptg000006l_rc_rotated	ptg000018l_1_1_1	93.333	45	3	0	9016	9060	34535550	34535506	1.34e-07	67.6
ptg000006l_rc_rotated	ptg000018l_1_1_1	93.333	45	3	0	8578	8622	34535550	34535506	1.34e-07	67.6
ptg000006l_rc_rotated	ptg000018l_1_1_1	93.333	45	3	0	8411	8455	34535550	34535506	1.34e-07	67.6
ptg000006l_rc_rotated	ptg000018l_1_1_1	91.489	47	4	0	15028	15074	38182652	38182698	4.82e-07	65.8
ptg000006l_rc_rotated	ptg000018l_1_1_1	95.238	42	1	1	7929	7970	46150062	46150022	4.82e-07	65.8
ptg000006l_rc_rotated	ptg000018l_1_1_1	97.436	39	0	1	8313	8350	56380901	56380939	4.82e-07	65.8
ptg000006l_rc_rotated	ptg000018l_1_1_1	97.436	39	0	1	8459	8496	56380901	56380939	4.82e-07	65.8
ptg000006l_rc_rotated	ptg000018l_1_1_1	97.436	39	0	1	8751	8788	56380901	56380939	4.82e-07	65.8
ptg000006l_rc_rotated	ptg000018l_1_1_1	97.436	39	0	1	8897	8934	56380901	56380939	4.82e-07	65.8
ptg000006l_rc_rotated	ptg000018l_1_1_1	97.436	39	0	1	9189	9226	56380901	56380939	4.82e-07	65.8
ptg000006l_rc_rotated	ptg000018l_1_1_1	97.436	39	0	1	9335	9372	56380901	56380939	4.82e-07	65.8
ptg000006l_rc_rotated	ptg000018l_1_1_1	97.436	39	0	1	9481	9518	56380901	56380939	4.82e-07	65.8
ptg000006l_rc_rotated	ptg000018l_1_1_1	97.436	39	0	1	9627	9664	56380901	56380939	4.82e-07	65.8
ptg000006l_rc_rotated	ptg000018l_1_1_1	97.436	39	0	1	9773	9810	56380901	56380939	4.82e-07	65.8
ptg000006l_rc_rotated	ptg000018l_1_1_1	97.436	39	0	1	9919	9956	56380901	56380939	4.82e-07	65.8
ptg000006l_rc_rotated	ptg000018l_1_1_1	97.436	39	0	1	10065	10102	56380901	56380939	4.82e-07	65.8
ptg000006l_rc_rotated	ptg000018l_1_1_1	97.297	37	1	0	3778	3814	15303113	15303077	1.73e-06	63.9
ptg000006l_rc_rotated	ptg000018l_1_1_1	100.000	34	0	0	10205	10238	34535550	34535517	1.73e-06	63.9
ptg000006l_rc_rotated	ptg000018l_1_1_1	100.000	34	0	0	10184	10217	34535550	34535517	1.73e-06	63.9
ptg000006l_rc_rotated	ptg000018l_1_1_1	100.000	34	0	0	10163	10196	34535550	34535517	1.73e-06	63.9
ptg000006l_rc_rotated	ptg000018l_1_1_1	100.000	34	0	0	10142	10175	34535550	34535517	1.73e-06	63.9
ptg000006l_rc_rotated	ptg000018l_1_1_1	100.000	34	0	0	10059	10092	34535550	34535517	1.73e-06	63.9
ptg000006l_rc_rotated	ptg000018l_1_1_1	100.000	34	0	0	10038	10071	34535550	34535517	1.73e-06	63.9
ptg000006l_rc_rotated	ptg000018l_1_1_1	100.000	34	0	0	9913	9946	34535550	34535517	1.73e-06	63.9
ptg000006l_rc_rotated	ptg000018l_1_1_1	100.000	34	0	0	9892	9925	34535550	34535517	1.73e-06	63.9
ptg000006l_rc_rotated	ptg000018l_1_1_1	100.000	34	0	0	9871	9904	34535550	34535517	1.73e-06	63.9
ptg000006l_rc_rotated	ptg000018l_1_1_1	100.000	34	0	0	9850	9883	34535550	34535517	1.73e-06	63.9
ptg000006l_rc_rotated	ptg000018l_1_1_1	100.000	34	0	0	9767	9800	34535550	34535517	1.73e-06	63.9
ptg000006l_rc_rotated	ptg000018l_1_1_1	100.000	34	0	0	9746	9779	34535550	34535517	1.73e-06	63.9
ptg000006l_rc_rotated	ptg000018l_1_1_1	100.000	34	0	0	9725	9758	34535550	34535517	1.73e-06	63.9
ptg000006l_rc_rotated	ptg000018l_1_1_1	100.000	34	0	0	9704	9737	34535550	34535517	1.73e-06	63.9
ptg000006l_rc_rotated	ptg000018l_1_1_1	100.000	34	0	0	9621	9654	34535550	34535517	1.73e-06	63.9
ptg000006l_rc_rotated	ptg000018l_1_1_1	100.000	34	0	0	9600	9633	34535550	34535517	1.73e-06	63.9
ptg000006l_rc_rotated	ptg000018l_1_1_1	100.000	34	0	0	9475	9508	34535550	34535517	1.73e-06	63.9
ptg000006l_rc_rotated	ptg000018l_1_1_1	100.000	34	0	0	9454	9487	34535550	34535517	1.73e-06	63.9
ptg000006l_rc_rotated	ptg000018l_1_1_1	100.000	34	0	0	9433	9466	34535550	34535517	1.73e-06	63.9
ptg000006l_rc_rotated	ptg000018l_1_1_1	100.000	34	0	0	9412	9445	34535550	34535517	1.73e-06	63.9
ptg000006l_rc_rotated	ptg000018l_1_1_1	100.000	34	0	0	9329	9362	34535550	34535517	1.73e-06	63.9
ptg000006l_rc_rotated	ptg000018l_1_1_1	100.000	34	0	0	9308	9341	34535550	34535517	1.73e-06	63.9
ptg000006l_rc_rotated	ptg000018l_1_1_1	100.000	34	0	0	9287	9320	34535550	34535517	1.73e-06	63.9
ptg000006l_rc_rotated	ptg000018l_1_1_1	100.000	34	0	0	9266	9299	34535550	34535517	1.73e-06	63.9
ptg000006l_rc_rotated	ptg000018l_1_1_1	100.000	34	0	0	9183	9216	34535550	34535517	1.73e-06	63.9
ptg000006l_rc_rotated	ptg000018l_1_1_1	100.000	34	0	0	9162	9195	34535550	34535517	1.73e-06	63.9
ptg000006l_rc_rotated	ptg000018l_1_1_1	100.000	34	0	0	9141	9174	34535550	34535517	1.73e-06	63.9
ptg000006l_rc_rotated	ptg000018l_1_1_1	100.000	34	0	0	9120	9153	34535550	34535517	1.73e-06	63.9
ptg000006l_rc_rotated	ptg000018l_1_1_1	100.000	34	0	0	8995	9028	34535550	34535517	1.73e-06	63.9
ptg000006l_rc_rotated	ptg000018l_1_1_1	100.000	34	0	0	8974	9007	34535550	34535517	1.73e-06	63.9
ptg000006l_rc_rotated	ptg000018l_1_1_1	100.000	34	0	0	8891	8924	34535550	34535517	1.73e-06	63.9
ptg000006l_rc_rotated	ptg000018l_1_1_1	100.000	34	0	0	8870	8903	34535550	34535517	1.73e-06	63.9
ptg000006l_rc_rotated	ptg000018l_1_1_1	100.000	34	0	0	8849	8882	34535550	34535517	1.73e-06	63.9
ptg000006l_rc_rotated	ptg000018l_1_1_1	100.000	34	0	0	8828	8861	34535550	34535517	1.73e-06	63.9
ptg000006l_rc_rotated	ptg000018l_1_1_1	100.000	34	0	0	8745	8778	34535550	34535517	1.73e-06	63.9
ptg000006l_rc_rotated	ptg000018l_1_1_1	100.000	34	0	0	8724	8757	34535550	34535517	1.73e-06	63.9
ptg000006l_rc_rotated	ptg000018l_1_1_1	100.000	34	0	0	8703	8736	34535550	34535517	1.73e-06	63.9
ptg000006l_rc_rotated	ptg000018l_1_1_1	100.000	34	0	0	8682	8715	34535550	34535517	1.73e-06	63.9
ptg000006l_rc_rotated	ptg000018l_1_1_1	100.000	34	0	0	8557	8590	34535550	34535517	1.73e-06	63.9
ptg000006l_rc_rotated	ptg000018l_1_1_1	100.000	34	0	0	8536	8569	34535550	34535517	1.73e-06	63.9
ptg000006l_rc_rotated	ptg000018l_1_1_1	100.000	34	0	0	8453	8486	34535550	34535517	1.73e-06	63.9
ptg000006l_rc_rotated	ptg000018l_1_1_1	100.000	34	0	0	8390	8423	34535550	34535517	1.73e-06	63.9
ptg000006l_rc_rotated	ptg000018l_1_1_1	100.000	34	0	0	8307	8340	34535550	34535517	1.73e-06	63.9
ptg000006l_rc_rotated	ptg000018l_1_1_1	100.000	34	0	0	8286	8319	34535550	34535517	1.73e-06	63.9
ptg000006l_rc_rotated	ptg000018l_1_1_1	100.000	34	0	0	10211	10244	46149820	46149787	1.73e-06	63.9
ptg000006l_rc_rotated	ptg000018l_1_1_1	97.222	36	1	0	8315	8350	7585824	7585859	6.24e-06	62.1
ptg000006l_rc_rotated	ptg000018l_1_1_1	97.222	36	1	0	8461	8496	7585824	7585859	6.24e-06	62.1
ptg000006l_rc_rotated	ptg000018l_1_1_1	97.222	36	1	0	8607	8642	7585824	7585859	6.24e-06	62.1
ptg000006l_rc_rotated	ptg000018l_1_1_1	97.222	36	1	0	8753	8788	7585824	7585859	6.24e-06	62.1
ptg000006l_rc_rotated	ptg000018l_1_1_1	97.222	36	1	0	8899	8934	7585824	7585859	6.24e-06	62.1
ptg000006l_rc_rotated	ptg000018l_1_1_1	97.222	36	1	0	9191	9226	7585824	7585859	6.24e-06	62.1
ptg000006l_rc_rotated	ptg000018l_1_1_1	97.222	36	1	0	9337	9372	7585824	7585859	6.24e-06	62.1
ptg000006l_rc_rotated	ptg000018l_1_1_1	97.222	36	1	0	9483	9518	7585824	7585859	6.24e-06	62.1
ptg000006l_rc_rotated	ptg000018l_1_1_1	97.222	36	1	0	9629	9664	7585824	7585859	6.24e-06	62.1
ptg000006l_rc_rotated	ptg000018l_1_1_1	97.222	36	1	0	9775	9810	7585824	7585859	6.24e-06	62.1
ptg000006l_rc_rotated	ptg000018l_1_1_1	97.222	36	1	0	9921	9956	7585824	7585859	6.24e-06	62.1
ptg000006l_rc_rotated	ptg000018l_1_1_1	97.222	36	1	0	10067	10102	7585824	7585859	6.24e-06	62.1
ptg000006l_rc_rotated	ptg000018l_1_1_1	97.222	36	1	0	12808	12843	14667676	14667711	6.24e-06	62.1
ptg000006l_rc_rotated	ptg000018l_1_1_1	94.872	39	1	1	9043	9080	56380901	56380939	2.24e-05	60.2
ptg000006l_rc_rotated	ptg000018l_1_1_1	97.059	34	1	0	10017	10050	34535550	34535517	8.07e-05	58.4
ptg000006l_rc_rotated	ptg000018l_1_1_1	97.059	34	1	0	9579	9612	34535550	34535517	8.07e-05	58.4
ptg000006l_rc_rotated	ptg000018l_1_1_1	97.143	35	0	1	10211	10244	56380901	56380935	8.07e-05	58.4
ptg000006l_rc_rotated	ptg000018l_1_1_1	96.875	32	1	0	10213	10244	7585824	7585855	0.001	54.7
ptg000006l_rc_rotated	ptg000018l_1_1_1	100.000	28	0	0	5256	5283	53626289	53626262	0.004	52.8
ptg000006l_rc_rotated	ptg000039l_1_1_1	87.597	774	94	2	4300	5072	9373506	9372734	0.0	896
ptg000006l_rc_rotated	ptg000039l_1_1_1	89.458	332	27	5	12025	12355	53249460	53249784	1.49e-111	412
ptg000006l_rc_rotated	ptg000039l_1_1_1	91.915	235	15	3	2196	2430	77148260	77148490	2.00e-85	326
ptg000006l_rc_rotated	ptg000039l_1_1_1	79.522	293	41	9	17082	17357	4830991	4830701	7.62e-45	191
ptg000006l_rc_rotated	ptg000039l_1_1_1	97.170	106	3	0	18230	18335	29478095	29477990	1.65e-41	180
ptg000006l_rc_rotated	ptg000039l_1_1_1	93.220	118	8	0	1819	1936	96572432	96572315	7.68e-40	174
ptg000006l_rc_rotated	ptg000039l_1_1_1	93.137	102	5	2	11748	11847	78770969	78770868	4.65e-32	148
ptg000006l_rc_rotated	ptg000039l_1_1_1	96.471	85	3	0	8398	8482	8661286	8661202	7.79e-30	141
ptg000006l_rc_rotated	ptg000039l_1_1_1	93.617	94	5	1	8515	8607	8661295	8661202	2.80e-29	139
ptg000006l_rc_rotated	ptg000039l_1_1_1	95.294	85	4	0	10150	10234	8661286	8661202	3.62e-28	135
ptg000006l_rc_rotated	ptg000039l_1_1_1	95.294	85	4	0	9858	9942	8661286	8661202	3.62e-28	135
ptg000006l_rc_rotated	ptg000039l_1_1_1	95.294	85	4	0	9712	9796	8661286	8661202	3.62e-28	135
ptg000006l_rc_rotated	ptg000039l_1_1_1	95.294	85	4	0	9420	9504	8661286	8661202	3.62e-28	135
ptg000006l_rc_rotated	ptg000039l_1_1_1	95.294	85	4	0	9274	9358	8661286	8661202	3.62e-28	135
ptg000006l_rc_rotated	ptg000039l_1_1_1	95.294	85	4	0	9128	9212	8661286	8661202	3.62e-28	135
ptg000006l_rc_rotated	ptg000039l_1_1_1	95.294	85	4	0	8836	8920	8661286	8661202	3.62e-28	135
ptg000006l_rc_rotated	ptg000039l_1_1_1	95.294	85	4	0	8690	8774	8661286	8661202	3.62e-28	135
ptg000006l_rc_rotated	ptg000039l_1_1_1	94.382	89	4	1	6403	6490	17609250	17609162	3.62e-28	135
ptg000006l_rc_rotated	ptg000039l_1_1_1	92.553	94	6	1	10121	10213	8661295	8661202	1.30e-27	134
ptg000006l_rc_rotated	ptg000039l_1_1_1	92.553	94	6	1	9829	9921	8661295	8661202	1.30e-27	134
ptg000006l_rc_rotated	ptg000039l_1_1_1	92.553	94	6	1	9683	9775	8661295	8661202	1.30e-27	134
ptg000006l_rc_rotated	ptg000039l_1_1_1	92.553	94	6	1	9391	9483	8661295	8661202	1.30e-27	134
ptg000006l_rc_rotated	ptg000039l_1_1_1	92.553	94	6	1	9245	9337	8661295	8661202	1.30e-27	134
ptg000006l_rc_rotated	ptg000039l_1_1_1	92.553	94	6	1	8953	9045	8661295	8661202	1.30e-27	134
ptg000006l_rc_rotated	ptg000039l_1_1_1	92.553	94	6	1	8661	8753	8661295	8661202	1.30e-27	134
ptg000006l_rc_rotated	ptg000039l_1_1_1	97.436	78	2	0	9003	9080	8661286	8661209	1.30e-27	134
ptg000006l_rc_rotated	ptg000039l_1_1_1	94.118	85	5	0	10004	10088	8661286	8661202	1.69e-26	130
ptg000006l_rc_rotated	ptg000039l_1_1_1	94.118	85	5	0	9566	9650	8661286	8661202	1.69e-26	130
ptg000006l_rc_rotated	ptg000039l_1_1_1	94.118	85	5	0	8982	9066	8661286	8661202	1.69e-26	130
ptg000006l_rc_rotated	ptg000039l_1_1_1	94.118	85	5	0	8544	8628	8661286	8661202	1.69e-26	130
ptg000006l_rc_rotated	ptg000039l_1_1_1	95.122	82	4	0	8818	8899	8661283	8661202	1.69e-26	130
ptg000006l_rc_rotated	ptg000039l_1_1_1	91.489	94	7	1	9975	10067	8661295	8661202	6.06e-26	128
ptg000006l_rc_rotated	ptg000039l_1_1_1	91.489	94	7	1	9537	9629	8661295	8661202	6.06e-26	128
ptg000006l_rc_rotated	ptg000039l_1_1_1	91.489	94	7	1	9099	9191	8661295	8661202	6.06e-26	128
ptg000006l_rc_rotated	ptg000039l_1_1_1	96.154	78	3	0	10025	10102	8661286	8661209	6.06e-26	128
ptg000006l_rc_rotated	ptg000039l_1_1_1	96.154	78	3	0	9879	9956	8661286	8661209	6.06e-26	128
ptg000006l_rc_rotated	ptg000039l_1_1_1	96.154	78	3	0	9733	9810	8661286	8661209	6.06e-26	128
ptg000006l_rc_rotated	ptg000039l_1_1_1	96.154	78	3	0	9587	9664	8661286	8661209	6.06e-26	128
ptg000006l_rc_rotated	ptg000039l_1_1_1	96.154	78	3	0	9441	9518	8661286	8661209	6.06e-26	128
ptg000006l_rc_rotated	ptg000039l_1_1_1	96.154	78	3	0	9295	9372	8661286	8661209	6.06e-26	128
ptg000006l_rc_rotated	ptg000039l_1_1_1	96.154	78	3	0	9149	9226	8661286	8661209	6.06e-26	128
ptg000006l_rc_rotated	ptg000039l_1_1_1	96.154	78	3	0	8857	8934	8661286	8661209	6.06e-26	128
ptg000006l_rc_rotated	ptg000039l_1_1_1	96.154	78	3	0	8711	8788	8661286	8661209	6.06e-26	128
ptg000006l_rc_rotated	ptg000039l_1_1_1	96.154	78	3	0	8565	8642	8661286	8661209	6.06e-26	128
ptg000006l_rc_rotated	ptg000039l_1_1_1	96.154	78	3	0	8273	8350	8661286	8661209	6.06e-26	128
ptg000006l_rc_rotated	ptg000039l_1_1_1	92.222	90	6	1	12928	13016	17134393	17134304	2.18e-25	126
ptg000006l_rc_rotated	ptg000039l_1_1_1	93.902	82	5	0	8380	8461	8661283	8661202	7.84e-25	124
ptg000006l_rc_rotated	ptg000039l_1_1_1	92.135	89	6	1	7938	8025	17609250	17609162	7.84e-25	124
ptg000006l_rc_rotated	ptg000039l_1_1_1	92.135	89	6	1	7583	7670	17609250	17609162	7.84e-25	124
ptg000006l_rc_rotated	ptg000039l_1_1_1	95.946	74	3	0	10171	10244	8661286	8661213	1.01e-23	121
ptg000006l_rc_rotated	ptg000039l_1_1_1	97.222	72	0	1	5997	6068	90432164	90432233	1.01e-23	121
ptg000006l_rc_rotated	ptg000039l_1_1_1	95.833	72	3	0	3823	3894	30947643	30947572	1.31e-22	117
ptg000006l_rc_rotated	ptg000039l_1_1_1	94.444	72	4	0	1133	1204	82229510	82229439	6.10e-21	111
ptg000006l_rc_rotated	ptg000039l_1_1_1	98.361	61	1	0	8277	8337	841400	841460	7.90e-20	108
ptg000006l_rc_rotated	ptg000039l_1_1_1	98.361	61	1	0	8381	8441	841400	841460	7.90e-20	108
ptg000006l_rc_rotated	ptg000039l_1_1_1	98.361	61	1	0	8548	8608	841400	841460	7.90e-20	108
ptg000006l_rc_rotated	ptg000039l_1_1_1	98.361	61	1	0	8673	8733	841400	841460	7.90e-20	108
ptg000006l_rc_rotated	ptg000039l_1_1_1	98.361	61	1	0	8694	8754	841400	841460	7.90e-20	108
ptg000006l_rc_rotated	ptg000039l_1_1_1	98.361	61	1	0	8715	8775	841400	841460	7.90e-20	108
ptg000006l_rc_rotated	ptg000039l_1_1_1	98.361	61	1	0	8819	8879	841400	841460	7.90e-20	108
ptg000006l_rc_rotated	ptg000039l_1_1_1	98.361	61	1	0	8840	8900	841400	841460	7.90e-20	108
ptg000006l_rc_rotated	ptg000039l_1_1_1	98.361	61	1	0	8861	8921	841400	841460	7.90e-20	108
ptg000006l_rc_rotated	ptg000039l_1_1_1	98.361	61	1	0	8965	9025	841400	841460	7.90e-20	108
ptg000006l_rc_rotated	ptg000039l_1_1_1	98.361	61	1	0	8986	9046	841400	841460	7.90e-20	108
ptg000006l_rc_rotated	ptg000039l_1_1_1	98.361	61	1	0	9132	9192	841400	841460	7.90e-20	108
ptg000006l_rc_rotated	ptg000039l_1_1_1	98.361	61	1	0	9153	9213	841400	841460	7.90e-20	108
ptg000006l_rc_rotated	ptg000039l_1_1_1	98.361	61	1	0	9257	9317	841400	841460	7.90e-20	108
ptg000006l_rc_rotated	ptg000039l_1_1_1	98.361	61	1	0	9278	9338	841400	841460	7.90e-20	108
ptg000006l_rc_rotated	ptg000039l_1_1_1	98.361	61	1	0	9299	9359	841400	841460	7.90e-20	108
ptg000006l_rc_rotated	ptg000039l_1_1_1	98.361	61	1	0	9403	9463	841400	841460	7.90e-20	108
ptg000006l_rc_rotated	ptg000039l_1_1_1	98.361	61	1	0	9424	9484	841400	841460	7.90e-20	108
ptg000006l_rc_rotated	ptg000039l_1_1_1	98.361	61	1	0	9445	9505	841400	841460	7.90e-20	108
ptg000006l_rc_rotated	ptg000039l_1_1_1	98.361	61	1	0	9591	9651	841400	841460	7.90e-20	108
ptg000006l_rc_rotated	ptg000039l_1_1_1	98.361	61	1	0	9695	9755	841400	841460	7.90e-20	108
ptg000006l_rc_rotated	ptg000039l_1_1_1	98.361	61	1	0	9716	9776	841400	841460	7.90e-20	108
ptg000006l_rc_rotated	ptg000039l_1_1_1	98.361	61	1	0	9737	9797	841400	841460	7.90e-20	108
ptg000006l_rc_rotated	ptg000039l_1_1_1	98.361	61	1	0	9841	9901	841400	841460	7.90e-20	108
ptg000006l_rc_rotated	ptg000039l_1_1_1	98.361	61	1	0	9862	9922	841400	841460	7.90e-20	108
ptg000006l_rc_rotated	ptg000039l_1_1_1	98.361	61	1	0	9883	9943	841400	841460	7.90e-20	108
ptg000006l_rc_rotated	ptg000039l_1_1_1	98.361	61	1	0	10029	10089	841400	841460	7.90e-20	108
ptg000006l_rc_rotated	ptg000039l_1_1_1	98.361	61	1	0	10133	10193	841400	841460	7.90e-20	108
ptg000006l_rc_rotated	ptg000039l_1_1_1	98.361	61	1	0	10154	10214	841400	841460	7.90e-20	108
ptg000006l_rc_rotated	ptg000039l_1_1_1	98.361	61	1	0	10175	10235	841400	841460	7.90e-20	108
ptg000006l_rc_rotated	ptg000039l_1_1_1	95.455	66	3	0	8271	8336	8661267	8661202	2.84e-19	106
ptg000006l_rc_rotated	ptg000039l_1_1_1	98.305	59	1	0	10070	10128	30056582	30056524	1.02e-18	104
ptg000006l_rc_rotated	ptg000039l_1_1_1	98.305	59	1	0	9924	9982	30056582	30056524	1.02e-18	104
ptg000006l_rc_rotated	ptg000039l_1_1_1	98.305	59	1	0	9778	9836	30056582	30056524	1.02e-18	104
ptg000006l_rc_rotated	ptg000039l_1_1_1	98.305	59	1	0	9632	9690	30056582	30056524	1.02e-18	104
ptg000006l_rc_rotated	ptg000039l_1_1_1	98.305	59	1	0	9486	9544	30056582	30056524	1.02e-18	104
ptg000006l_rc_rotated	ptg000039l_1_1_1	98.305	59	1	0	9340	9398	30056582	30056524	1.02e-18	104
ptg000006l_rc_rotated	ptg000039l_1_1_1	98.305	59	1	0	9194	9252	30056582	30056524	1.02e-18	104
ptg000006l_rc_rotated	ptg000039l_1_1_1	98.305	59	1	0	8902	8960	30056582	30056524	1.02e-18	104
ptg000006l_rc_rotated	ptg000039l_1_1_1	98.305	59	1	0	8756	8814	30056582	30056524	1.02e-18	104
ptg000006l_rc_rotated	ptg000039l_1_1_1	98.305	59	1	0	8610	8668	30056582	30056524	1.02e-18	104
ptg000006l_rc_rotated	ptg000039l_1_1_1	98.305	59	1	0	8464	8522	30056582	30056524	1.02e-18	104
ptg000006l_rc_rotated	ptg000039l_1_1_1	98.305	59	1	0	8318	8376	30056582	30056524	1.02e-18	104
ptg000006l_rc_rotated	ptg000039l_1_1_1	96.721	61	2	0	8402	8462	841400	841460	3.67e-18	102
ptg000006l_rc_rotated	ptg000039l_1_1_1	96.721	61	2	0	8527	8587	841400	841460	3.67e-18	102
ptg000006l_rc_rotated	ptg000039l_1_1_1	96.721	61	2	0	8569	8629	841400	841460	3.67e-18	102
ptg000006l_rc_rotated	ptg000039l_1_1_1	96.721	61	2	0	9007	9067	841400	841460	3.67e-18	102
ptg000006l_rc_rotated	ptg000039l_1_1_1	96.721	61	2	0	9111	9171	841400	841460	3.67e-18	102
ptg000006l_rc_rotated	ptg000039l_1_1_1	96.721	61	2	0	9549	9609	841400	841460	3.67e-18	102
ptg000006l_rc_rotated	ptg000039l_1_1_1	96.721	61	2	0	9570	9630	841400	841460	3.67e-18	102
ptg000006l_rc_rotated	ptg000039l_1_1_1	96.721	61	2	0	9987	10047	841400	841460	3.67e-18	102
ptg000006l_rc_rotated	ptg000039l_1_1_1	96.721	61	2	0	10008	10068	841400	841460	3.67e-18	102
ptg000006l_rc_rotated	ptg000039l_1_1_1	95.238	63	3	0	10130	10192	8661264	8661202	1.32e-17	100
ptg000006l_rc_rotated	ptg000039l_1_1_1	95.238	63	3	0	9838	9900	8661264	8661202	1.32e-17	100
ptg000006l_rc_rotated	ptg000039l_1_1_1	95.238	63	3	0	9692	9754	8661264	8661202	1.32e-17	100
ptg000006l_rc_rotated	ptg000039l_1_1_1	95.238	63	3	0	9400	9462	8661264	8661202	1.32e-17	100
ptg000006l_rc_rotated	ptg000039l_1_1_1	95.238	63	3	0	9254	9316	8661264	8661202	1.32e-17	100
ptg000006l_rc_rotated	ptg000039l_1_1_1	95.238	63	3	0	8962	9024	8661264	8661202	1.32e-17	100
ptg000006l_rc_rotated	ptg000039l_1_1_1	95.238	63	3	0	8670	8732	8661264	8661202	1.32e-17	100
ptg000006l_rc_rotated	ptg000039l_1_1_1	89.024	82	8	1	9548	9629	28391222	28391302	1.32e-17	100
ptg000006l_rc_rotated	ptg000039l_1_1_1	89.024	82	8	1	9986	10067	28391222	28391302	1.32e-17	100
ptg000006l_rc_rotated	ptg000039l_1_1_1	92.647	68	5	0	8440	8507	8661286	8661219	4.75e-17	99.0
ptg000006l_rc_rotated	ptg000039l_1_1_1	96.610	59	2	0	9048	9106	30056582	30056524	4.75e-17	99.0
ptg000006l_rc_rotated	ptg000039l_1_1_1	95.082	61	3	0	8818	8878	8661262	8661202	1.71e-16	97.1
ptg000006l_rc_rotated	ptg000039l_1_1_1	95.082	61	3	0	8380	8440	8661262	8661202	1.71e-16	97.1
ptg000006l_rc_rotated	ptg000039l_1_1_1	87.952	83	9	1	8817	8899	28391221	28391302	1.71e-16	97.1
ptg000006l_rc_rotated	ptg000039l_1_1_1	93.651	63	4	0	9108	9170	8661264	8661202	6.15e-16	95.3
ptg000006l_rc_rotated	ptg000039l_1_1_1	93.651	63	4	0	8524	8586	8661264	8661202	6.15e-16	95.3
ptg000006l_rc_rotated	ptg000039l_1_1_1	96.491	57	2	0	4941	4997	25964231	25964175	6.15e-16	95.3
ptg000006l_rc_rotated	ptg000039l_1_1_1	87.805	82	9	1	8672	8753	28391222	28391302	6.15e-16	95.3
ptg000006l_rc_rotated	ptg000039l_1_1_1	87.805	82	9	1	8693	8774	28391222	28391302	6.15e-16	95.3
ptg000006l_rc_rotated	ptg000039l_1_1_1	87.805	82	9	1	8839	8920	28391222	28391302	6.15e-16	95.3
ptg000006l_rc_rotated	ptg000039l_1_1_1	87.805	82	9	1	8964	9045	28391222	28391302	6.15e-16	95.3
ptg000006l_rc_rotated	ptg000039l_1_1_1	87.805	82	9	1	9131	9212	28391222	28391302	6.15e-16	95.3
ptg000006l_rc_rotated	ptg000039l_1_1_1	87.805	82	9	1	9256	9337	28391222	28391302	6.15e-16	95.3
ptg000006l_rc_rotated	ptg000039l_1_1_1	87.805	82	9	1	9277	9358	28391222	28391302	6.15e-16	95.3
ptg000006l_rc_rotated	ptg000039l_1_1_1	87.805	82	9	1	9402	9483	28391222	28391302	6.15e-16	95.3
ptg000006l_rc_rotated	ptg000039l_1_1_1	87.805	82	9	1	9423	9504	28391222	28391302	6.15e-16	95.3
ptg000006l_rc_rotated	ptg000039l_1_1_1	87.805	82	9	1	9694	9775	28391222	28391302	6.15e-16	95.3
ptg000006l_rc_rotated	ptg000039l_1_1_1	87.805	82	9	1	9715	9796	28391222	28391302	6.15e-16	95.3
ptg000006l_rc_rotated	ptg000039l_1_1_1	87.805	82	9	1	9840	9921	28391222	28391302	6.15e-16	95.3
ptg000006l_rc_rotated	ptg000039l_1_1_1	87.805	82	9	1	9861	9942	28391222	28391302	6.15e-16	95.3
ptg000006l_rc_rotated	ptg000039l_1_1_1	87.805	82	9	1	10132	10213	28391222	28391302	6.15e-16	95.3
ptg000006l_rc_rotated	ptg000039l_1_1_1	87.805	82	9	1	10153	10234	28391222	28391302	6.15e-16	95.3
ptg000006l_rc_rotated	ptg000039l_1_1_1	98.113	53	1	0	8298	8350	841400	841452	2.21e-15	93.5
ptg000006l_rc_rotated	ptg000039l_1_1_1	98.113	53	1	0	8736	8788	841400	841452	2.21e-15	93.5
ptg000006l_rc_rotated	ptg000039l_1_1_1	98.113	53	1	0	8882	8934	841400	841452	2.21e-15	93.5
ptg000006l_rc_rotated	ptg000039l_1_1_1	98.113	53	1	0	9174	9226	841400	841452	2.21e-15	93.5
ptg000006l_rc_rotated	ptg000039l_1_1_1	98.113	53	1	0	9320	9372	841400	841452	2.21e-15	93.5
ptg000006l_rc_rotated	ptg000039l_1_1_1	98.113	53	1	0	9466	9518	841400	841452	2.21e-15	93.5
ptg000006l_rc_rotated	ptg000039l_1_1_1	98.113	53	1	0	9612	9664	841400	841452	2.21e-15	93.5
ptg000006l_rc_rotated	ptg000039l_1_1_1	98.113	53	1	0	9758	9810	841400	841452	2.21e-15	93.5
ptg000006l_rc_rotated	ptg000039l_1_1_1	98.113	53	1	0	9904	9956	841400	841452	2.21e-15	93.5
ptg000006l_rc_rotated	ptg000039l_1_1_1	98.113	53	1	0	10050	10102	841400	841452	2.21e-15	93.5
ptg000006l_rc_rotated	ptg000039l_1_1_1	91.176	68	6	0	10046	10113	8661286	8661219	2.21e-15	93.5
ptg000006l_rc_rotated	ptg000039l_1_1_1	91.176	68	6	0	9900	9967	8661286	8661219	2.21e-15	93.5
ptg000006l_rc_rotated	ptg000039l_1_1_1	91.176	68	6	0	9754	9821	8661286	8661219	2.21e-15	93.5
ptg000006l_rc_rotated	ptg000039l_1_1_1	91.176	68	6	0	9608	9675	8661286	8661219	2.21e-15	93.5
ptg000006l_rc_rotated	ptg000039l_1_1_1	91.176	68	6	0	9462	9529	8661286	8661219	2.21e-15	93.5
ptg000006l_rc_rotated	ptg000039l_1_1_1	91.176	68	6	0	9316	9383	8661286	8661219	2.21e-15	93.5
ptg000006l_rc_rotated	ptg000039l_1_1_1	91.176	68	6	0	9170	9237	8661286	8661219	2.21e-15	93.5
ptg000006l_rc_rotated	ptg000039l_1_1_1	91.176	68	6	0	8878	8945	8661286	8661219	2.21e-15	93.5
ptg000006l_rc_rotated	ptg000039l_1_1_1	91.176	68	6	0	8732	8799	8661286	8661219	2.21e-15	93.5
ptg000006l_rc_rotated	ptg000039l_1_1_1	91.176	68	6	0	8294	8361	8661286	8661219	2.21e-15	93.5
ptg000006l_rc_rotated	ptg000039l_1_1_1	96.429	56	2	0	11340	11395	29246040	29245985	2.21e-15	93.5
ptg000006l_rc_rotated	ptg000039l_1_1_1	96.429	56	2	0	10178	10233	36675598	36675543	2.21e-15	93.5
ptg000006l_rc_rotated	ptg000039l_1_1_1	96.429	56	2	0	10157	10212	36675598	36675543	2.21e-15	93.5
ptg000006l_rc_rotated	ptg000039l_1_1_1	96.429	56	2	0	10136	10191	36675598	36675543	2.21e-15	93.5
ptg000006l_rc_rotated	ptg000039l_1_1_1	96.429	56	2	0	10032	10087	36675598	36675543	2.21e-15	93.5
ptg000006l_rc_rotated	ptg000039l_1_1_1	96.429	56	2	0	9886	9941	36675598	36675543	2.21e-15	93.5
ptg000006l_rc_rotated	ptg000039l_1_1_1	96.429	56	2	0	9865	9920	36675598	36675543	2.21e-15	93.5
ptg000006l_rc_rotated	ptg000039l_1_1_1	96.429	56	2	0	9844	9899	36675598	36675543	2.21e-15	93.5
ptg000006l_rc_rotated	ptg000039l_1_1_1	96.429	56	2	0	9740	9795	36675598	36675543	2.21e-15	93.5
ptg000006l_rc_rotated	ptg000039l_1_1_1	96.429	56	2	0	9719	9774	36675598	36675543	2.21e-15	93.5
ptg000006l_rc_rotated	ptg000039l_1_1_1	96.429	56	2	0	9698	9753	36675598	36675543	2.21e-15	93.5
ptg000006l_rc_rotated	ptg000039l_1_1_1	96.429	56	2	0	9594	9649	36675598	36675543	2.21e-15	93.5
ptg000006l_rc_rotated	ptg000039l_1_1_1	96.429	56	2	0	9448	9503	36675598	36675543	2.21e-15	93.5
ptg000006l_rc_rotated	ptg000039l_1_1_1	96.429	56	2	0	9427	9482	36675598	36675543	2.21e-15	93.5
ptg000006l_rc_rotated	ptg000039l_1_1_1	96.429	56	2	0	9406	9461	36675598	36675543	2.21e-15	93.5
ptg000006l_rc_rotated	ptg000039l_1_1_1	96.429	56	2	0	9302	9357	36675598	36675543	2.21e-15	93.5
ptg000006l_rc_rotated	ptg000039l_1_1_1	96.429	56	2	0	9281	9336	36675598	36675543	2.21e-15	93.5
ptg000006l_rc_rotated	ptg000039l_1_1_1	96.429	56	2	0	9260	9315	36675598	36675543	2.21e-15	93.5
ptg000006l_rc_rotated	ptg000039l_1_1_1	96.429	56	2	0	9156	9211	36675598	36675543	2.21e-15	93.5
ptg000006l_rc_rotated	ptg000039l_1_1_1	96.429	56	2	0	9135	9190	36675598	36675543	2.21e-15	93.5
ptg000006l_rc_rotated	ptg000039l_1_1_1	96.429	56	2	0	8989	9044	36675598	36675543	2.21e-15	93.5
ptg000006l_rc_rotated	ptg000039l_1_1_1	96.429	56	2	0	8968	9023	36675598	36675543	2.21e-15	93.5
ptg000006l_rc_rotated	ptg000039l_1_1_1	96.429	56	2	0	8864	8919	36675598	36675543	2.21e-15	93.5
ptg000006l_rc_rotated	ptg000039l_1_1_1	96.429	56	2	0	8843	8898	36675598	36675543	2.21e-15	93.5
ptg000006l_rc_rotated	ptg000039l_1_1_1	96.429	56	2	0	8822	8877	36675598	36675543	2.21e-15	93.5
ptg000006l_rc_rotated	ptg000039l_1_1_1	96.429	56	2	0	8718	8773	36675598	36675543	2.21e-15	93.5
ptg000006l_rc_rotated	ptg000039l_1_1_1	96.429	56	2	0	8697	8752	36675598	36675543	2.21e-15	93.5
ptg000006l_rc_rotated	ptg000039l_1_1_1	96.429	56	2	0	8676	8731	36675598	36675543	2.21e-15	93.5
ptg000006l_rc_rotated	ptg000039l_1_1_1	96.429	56	2	0	8551	8606	36675598	36675543	2.21e-15	93.5
ptg000006l_rc_rotated	ptg000039l_1_1_1	96.429	56	2	0	8384	8439	36675598	36675543	2.21e-15	93.5
ptg000006l_rc_rotated	ptg000039l_1_1_1	96.429	56	2	0	8280	8335	36675598	36675543	2.21e-15	93.5
ptg000006l_rc_rotated	ptg000039l_1_1_1	88.312	77	9	0	927	1003	93055860	93055936	2.21e-15	93.5
ptg000006l_rc_rotated	ptg000039l_1_1_1	86.747	83	10	1	8379	8461	28391221	28391302	7.95e-15	91.6
ptg000006l_rc_rotated	ptg000039l_1_1_1	96.364	55	2	0	8531	8585	36675597	36675543	7.95e-15	91.6
ptg000006l_rc_rotated	ptg000039l_1_1_1	86.585	82	10	1	8401	8482	28391222	28391302	2.86e-14	89.8
ptg000006l_rc_rotated	ptg000039l_1_1_1	86.585	82	10	1	8526	8607	28391222	28391302	2.86e-14	89.8
ptg000006l_rc_rotated	ptg000039l_1_1_1	86.585	82	10	1	8547	8628	28391222	28391302	2.86e-14	89.8
ptg000006l_rc_rotated	ptg000039l_1_1_1	86.585	82	10	1	8985	9066	28391222	28391302	2.86e-14	89.8
ptg000006l_rc_rotated	ptg000039l_1_1_1	86.585	82	10	1	9110	9191	28391222	28391302	2.86e-14	89.8
ptg000006l_rc_rotated	ptg000039l_1_1_1	86.585	82	10	1	9569	9650	28391222	28391302	2.86e-14	89.8
ptg000006l_rc_rotated	ptg000039l_1_1_1	86.585	82	10	1	10007	10088	28391222	28391302	2.86e-14	89.8
ptg000006l_rc_rotated	ptg000039l_1_1_1	96.296	54	2	0	9116	9169	36675596	36675543	2.86e-14	89.8
ptg000006l_rc_rotated	ptg000039l_1_1_1	100.000	48	0	0	13256	13303	77228499	77228452	2.86e-14	89.8
ptg000006l_rc_rotated	ptg000039l_1_1_1	96.226	53	2	0	8444	8496	841400	841452	1.03e-13	87.9
ptg000006l_rc_rotated	ptg000039l_1_1_1	100.000	47	0	0	10196	10242	841400	841446	1.03e-13	87.9
ptg000006l_rc_rotated	ptg000039l_1_1_1	88.000	75	8	1	8422	8496	28391222	28391295	1.03e-13	87.9
ptg000006l_rc_rotated	ptg000039l_1_1_1	94.643	56	3	0	9990	10045	36675598	36675543	1.03e-13	87.9
ptg000006l_rc_rotated	ptg000039l_1_1_1	94.643	56	3	0	9552	9607	36675598	36675543	1.03e-13	87.9
ptg000006l_rc_rotated	ptg000039l_1_1_1	94.643	56	3	0	9010	9065	36675598	36675543	1.03e-13	87.9
ptg000006l_rc_rotated	ptg000039l_1_1_1	94.643	56	3	0	8572	8627	36675598	36675543	1.03e-13	87.9
ptg000006l_rc_rotated	ptg000039l_1_1_1	94.643	56	3	0	8405	8460	36675598	36675543	1.03e-13	87.9
ptg000006l_rc_rotated	ptg000039l_1_1_1	97.959	49	1	0	10192	10240	8661286	8661238	3.70e-13	86.1
ptg000006l_rc_rotated	ptg000039l_1_1_1	89.552	67	7	0	9546	9612	20817797	20817863	3.70e-13	86.1
ptg000006l_rc_rotated	ptg000039l_1_1_1	89.552	67	7	0	9984	10050	20817797	20817863	3.70e-13	86.1
ptg000006l_rc_rotated	ptg000039l_1_1_1	78.082	146	24	7	10176	10317	45015551	45015410	3.70e-13	86.1
ptg000006l_rc_rotated	ptg000039l_1_1_1	85.185	81	12	0	8923	9003	28391222	28391302	1.33e-12	84.2
ptg000006l_rc_rotated	ptg000039l_1_1_1	85.185	81	12	0	9215	9295	28391222	28391302	1.33e-12	84.2
ptg000006l_rc_rotated	ptg000039l_1_1_1	85.185	81	12	0	9361	9441	28391222	28391302	1.33e-12	84.2
ptg000006l_rc_rotated	ptg000039l_1_1_1	85.185	81	12	0	9653	9733	28391222	28391302	1.33e-12	84.2
ptg000006l_rc_rotated	ptg000039l_1_1_1	85.185	81	12	0	9799	9879	28391222	28391302	1.33e-12	84.2
ptg000006l_rc_rotated	ptg000039l_1_1_1	85.185	81	12	0	10091	10171	28391222	28391302	1.33e-12	84.2
ptg000006l_rc_rotated	ptg000039l_1_1_1	100.000	45	0	0	8271	8315	28391258	28391302	1.33e-12	84.2
ptg000006l_rc_rotated	ptg000039l_1_1_1	100.000	45	0	0	8292	8336	28391258	28391302	1.33e-12	84.2
ptg000006l_rc_rotated	ptg000039l_1_1_1	100.000	45	0	0	8396	8440	28391258	28391302	1.33e-12	84.2
ptg000006l_rc_rotated	ptg000039l_1_1_1	100.000	45	0	0	8542	8586	28391258	28391302	1.33e-12	84.2
ptg000006l_rc_rotated	ptg000039l_1_1_1	100.000	45	0	0	8688	8732	28391258	28391302	1.33e-12	84.2
ptg000006l_rc_rotated	ptg000039l_1_1_1	100.000	45	0	0	8834	8878	28391258	28391302	1.33e-12	84.2
ptg000006l_rc_rotated	ptg000039l_1_1_1	100.000	45	0	0	8980	9024	28391258	28391302	1.33e-12	84.2
ptg000006l_rc_rotated	ptg000039l_1_1_1	100.000	45	0	0	9126	9170	28391258	28391302	1.33e-12	84.2
ptg000006l_rc_rotated	ptg000039l_1_1_1	100.000	45	0	0	9272	9316	28391258	28391302	1.33e-12	84.2
ptg000006l_rc_rotated	ptg000039l_1_1_1	100.000	45	0	0	9418	9462	28391258	28391302	1.33e-12	84.2
ptg000006l_rc_rotated	ptg000039l_1_1_1	100.000	45	0	0	9710	9754	28391258	28391302	1.33e-12	84.2
ptg000006l_rc_rotated	ptg000039l_1_1_1	100.000	45	0	0	9856	9900	28391258	28391302	1.33e-12	84.2
ptg000006l_rc_rotated	ptg000039l_1_1_1	100.000	45	0	0	10148	10192	28391258	28391302	1.33e-12	84.2
ptg000006l_rc_rotated	ptg000039l_1_1_1	86.667	75	9	1	8276	8350	28391222	28391295	4.79e-12	82.4
ptg000006l_rc_rotated	ptg000039l_1_1_1	86.667	75	9	1	8714	8788	28391222	28391295	4.79e-12	82.4
ptg000006l_rc_rotated	ptg000039l_1_1_1	86.667	75	9	1	8860	8934	28391222	28391295	4.79e-12	82.4
ptg000006l_rc_rotated	ptg000039l_1_1_1	86.667	75	9	1	9152	9226	28391222	28391295	4.79e-12	82.4
ptg000006l_rc_rotated	ptg000039l_1_1_1	86.667	75	9	1	9298	9372	28391222	28391295	4.79e-12	82.4
ptg000006l_rc_rotated	ptg000039l_1_1_1	86.667	75	9	1	9444	9518	28391222	28391295	4.79e-12	82.4
ptg000006l_rc_rotated	ptg000039l_1_1_1	86.667	75	9	1	9590	9664	28391222	28391295	4.79e-12	82.4
ptg000006l_rc_rotated	ptg000039l_1_1_1	86.667	75	9	1	9736	9810	28391222	28391295	4.79e-12	82.4
ptg000006l_rc_rotated	ptg000039l_1_1_1	86.667	75	9	1	9882	9956	28391222	28391295	4.79e-12	82.4
ptg000006l_rc_rotated	ptg000039l_1_1_1	86.667	75	9	1	10028	10102	28391222	28391295	4.79e-12	82.4
ptg000006l_rc_rotated	ptg000039l_1_1_1	96.000	50	2	0	10053	10102	36675598	36675549	4.79e-12	82.4
ptg000006l_rc_rotated	ptg000039l_1_1_1	96.000	50	2	0	9907	9956	36675598	36675549	4.79e-12	82.4
ptg000006l_rc_rotated	ptg000039l_1_1_1	96.000	50	2	0	9761	9810	36675598	36675549	4.79e-12	82.4
ptg000006l_rc_rotated	ptg000039l_1_1_1	96.000	50	2	0	9615	9664	36675598	36675549	4.79e-12	82.4
ptg000006l_rc_rotated	ptg000039l_1_1_1	96.000	50	2	0	9469	9518	36675598	36675549	4.79e-12	82.4
ptg000006l_rc_rotated	ptg000039l_1_1_1	96.000	50	2	0	9323	9372	36675598	36675549	4.79e-12	82.4
ptg000006l_rc_rotated	ptg000039l_1_1_1	96.000	50	2	0	9177	9226	36675598	36675549	4.79e-12	82.4
ptg000006l_rc_rotated	ptg000039l_1_1_1	96.000	50	2	0	8885	8934	36675598	36675549	4.79e-12	82.4
ptg000006l_rc_rotated	ptg000039l_1_1_1	96.000	50	2	0	8739	8788	36675598	36675549	4.79e-12	82.4
ptg000006l_rc_rotated	ptg000039l_1_1_1	96.000	50	2	0	8301	8350	36675598	36675549	4.79e-12	82.4
ptg000006l_rc_rotated	ptg000039l_1_1_1	92.857	56	4	0	10109	10164	103313527	103313472	4.79e-12	82.4
ptg000006l_rc_rotated	ptg000039l_1_1_1	92.857	56	4	0	9963	10018	103313527	103313472	4.79e-12	82.4
ptg000006l_rc_rotated	ptg000039l_1_1_1	92.857	56	4	0	9817	9872	103313527	103313472	4.79e-12	82.4
ptg000006l_rc_rotated	ptg000039l_1_1_1	92.857	56	4	0	9671	9726	103313527	103313472	4.79e-12	82.4
ptg000006l_rc_rotated	ptg000039l_1_1_1	92.857	56	4	0	9525	9580	103313527	103313472	4.79e-12	82.4
ptg000006l_rc_rotated	ptg000039l_1_1_1	92.857	56	4	0	9379	9434	103313527	103313472	4.79e-12	82.4
ptg000006l_rc_rotated	ptg000039l_1_1_1	92.857	56	4	0	9233	9288	103313527	103313472	4.79e-12	82.4
ptg000006l_rc_rotated	ptg000039l_1_1_1	92.857	56	4	0	8941	8996	103313527	103313472	4.79e-12	82.4
ptg000006l_rc_rotated	ptg000039l_1_1_1	92.857	56	4	0	8649	8704	103313527	103313472	4.79e-12	82.4
ptg000006l_rc_rotated	ptg000039l_1_1_1	97.826	46	1	0	8271	8316	841415	841460	1.72e-11	80.5
ptg000006l_rc_rotated	ptg000039l_1_1_1	95.918	49	2	0	8448	8496	36675597	36675549	1.72e-11	80.5
ptg000006l_rc_rotated	ptg000039l_1_1_1	83.951	81	13	0	8339	8419	28391222	28391302	6.19e-11	78.7
ptg000006l_rc_rotated	ptg000039l_1_1_1	83.951	81	13	0	8485	8565	28391222	28391302	6.19e-11	78.7
ptg000006l_rc_rotated	ptg000039l_1_1_1	83.951	81	13	0	8631	8711	28391222	28391302	6.19e-11	78.7
ptg000006l_rc_rotated	ptg000039l_1_1_1	83.951	81	13	0	8777	8857	28391222	28391302	6.19e-11	78.7
ptg000006l_rc_rotated	ptg000039l_1_1_1	83.951	81	13	0	9069	9149	28391222	28391302	6.19e-11	78.7
ptg000006l_rc_rotated	ptg000039l_1_1_1	83.951	81	13	0	9507	9587	28391222	28391302	6.19e-11	78.7
ptg000006l_rc_rotated	ptg000039l_1_1_1	83.951	81	13	0	9945	10025	28391222	28391302	6.19e-11	78.7
ptg000006l_rc_rotated	ptg000039l_1_1_1	85.333	75	10	1	9006	9080	28391222	28391295	2.23e-10	76.8
ptg000006l_rc_rotated	ptg000039l_1_1_1	91.071	56	5	0	8795	8850	103313527	103313472	2.23e-10	76.8
ptg000006l_rc_rotated	ptg000039l_1_1_1	91.071	56	5	0	8503	8558	103313527	103313472	2.23e-10	76.8
ptg000006l_rc_rotated	ptg000039l_1_1_1	91.071	56	5	0	8357	8412	103313527	103313472	2.23e-10	76.8
ptg000006l_rc_rotated	ptg000039l_1_1_1	97.674	43	1	0	8670	8712	841418	841460	8.01e-10	75.0
ptg000006l_rc_rotated	ptg000039l_1_1_1	97.674	43	1	0	8962	9004	841418	841460	8.01e-10	75.0
ptg000006l_rc_rotated	ptg000039l_1_1_1	97.674	43	1	0	9254	9296	841418	841460	8.01e-10	75.0
ptg000006l_rc_rotated	ptg000039l_1_1_1	97.674	43	1	0	9400	9442	841418	841460	8.01e-10	75.0
ptg000006l_rc_rotated	ptg000039l_1_1_1	97.674	43	1	0	9692	9734	841418	841460	8.01e-10	75.0
ptg000006l_rc_rotated	ptg000039l_1_1_1	97.674	43	1	0	9838	9880	841418	841460	8.01e-10	75.0
ptg000006l_rc_rotated	ptg000039l_1_1_1	97.674	43	1	0	10130	10172	841418	841460	8.01e-10	75.0
ptg000006l_rc_rotated	ptg000039l_1_1_1	100.000	40	0	0	12031	12070	19567523	19567484	8.01e-10	75.0
ptg000006l_rc_rotated	ptg000039l_1_1_1	85.915	71	9	1	10174	10244	28391222	28391291	8.01e-10	75.0
ptg000006l_rc_rotated	ptg000039l_1_1_1	95.652	46	2	0	10199	10244	36675598	36675553	8.01e-10	75.0
ptg000006l_rc_rotated	ptg000039l_1_1_1	89.655	58	5	1	11312	11369	86490409	86490465	2.88e-09	73.1
ptg000006l_rc_rotated	ptg000039l_1_1_1	92.000	50	4	0	9045	9094	8661286	8661237	1.04e-08	71.3
ptg000006l_rc_rotated	ptg000039l_1_1_1	95.349	43	2	0	9546	9588	841418	841460	3.73e-08	69.4
ptg000006l_rc_rotated	ptg000039l_1_1_1	95.349	43	2	0	9984	10026	841418	841460	3.73e-08	69.4
ptg000006l_rc_rotated	ptg000039l_1_1_1	95.349	43	2	0	10197	10239	45015551	45015509	3.73e-08	69.4
ptg000006l_rc_rotated	ptg000039l_1_1_1	95.349	43	2	0	10155	10197	45015551	45015509	3.73e-08	69.4
ptg000006l_rc_rotated	ptg000039l_1_1_1	95.349	43	2	0	10134	10176	45015551	45015509	3.73e-08	69.4
ptg000006l_rc_rotated	ptg000039l_1_1_1	95.349	43	2	0	10051	10093	45015551	45015509	3.73e-08	69.4
ptg000006l_rc_rotated	ptg000039l_1_1_1	95.349	43	2	0	10030	10072	45015551	45015509	3.73e-08	69.4
ptg000006l_rc_rotated	ptg000039l_1_1_1	95.349	43	2	0	9905	9947	45015551	45015509	3.73e-08	69.4
ptg000006l_rc_rotated	ptg000039l_1_1_1	95.349	43	2	0	9884	9926	45015551	45015509	3.73e-08	69.4
ptg000006l_rc_rotated	ptg000039l_1_1_1	95.349	43	2	0	9863	9905	45015551	45015509	3.73e-08	69.4
ptg000006l_rc_rotated	ptg000039l_1_1_1	95.349	43	2	0	9842	9884	45015551	45015509	3.73e-08	69.4
ptg000006l_rc_rotated	ptg000039l_1_1_1	95.349	43	2	0	9759	9801	45015551	45015509	3.73e-08	69.4
ptg000006l_rc_rotated	ptg000039l_1_1_1	95.349	43	2	0	9738	9780	45015551	45015509	3.73e-08	69.4
ptg000006l_rc_rotated	ptg000039l_1_1_1	95.349	43	2	0	9717	9759	45015551	45015509	3.73e-08	69.4
ptg000006l_rc_rotated	ptg000039l_1_1_1	95.349	43	2	0	9696	9738	45015551	45015509	3.73e-08	69.4
ptg000006l_rc_rotated	ptg000039l_1_1_1	95.349	43	2	0	9613	9655	45015551	45015509	3.73e-08	69.4
ptg000006l_rc_rotated	ptg000039l_1_1_1	95.349	43	2	0	9592	9634	45015551	45015509	3.73e-08	69.4
ptg000006l_rc_rotated	ptg000039l_1_1_1	95.349	43	2	0	9467	9509	45015551	45015509	3.73e-08	69.4
ptg000006l_rc_rotated	ptg000039l_1_1_1	95.349	43	2	0	9446	9488	45015551	45015509	3.73e-08	69.4
ptg000006l_rc_rotated	ptg000039l_1_1_1	95.349	43	2	0	9425	9467	45015551	45015509	3.73e-08	69.4
ptg000006l_rc_rotated	ptg000039l_1_1_1	95.349	43	2	0	9404	9446	45015551	45015509	3.73e-08	69.4
ptg000006l_rc_rotated	ptg000039l_1_1_1	95.349	43	2	0	9321	9363	45015551	45015509	3.73e-08	69.4
ptg000006l_rc_rotated	ptg000039l_1_1_1	95.349	43	2	0	9300	9342	45015551	45015509	3.73e-08	69.4
ptg000006l_rc_rotated	ptg000039l_1_1_1	95.349	43	2	0	9279	9321	45015551	45015509	3.73e-08	69.4
ptg000006l_rc_rotated	ptg000039l_1_1_1	95.349	43	2	0	9258	9300	45015551	45015509	3.73e-08	69.4
ptg000006l_rc_rotated	ptg000039l_1_1_1	95.349	43	2	0	9175	9217	45015551	45015509	3.73e-08	69.4
ptg000006l_rc_rotated	ptg000039l_1_1_1	95.349	43	2	0	9154	9196	45015551	45015509	3.73e-08	69.4
ptg000006l_rc_rotated	ptg000039l_1_1_1	95.349	43	2	0	9133	9175	45015551	45015509	3.73e-08	69.4
ptg000006l_rc_rotated	ptg000039l_1_1_1	95.349	43	2	0	9008	9050	45015551	45015509	3.73e-08	69.4
ptg000006l_rc_rotated	ptg000039l_1_1_1	95.349	43	2	0	8987	9029	45015551	45015509	3.73e-08	69.4
ptg000006l_rc_rotated	ptg000039l_1_1_1	95.349	43	2	0	8966	9008	45015551	45015509	3.73e-08	69.4
ptg000006l_rc_rotated	ptg000039l_1_1_1	95.349	43	2	0	8883	8925	45015551	45015509	3.73e-08	69.4
ptg000006l_rc_rotated	ptg000039l_1_1_1	95.349	43	2	0	8862	8904	45015551	45015509	3.73e-08	69.4
ptg000006l_rc_rotated	ptg000039l_1_1_1	95.349	43	2	0	8841	8883	45015551	45015509	3.73e-08	69.4
ptg000006l_rc_rotated	ptg000039l_1_1_1	95.349	43	2	0	8820	8862	45015551	45015509	3.73e-08	69.4
ptg000006l_rc_rotated	ptg000039l_1_1_1	95.349	43	2	0	8737	8779	45015551	45015509	3.73e-08	69.4
ptg000006l_rc_rotated	ptg000039l_1_1_1	95.349	43	2	0	8716	8758	45015551	45015509	3.73e-08	69.4
ptg000006l_rc_rotated	ptg000039l_1_1_1	95.349	43	2	0	8695	8737	45015551	45015509	3.73e-08	69.4
ptg000006l_rc_rotated	ptg000039l_1_1_1	95.349	43	2	0	8674	8716	45015551	45015509	3.73e-08	69.4
ptg000006l_rc_rotated	ptg000039l_1_1_1	95.349	43	2	0	8570	8612	45015551	45015509	3.73e-08	69.4
ptg000006l_rc_rotated	ptg000039l_1_1_1	95.349	43	2	0	8549	8591	45015551	45015509	3.73e-08	69.4
ptg000006l_rc_rotated	ptg000039l_1_1_1	95.349	43	2	0	8403	8445	45015551	45015509	3.73e-08	69.4
ptg000006l_rc_rotated	ptg000039l_1_1_1	95.349	43	2	0	8382	8424	45015551	45015509	3.73e-08	69.4
ptg000006l_rc_rotated	ptg000039l_1_1_1	95.349	43	2	0	8299	8341	45015551	45015509	3.73e-08	69.4
ptg000006l_rc_rotated	ptg000039l_1_1_1	95.349	43	2	0	8278	8320	45015551	45015509	3.73e-08	69.4
ptg000006l_rc_rotated	ptg000039l_1_1_1	95.349	43	2	0	12870	12912	45562074	45562032	3.73e-08	69.4
ptg000006l_rc_rotated	ptg000039l_1_1_1	97.500	40	1	0	10021	10060	103313511	103313472	3.73e-08	69.4
ptg000006l_rc_rotated	ptg000039l_1_1_1	97.500	40	1	0	9583	9622	103313511	103313472	3.73e-08	69.4
ptg000006l_rc_rotated	ptg000039l_1_1_1	81.176	85	15	1	10067	10150	8661286	8661202	1.34e-07	67.6
ptg000006l_rc_rotated	ptg000039l_1_1_1	81.176	85	15	1	9921	10004	8661286	8661202	1.34e-07	67.6
ptg000006l_rc_rotated	ptg000039l_1_1_1	81.176	85	15	1	9775	9858	8661286	8661202	1.34e-07	67.6
ptg000006l_rc_rotated	ptg000039l_1_1_1	81.176	85	15	1	9629	9712	8661286	8661202	1.34e-07	67.6
ptg000006l_rc_rotated	ptg000039l_1_1_1	81.176	85	15	1	9483	9566	8661286	8661202	1.34e-07	67.6
ptg000006l_rc_rotated	ptg000039l_1_1_1	81.176	85	15	1	9337	9420	8661286	8661202	1.34e-07	67.6
ptg000006l_rc_rotated	ptg000039l_1_1_1	81.176	85	15	1	9191	9274	8661286	8661202	1.34e-07	67.6
ptg000006l_rc_rotated	ptg000039l_1_1_1	81.176	85	15	1	8899	8982	8661286	8661202	1.34e-07	67.6
ptg000006l_rc_rotated	ptg000039l_1_1_1	81.176	85	15	1	8607	8690	8661286	8661202	1.34e-07	67.6
ptg000006l_rc_rotated	ptg000039l_1_1_1	93.333	45	3	0	8271	8315	8661246	8661202	1.34e-07	67.6
ptg000006l_rc_rotated	ptg000039l_1_1_1	95.238	42	2	0	8524	8565	8661243	8661202	1.34e-07	67.6
ptg000006l_rc_rotated	ptg000039l_1_1_1	91.667	48	4	0	6865	6912	17988973	17989020	1.34e-07	67.6
ptg000006l_rc_rotated	ptg000039l_1_1_1	100.000	36	0	0	10192	10227	103313507	103313472	1.34e-07	67.6
ptg000006l_rc_rotated	ptg000039l_1_1_1	100.000	36	0	0	10171	10206	103313507	103313472	1.34e-07	67.6
ptg000006l_rc_rotated	ptg000039l_1_1_1	100.000	36	0	0	10150	10185	103313507	103313472	1.34e-07	67.6
ptg000006l_rc_rotated	ptg000039l_1_1_1	100.000	36	0	0	10067	10102	103313507	103313472	1.34e-07	67.6
ptg000006l_rc_rotated	ptg000039l_1_1_1	100.000	36	0	0	10046	10081	103313507	103313472	1.34e-07	67.6
ptg000006l_rc_rotated	ptg000039l_1_1_1	100.000	36	0	0	9921	9956	103313507	103313472	1.34e-07	67.6
ptg000006l_rc_rotated	ptg000039l_1_1_1	100.000	36	0	0	9900	9935	103313507	103313472	1.34e-07	67.6
ptg000006l_rc_rotated	ptg000039l_1_1_1	100.000	36	0	0	9879	9914	103313507	103313472	1.34e-07	67.6
ptg000006l_rc_rotated	ptg000039l_1_1_1	100.000	36	0	0	9858	9893	103313507	103313472	1.34e-07	67.6
ptg000006l_rc_rotated	ptg000039l_1_1_1	100.000	36	0	0	9775	9810	103313507	103313472	1.34e-07	67.6
ptg000006l_rc_rotated	ptg000039l_1_1_1	100.000	36	0	0	9754	9789	103313507	103313472	1.34e-07	67.6
ptg000006l_rc_rotated	ptg000039l_1_1_1	100.000	36	0	0	9733	9768	103313507	103313472	1.34e-07	67.6
ptg000006l_rc_rotated	ptg000039l_1_1_1	100.000	36	0	0	9712	9747	103313507	103313472	1.34e-07	67.6
ptg000006l_rc_rotated	ptg000039l_1_1_1	100.000	36	0	0	9629	9664	103313507	103313472	1.34e-07	67.6
ptg000006l_rc_rotated	ptg000039l_1_1_1	100.000	36	0	0	9608	9643	103313507	103313472	1.34e-07	67.6
ptg000006l_rc_rotated	ptg000039l_1_1_1	100.000	36	0	0	9483	9518	103313507	103313472	1.34e-07	67.6
ptg000006l_rc_rotated	ptg000039l_1_1_1	100.000	36	0	0	9462	9497	103313507	103313472	1.34e-07	67.6
ptg000006l_rc_rotated	ptg000039l_1_1_1	100.000	36	0	0	9441	9476	103313507	103313472	1.34e-07	67.6
ptg000006l_rc_rotated	ptg000039l_1_1_1	100.000	36	0	0	9420	9455	103313507	103313472	1.34e-07	67.6
ptg000006l_rc_rotated	ptg000039l_1_1_1	100.000	36	0	0	9337	9372	103313507	103313472	1.34e-07	67.6
ptg000006l_rc_rotated	ptg000039l_1_1_1	100.000	36	0	0	9316	9351	103313507	103313472	1.34e-07	67.6
ptg000006l_rc_rotated	ptg000039l_1_1_1	100.000	36	0	0	9295	9330	103313507	103313472	1.34e-07	67.6
ptg000006l_rc_rotated	ptg000039l_1_1_1	100.000	36	0	0	9274	9309	103313507	103313472	1.34e-07	67.6
ptg000006l_rc_rotated	ptg000039l_1_1_1	100.000	36	0	0	9191	9226	103313507	103313472	1.34e-07	67.6
ptg000006l_rc_rotated	ptg000039l_1_1_1	100.000	36	0	0	9170	9205	103313507	103313472	1.34e-07	67.6
ptg000006l_rc_rotated	ptg000039l_1_1_1	100.000	36	0	0	9149	9184	103313507	103313472	1.34e-07	67.6
ptg000006l_rc_rotated	ptg000039l_1_1_1	100.000	36	0	0	9128	9163	103313507	103313472	1.34e-07	67.6
ptg000006l_rc_rotated	ptg000039l_1_1_1	100.000	36	0	0	9003	9038	103313507	103313472	1.34e-07	67.6
ptg000006l_rc_rotated	ptg000039l_1_1_1	100.000	36	0	0	8982	9017	103313507	103313472	1.34e-07	67.6
ptg000006l_rc_rotated	ptg000039l_1_1_1	100.000	36	0	0	8899	8934	103313507	103313472	1.34e-07	67.6
ptg000006l_rc_rotated	ptg000039l_1_1_1	100.000	36	0	0	8878	8913	103313507	103313472	1.34e-07	67.6
ptg000006l_rc_rotated	ptg000039l_1_1_1	100.000	36	0	0	8857	8892	103313507	103313472	1.34e-07	67.6
ptg000006l_rc_rotated	ptg000039l_1_1_1	100.000	36	0	0	8836	8871	103313507	103313472	1.34e-07	67.6
ptg000006l_rc_rotated	ptg000039l_1_1_1	100.000	36	0	0	8753	8788	103313507	103313472	1.34e-07	67.6
ptg000006l_rc_rotated	ptg000039l_1_1_1	100.000	36	0	0	8732	8767	103313507	103313472	1.34e-07	67.6
ptg000006l_rc_rotated	ptg000039l_1_1_1	100.000	36	0	0	8711	8746	103313507	103313472	1.34e-07	67.6
ptg000006l_rc_rotated	ptg000039l_1_1_1	100.000	36	0	0	8690	8725	103313507	103313472	1.34e-07	67.6
ptg000006l_rc_rotated	ptg000039l_1_1_1	100.000	36	0	0	8565	8600	103313507	103313472	1.34e-07	67.6
ptg000006l_rc_rotated	ptg000039l_1_1_1	100.000	36	0	0	8544	8579	103313507	103313472	1.34e-07	67.6
ptg000006l_rc_rotated	ptg000039l_1_1_1	100.000	36	0	0	8461	8496	103313507	103313472	1.34e-07	67.6
ptg000006l_rc_rotated	ptg000039l_1_1_1	100.000	36	0	0	8398	8433	103313507	103313472	1.34e-07	67.6
ptg000006l_rc_rotated	ptg000039l_1_1_1	100.000	36	0	0	8315	8350	103313507	103313472	1.34e-07	67.6
ptg000006l_rc_rotated	ptg000039l_1_1_1	100.000	36	0	0	8294	8329	103313507	103313472	1.34e-07	67.6
ptg000006l_rc_rotated	ptg000039l_1_1_1	100.000	36	0	0	8273	8308	103313507	103313472	1.34e-07	67.6
ptg000006l_rc_rotated	ptg000039l_1_1_1	90.000	50	5	0	8753	8802	8661286	8661237	4.82e-07	65.8
ptg000006l_rc_rotated	ptg000039l_1_1_1	90.000	50	5	0	8461	8510	8661286	8661237	4.82e-07	65.8
ptg000006l_rc_rotated	ptg000039l_1_1_1	90.000	50	5	0	8315	8364	8661286	8661237	4.82e-07	65.8
ptg000006l_rc_rotated	ptg000039l_1_1_1	91.489	47	4	0	8589	8635	30056582	30056536	4.82e-07	65.8
ptg000006l_rc_rotated	ptg000039l_1_1_1	93.182	44	3	0	9027	9070	30056582	30056539	4.82e-07	65.8
ptg000006l_rc_rotated	ptg000039l_1_1_1	93.182	44	3	0	8422	8465	30056582	30056539	4.82e-07	65.8
ptg000006l_rc_rotated	ptg000039l_1_1_1	93.023	43	3	0	8319	8361	841400	841442	1.73e-06	63.9
ptg000006l_rc_rotated	ptg000039l_1_1_1	93.023	43	3	0	8465	8507	841400	841442	1.73e-06	63.9
ptg000006l_rc_rotated	ptg000039l_1_1_1	93.023	43	3	0	8757	8799	841400	841442	1.73e-06	63.9
ptg000006l_rc_rotated	ptg000039l_1_1_1	93.023	43	3	0	8903	8945	841400	841442	1.73e-06	63.9
ptg000006l_rc_rotated	ptg000039l_1_1_1	93.023	43	3	0	9195	9237	841400	841442	1.73e-06	63.9
ptg000006l_rc_rotated	ptg000039l_1_1_1	93.023	43	3	0	9341	9383	841400	841442	1.73e-06	63.9
ptg000006l_rc_rotated	ptg000039l_1_1_1	93.023	43	3	0	9487	9529	841400	841442	1.73e-06	63.9
ptg000006l_rc_rotated	ptg000039l_1_1_1	93.023	43	3	0	9633	9675	841400	841442	1.73e-06	63.9
ptg000006l_rc_rotated	ptg000039l_1_1_1	93.023	43	3	0	9779	9821	841400	841442	1.73e-06	63.9
ptg000006l_rc_rotated	ptg000039l_1_1_1	93.023	43	3	0	9925	9967	841400	841442	1.73e-06	63.9
ptg000006l_rc_rotated	ptg000039l_1_1_1	93.023	43	3	0	10071	10113	841400	841442	1.73e-06	63.9
ptg000006l_rc_rotated	ptg000039l_1_1_1	93.023	43	3	0	9112	9154	45015551	45015509	1.73e-06	63.9
ptg000006l_rc_rotated	ptg000039l_1_1_1	95.000	40	2	0	8531	8570	45015548	45015509	1.73e-06	63.9
ptg000006l_rc_rotated	ptg000039l_1_1_1	95.000	40	2	0	8448	8487	45015548	45015509	1.73e-06	63.9
ptg000006l_rc_rotated	ptg000039l_1_1_1	92.857	42	3	0	10130	10171	8661243	8661202	6.24e-06	62.1
ptg000006l_rc_rotated	ptg000039l_1_1_1	92.857	42	3	0	9838	9879	8661243	8661202	6.24e-06	62.1
ptg000006l_rc_rotated	ptg000039l_1_1_1	92.857	42	3	0	9692	9733	8661243	8661202	6.24e-06	62.1
ptg000006l_rc_rotated	ptg000039l_1_1_1	92.857	42	3	0	9400	9441	8661243	8661202	6.24e-06	62.1
ptg000006l_rc_rotated	ptg000039l_1_1_1	92.857	42	3	0	9254	9295	8661243	8661202	6.24e-06	62.1
ptg000006l_rc_rotated	ptg000039l_1_1_1	92.857	42	3	0	9108	9149	8661243	8661202	6.24e-06	62.1
ptg000006l_rc_rotated	ptg000039l_1_1_1	92.857	42	3	0	8962	9003	8661243	8661202	6.24e-06	62.1
ptg000006l_rc_rotated	ptg000039l_1_1_1	92.857	42	3	0	8670	8711	8661243	8661202	6.24e-06	62.1
ptg000006l_rc_rotated	ptg000039l_1_1_1	92.857	42	3	0	7993	8034	31638985	31639026	6.24e-06	62.1
ptg000006l_rc_rotated	ptg000039l_1_1_1	97.222	36	1	0	9045	9080	103313507	103313472	6.24e-06	62.1
ptg000006l_rc_rotated	ptg000039l_1_1_1	97.222	36	1	0	9024	9059	103313507	103313472	6.24e-06	62.1
ptg000006l_rc_rotated	ptg000039l_1_1_1	97.222	36	1	0	8586	8621	103313507	103313472	6.24e-06	62.1
ptg000006l_rc_rotated	ptg000039l_1_1_1	97.222	36	1	0	8440	8475	103313507	103313472	6.24e-06	62.1
ptg000006l_rc_rotated	ptg000039l_1_1_1	97.222	36	1	0	8419	8454	103313507	103313472	6.24e-06	62.1
ptg000006l_rc_rotated	ptg000039l_1_1_1	97.222	36	0	1	3255	3289	28171736	28171701	2.24e-05	60.2
ptg000006l_rc_rotated	ptg000039l_1_1_1	100.000	32	0	0	10213	10244	103313507	103313476	2.24e-05	60.2
ptg000006l_rc_rotated	ptg000039l_1_1_1	90.698	43	4	0	9049	9091	841400	841442	8.07e-05	58.4
ptg000006l_rc_rotated	ptg000039l_1_1_1	97.059	34	1	0	8824	8857	8661235	8661202	8.07e-05	58.4
ptg000006l_rc_rotated	ptg000039l_1_1_1	97.059	34	1	0	8386	8419	8661235	8661202	8.07e-05	58.4
ptg000006l_rc_rotated	ptg000039l_1_1_1	94.595	37	2	0	9984	10020	8661243	8661207	8.07e-05	58.4
ptg000006l_rc_rotated	ptg000039l_1_1_1	94.595	37	2	0	9546	9582	8661243	8661207	8.07e-05	58.4
ptg000006l_rc_rotated	ptg000039l_1_1_1	100.000	31	0	0	2464	2494	33743537	33743567	8.07e-05	58.4
ptg000006l_rc_rotated	ptg000039l_1_1_1	94.737	38	0	1	5500	5537	57118614	57118579	8.07e-05	58.4
ptg000006l_rc_rotated	ptg000039l_1_1_1	100.000	29	0	0	10074	10102	36675598	36675570	0.001	54.7
ptg000006l_rc_rotated	ptg000039l_1_1_1	100.000	29	0	0	9928	9956	36675598	36675570	0.001	54.7
ptg000006l_rc_rotated	ptg000039l_1_1_1	100.000	29	0	0	9782	9810	36675598	36675570	0.001	54.7
ptg000006l_rc_rotated	ptg000039l_1_1_1	100.000	29	0	0	9636	9664	36675598	36675570	0.001	54.7
ptg000006l_rc_rotated	ptg000039l_1_1_1	100.000	29	0	0	9490	9518	36675598	36675570	0.001	54.7
ptg000006l_rc_rotated	ptg000039l_1_1_1	100.000	29	0	0	9344	9372	36675598	36675570	0.001	54.7
ptg000006l_rc_rotated	ptg000039l_1_1_1	100.000	29	0	0	9198	9226	36675598	36675570	0.001	54.7
ptg000006l_rc_rotated	ptg000039l_1_1_1	100.000	29	0	0	8906	8934	36675598	36675570	0.001	54.7
ptg000006l_rc_rotated	ptg000039l_1_1_1	100.000	29	0	0	8760	8788	36675598	36675570	0.001	54.7
ptg000006l_rc_rotated	ptg000039l_1_1_1	100.000	29	0	0	8468	8496	36675598	36675570	0.001	54.7
ptg000006l_rc_rotated	ptg000039l_1_1_1	100.000	29	0	0	8322	8350	36675598	36675570	0.001	54.7
ptg000006l_rc_rotated	ptg000039l_1_1_1	100.000	29	0	0	6185	6213	57118584	57118556	0.001	54.7
ptg000006l_rc_rotated	ptg000039l_1_1_1	96.970	33	0	1	8418	8450	85479452	85479483	0.001	54.7
ptg000006l_rc_rotated	ptg000039l_1_1_1	96.970	33	0	1	8585	8617	85479452	85479483	0.001	54.7
ptg000006l_rc_rotated	ptg000039l_1_1_1	96.970	33	0	1	9023	9055	85479452	85479483	0.001	54.7
ptg000006l_rc_rotated	ptg000039l_1_1_1	100.000	28	0	0	10217	10244	841400	841427	0.004	52.8
ptg000006l_rc_rotated	ptg000039l_1_1_1	100.000	28	0	0	9032	9059	21989287	21989260	0.004	52.8
ptg000006l_rc_rotated	ptg000039l_1_1_1	100.000	28	0	0	8615	8642	21989287	21989260	0.004	52.8
ptg000006l_rc_rotated	ptg000039l_1_1_1	100.000	28	0	0	8594	8621	21989287	21989260	0.004	52.8
ptg000006l_rc_rotated	ptg000039l_1_1_1	100.000	28	0	0	8427	8454	21989287	21989260	0.004	52.8
ptg000006l_rc_rotated	ptg000039l_1_1_1	100.000	28	0	0	9053	9080	36675597	36675570	0.004	52.8
ptg000006l_rc_rotated	ptg000017l_1_1_1	89.704	641	53	11	10971	11605	11860358	11859725	0.0	806
ptg000006l_rc_rotated	ptg000017l_1_1_1	83.752	677	81	17	11073	11742	17358902	17358248	3.82e-172	614
ptg000006l_rc_rotated	ptg000017l_1_1_1	91.321	265	15	6	12285	12544	10663546	10663285	2.55e-94	355
ptg000006l_rc_rotated	ptg000017l_1_1_1	84.496	258	29	9	12825	13077	15672080	15671829	5.77e-61	244
ptg000006l_rc_rotated	ptg000017l_1_1_1	94.631	149	8	0	12484	12632	3589079	3589227	4.49e-57	231
ptg000006l_rc_rotated	ptg000017l_1_1_1	88.957	163	18	0	4945	5107	9632234	9632396	3.52e-48	202
ptg000006l_rc_rotated	ptg000017l_1_1_1	93.860	114	7	0	3815	3928	9422111	9422224	2.76e-39	172
ptg000006l_rc_rotated	ptg000017l_1_1_1	81.443	194	20	4	2506	2694	1764049	1764231	6.02e-31	145
ptg000006l_rc_rotated	ptg000017l_1_1_1	95.775	71	2	1	291	361	615308	615377	1.70e-21	113
ptg000006l_rc_rotated	ptg000017l_1_1_1	89.773	88	9	0	2961	3048	3750823	3750910	1.70e-21	113
ptg000006l_rc_rotated	ptg000017l_1_1_1	80.822	146	24	4	15027	15170	21652376	21652519	6.10e-21	111
ptg000006l_rc_rotated	ptg000017l_1_1_1	83.333	114	14	5	3958	4068	20146872	20146761	1.32e-17	100
ptg000006l_rc_rotated	ptg000017l_1_1_1	98.077	52	1	0	12477	12528	7725015	7725066	7.95e-15	91.6
ptg000006l_rc_rotated	ptg000017l_1_1_1	94.828	58	3	0	3698	3755	11234376	11234433	7.95e-15	91.6
ptg000006l_rc_rotated	ptg000005l_1_1_1	88.820	644	68	4	3450	4090	14896110	14896752	0.0	787
ptg000006l_rc_rotated	ptg000005l_1_1_1	86.318	402	55	0	4351	4752	15863741	15863340	2.47e-119	438
ptg000006l_rc_rotated	ptg000005l_1_1_1	93.659	205	12	1	12809	13012	17223914	17224118	2.61e-79	305
ptg000006l_rc_rotated	ptg000005l_1_1_1	92.500	200	13	2	12837	13035	17224320	17224122	3.40e-73	285
ptg000006l_rc_rotated	ptg000005l_1_1_1	82.775	209	29	6	2319	2524	12427376	12427172	1.65e-41	180
ptg000006l_rc_rotated	ptg000005l_1_1_1	90.909	88	3	4	2571	2653	1201581	1201668	1.70e-21	113
ptg000006l_rc_rotated	ptg000005l_1_1_1	96.970	66	2	0	1205	1270	6944372	6944437	6.10e-21	111
ptg000006l_rc_rotated	ptg000005l_1_1_1	98.387	62	1	0	3838	3899	5269564	5269503	2.20e-20	110
ptg000006l_rc_rotated	ptg000005l_1_1_1	96.364	55	1	1	10005	10059	15325970	15325917	2.86e-14	89.8
ptg000006l_rc_rotated	ptg000005l_1_1_1	96.364	55	1	1	9567	9621	15325970	15325917	2.86e-14	89.8
ptg000006l_rc_rotated	ptg000005l_1_1_1	96.364	55	1	1	9004	9058	15325970	15325917	2.86e-14	89.8
ptg000006l_rc_rotated	ptg000005l_1_1_1	96.364	55	1	1	8566	8620	15325970	15325917	2.86e-14	89.8
ptg000006l_rc_rotated	ptg000005l_1_1_1	96.364	55	1	1	8399	8453	15325970	15325917	2.86e-14	89.8
ptg000006l_rc_rotated	ptg000005l_1_1_1	93.220	59	4	0	7575	7633	17577321	17577263	1.03e-13	87.9
ptg000006l_rc_rotated	ptg000005l_1_1_1	93.220	59	4	0	6395	6453	17577321	17577263	1.03e-13	87.9
ptg000006l_rc_rotated	ptg000005l_1_1_1	96.226	53	2	0	7930	7982	17577321	17577269	1.03e-13	87.9
ptg000006l_rc_rotated	ptg000005l_1_1_1	94.545	55	2	1	10172	10226	15325970	15325917	1.33e-12	84.2
ptg000006l_rc_rotated	ptg000005l_1_1_1	94.545	55	2	1	10151	10205	15325970	15325917	1.33e-12	84.2
ptg000006l_rc_rotated	ptg000005l_1_1_1	94.545	55	2	1	10130	10184	15325970	15325917	1.33e-12	84.2
ptg000006l_rc_rotated	ptg000005l_1_1_1	94.545	55	2	1	10047	10101	15325970	15325917	1.33e-12	84.2
ptg000006l_rc_rotated	ptg000005l_1_1_1	94.545	55	2	1	10026	10080	15325970	15325917	1.33e-12	84.2
ptg000006l_rc_rotated	ptg000005l_1_1_1	94.545	55	2	1	9901	9955	15325970	15325917	1.33e-12	84.2
ptg000006l_rc_rotated	ptg000005l_1_1_1	94.545	55	2	1	9880	9934	15325970	15325917	1.33e-12	84.2
ptg000006l_rc_rotated	ptg000005l_1_1_1	94.545	55	2	1	9859	9913	15325970	15325917	1.33e-12	84.2
ptg000006l_rc_rotated	ptg000005l_1_1_1	94.545	55	2	1	9838	9892	15325970	15325917	1.33e-12	84.2
ptg000006l_rc_rotated	ptg000005l_1_1_1	94.545	55	2	1	9755	9809	15325970	15325917	1.33e-12	84.2
ptg000006l_rc_rotated	ptg000005l_1_1_1	94.545	55	2	1	9734	9788	15325970	15325917	1.33e-12	84.2
ptg000006l_rc_rotated	ptg000005l_1_1_1	94.545	55	2	1	9713	9767	15325970	15325917	1.33e-12	84.2
ptg000006l_rc_rotated	ptg000005l_1_1_1	94.545	55	2	1	9692	9746	15325970	15325917	1.33e-12	84.2
ptg000006l_rc_rotated	ptg000005l_1_1_1	94.545	55	2	1	9609	9663	15325970	15325917	1.33e-12	84.2
ptg000006l_rc_rotated	ptg000005l_1_1_1	94.545	55	2	1	9588	9642	15325970	15325917	1.33e-12	84.2
ptg000006l_rc_rotated	ptg000005l_1_1_1	94.545	55	2	1	9463	9517	15325970	15325917	1.33e-12	84.2
ptg000006l_rc_rotated	ptg000005l_1_1_1	94.545	55	2	1	9442	9496	15325970	15325917	1.33e-12	84.2
ptg000006l_rc_rotated	ptg000005l_1_1_1	94.545	55	2	1	9421	9475	15325970	15325917	1.33e-12	84.2
ptg000006l_rc_rotated	ptg000005l_1_1_1	94.545	55	2	1	9400	9454	15325970	15325917	1.33e-12	84.2
ptg000006l_rc_rotated	ptg000005l_1_1_1	94.545	55	2	1	9317	9371	15325970	15325917	1.33e-12	84.2
ptg000006l_rc_rotated	ptg000005l_1_1_1	94.545	55	2	1	9296	9350	15325970	15325917	1.33e-12	84.2
ptg000006l_rc_rotated	ptg000005l_1_1_1	94.545	55	2	1	9275	9329	15325970	15325917	1.33e-12	84.2
ptg000006l_rc_rotated	ptg000005l_1_1_1	94.545	55	2	1	9254	9308	15325970	15325917	1.33e-12	84.2
ptg000006l_rc_rotated	ptg000005l_1_1_1	94.545	55	2	1	9171	9225	15325970	15325917	1.33e-12	84.2
ptg000006l_rc_rotated	ptg000005l_1_1_1	94.545	55	2	1	9150	9204	15325970	15325917	1.33e-12	84.2
ptg000006l_rc_rotated	ptg000005l_1_1_1	94.545	55	2	1	9129	9183	15325970	15325917	1.33e-12	84.2
ptg000006l_rc_rotated	ptg000005l_1_1_1	94.545	55	2	1	8983	9037	15325970	15325917	1.33e-12	84.2
ptg000006l_rc_rotated	ptg000005l_1_1_1	94.545	55	2	1	8962	9016	15325970	15325917	1.33e-12	84.2
ptg000006l_rc_rotated	ptg000005l_1_1_1	94.545	55	2	1	8879	8933	15325970	15325917	1.33e-12	84.2
ptg000006l_rc_rotated	ptg000005l_1_1_1	94.545	55	2	1	8858	8912	15325970	15325917	1.33e-12	84.2
ptg000006l_rc_rotated	ptg000005l_1_1_1	94.545	55	2	1	8837	8891	15325970	15325917	1.33e-12	84.2
ptg000006l_rc_rotated	ptg000005l_1_1_1	94.545	55	2	1	8733	8787	15325970	15325917	1.33e-12	84.2
ptg000006l_rc_rotated	ptg000005l_1_1_1	94.545	55	2	1	8712	8766	15325970	15325917	1.33e-12	84.2
ptg000006l_rc_rotated	ptg000005l_1_1_1	94.545	55	2	1	8691	8745	15325970	15325917	1.33e-12	84.2
ptg000006l_rc_rotated	ptg000005l_1_1_1	94.545	55	2	1	8670	8724	15325970	15325917	1.33e-12	84.2
ptg000006l_rc_rotated	ptg000005l_1_1_1	94.545	55	2	1	8545	8599	15325970	15325917	1.33e-12	84.2
ptg000006l_rc_rotated	ptg000005l_1_1_1	94.545	55	2	1	8295	8349	15325970	15325917	1.33e-12	84.2
ptg000006l_rc_rotated	ptg000005l_1_1_1	94.545	55	2	1	8274	8328	15325970	15325917	1.33e-12	84.2
ptg000006l_rc_rotated	ptg000005l_1_1_1	94.340	53	2	1	8818	8870	15325968	15325917	1.72e-11	80.5
ptg000006l_rc_rotated	ptg000005l_1_1_1	94.340	53	2	1	8380	8432	15325968	15325917	1.72e-11	80.5
ptg000006l_rc_rotated	ptg000005l_1_1_1	92.727	55	3	1	9108	9162	15325970	15325917	6.19e-11	78.7
ptg000006l_rc_rotated	ptg000005l_1_1_1	92.727	55	3	1	8524	8578	15325970	15325917	6.19e-11	78.7
ptg000006l_rc_rotated	ptg000005l_1_1_1	92.727	55	3	1	8441	8495	15325970	15325917	6.19e-11	78.7
ptg000006l_rc_rotated	ptg000005l_1_1_1	94.231	52	2	1	10193	10244	15325970	15325920	6.19e-11	78.7
ptg000006l_rc_rotated	ptg000005l_1_1_1	97.619	42	1	0	2008	2049	1201024	1201065	2.88e-09	73.1
ptg000006l_rc_rotated	ptg000005l_1_1_1	93.750	48	1	2	7929	7975	9019846	9019800	1.04e-08	71.3
ptg000006l_rc_rotated	ptg000005l_1_1_1	93.750	48	1	2	7574	7620	9019846	9019800	1.04e-08	71.3
ptg000006l_rc_rotated	ptg000005l_1_1_1	93.750	48	1	2	6394	6440	9019846	9019800	1.04e-08	71.3
ptg000006l_rc_rotated	ptg000005l_1_1_1	95.349	43	2	0	18215	18257	15744685	15744727	3.73e-08	69.4
ptg000006l_rc_rotated	ptg000022l_1_1_1	90.207	531	41	6	12504	13032	10899036	10899557	0.0	682
ptg000006l_rc_rotated	ptg000022l_1_1_1	88.358	335	30	7	12050	12382	15858944	15859271	5.41e-106	394
ptg000006l_rc_rotated	ptg000022l_1_1_1	82.908	392	50	13	6	390	9096928	9097309	9.25e-89	337
ptg000006l_rc_rotated	ptg000022l_1_1_1	88.506	261	22	5	11441	11698	19742531	19742276	2.02e-80	309
ptg000006l_rc_rotated	ptg000022l_1_1_1	76.855	566	102	25	5683	6235	1508783	1508234	2.03e-75	292
ptg000006l_rc_rotated	ptg000022l_1_1_1	93.434	198	9	2	12400	12593	17245769	17245966	7.31e-75	291
ptg000006l_rc_rotated	ptg000022l_1_1_1	82.067	329	52	6	17745	18070	15761068	15760744	7.36e-70	274
ptg000006l_rc_rotated	ptg000022l_1_1_1	84.274	248	31	6	2314	2559	2522029	2522270	3.47e-58	235
ptg000006l_rc_rotated	ptg000022l_1_1_1	89.474	171	18	0	10066	10236	17691005	17690835	1.26e-52	217
ptg000006l_rc_rotated	ptg000022l_1_1_1	89.474	171	18	0	9774	9944	17691005	17690835	1.26e-52	217
ptg000006l_rc_rotated	ptg000022l_1_1_1	89.474	171	18	0	9628	9798	17691005	17690835	1.26e-52	217
ptg000006l_rc_rotated	ptg000022l_1_1_1	89.474	171	18	0	9336	9506	17691005	17690835	1.26e-52	217
ptg000006l_rc_rotated	ptg000022l_1_1_1	89.474	171	18	0	9190	9360	17691005	17690835	1.26e-52	217
ptg000006l_rc_rotated	ptg000022l_1_1_1	89.474	171	18	0	8314	8484	17691005	17690835	1.26e-52	217
ptg000006l_rc_rotated	ptg000022l_1_1_1	88.953	172	17	2	10045	10215	17691005	17690835	5.85e-51	211
ptg000006l_rc_rotated	ptg000022l_1_1_1	88.889	171	19	0	9920	10090	17691005	17690835	5.85e-51	211
ptg000006l_rc_rotated	ptg000022l_1_1_1	88.953	172	17	2	9753	9923	17691005	17690835	5.85e-51	211
ptg000006l_rc_rotated	ptg000022l_1_1_1	88.953	172	17	2	9607	9777	17691005	17690835	5.85e-51	211
ptg000006l_rc_rotated	ptg000022l_1_1_1	88.889	171	19	0	9482	9652	17691005	17690835	5.85e-51	211
ptg000006l_rc_rotated	ptg000022l_1_1_1	88.953	172	17	2	9315	9485	17691005	17690835	5.85e-51	211
ptg000006l_rc_rotated	ptg000022l_1_1_1	88.953	172	17	2	9169	9339	17691005	17690835	5.85e-51	211
ptg000006l_rc_rotated	ptg000022l_1_1_1	88.889	171	19	0	8898	9068	17691005	17690835	5.85e-51	211
ptg000006l_rc_rotated	ptg000022l_1_1_1	88.953	172	17	2	8877	9047	17691005	17690835	5.85e-51	211
ptg000006l_rc_rotated	ptg000022l_1_1_1	88.889	171	19	0	8752	8922	17691005	17690835	5.85e-51	211
ptg000006l_rc_rotated	ptg000022l_1_1_1	88.953	172	17	2	8585	8755	17691005	17690835	5.85e-51	211
ptg000006l_rc_rotated	ptg000022l_1_1_1	88.757	169	19	0	15174	15342	19557219	19557051	7.57e-50	207
ptg000006l_rc_rotated	ptg000022l_1_1_1	88.372	172	18	2	9899	10069	17691005	17690835	2.72e-49	206
ptg000006l_rc_rotated	ptg000022l_1_1_1	88.372	172	18	2	9461	9631	17691005	17690835	2.72e-49	206
ptg000006l_rc_rotated	ptg000022l_1_1_1	88.304	171	20	0	9044	9214	17691005	17690835	2.72e-49	206
ptg000006l_rc_rotated	ptg000022l_1_1_1	88.372	172	18	2	8731	8901	17691005	17690835	2.72e-49	206
ptg000006l_rc_rotated	ptg000022l_1_1_1	88.304	171	20	0	8606	8776	17691005	17690835	2.72e-49	206
ptg000006l_rc_rotated	ptg000022l_1_1_1	88.304	171	20	0	8460	8630	17691005	17690835	2.72e-49	206
ptg000006l_rc_rotated	ptg000022l_1_1_1	87.791	172	19	2	9023	9193	17691005	17690835	1.27e-47	200
ptg000006l_rc_rotated	ptg000022l_1_1_1	87.791	172	19	2	8439	8609	17691005	17690835	1.27e-47	200
ptg000006l_rc_rotated	ptg000022l_1_1_1	87.791	172	19	2	8293	8463	17691005	17690835	1.27e-47	200
ptg000006l_rc_rotated	ptg000022l_1_1_1	79.333	300	51	9	3078	3375	27937777	27937487	1.27e-47	200
ptg000006l_rc_rotated	ptg000022l_1_1_1	86.628	172	21	2	8397	8567	17691005	17690835	2.74e-44	189
ptg000006l_rc_rotated	ptg000022l_1_1_1	86.228	167	21	2	9987	10152	17691000	17690835	1.65e-41	180
ptg000006l_rc_rotated	ptg000022l_1_1_1	86.228	167	21	2	9549	9714	17691000	17690835	1.65e-41	180
ptg000006l_rc_rotated	ptg000022l_1_1_1	85.465	172	23	2	9711	9881	17691005	17690835	5.93e-41	178
ptg000006l_rc_rotated	ptg000022l_1_1_1	85.465	172	23	2	9273	9443	17691005	17690835	5.93e-41	178
ptg000006l_rc_rotated	ptg000022l_1_1_1	85.465	172	23	2	9127	9297	17691005	17690835	5.93e-41	178
ptg000006l_rc_rotated	ptg000022l_1_1_1	85.465	172	23	2	8835	9005	17691005	17690835	5.93e-41	178
ptg000006l_rc_rotated	ptg000022l_1_1_1	85.629	167	22	2	9841	10006	17691000	17690835	7.68e-40	174
ptg000006l_rc_rotated	ptg000022l_1_1_1	85.629	167	22	2	9695	9860	17691000	17690835	7.68e-40	174
ptg000006l_rc_rotated	ptg000022l_1_1_1	85.629	167	22	2	9403	9568	17691000	17690835	7.68e-40	174
ptg000006l_rc_rotated	ptg000022l_1_1_1	85.629	167	22	2	9257	9422	17691000	17690835	7.68e-40	174
ptg000006l_rc_rotated	ptg000022l_1_1_1	85.629	167	22	2	8819	8984	17691000	17690835	7.68e-40	174
ptg000006l_rc_rotated	ptg000022l_1_1_1	91.406	128	10	1	8962	9089	17690961	17690835	7.68e-40	174
ptg000006l_rc_rotated	ptg000022l_1_1_1	91.406	128	10	1	8524	8651	17690961	17690835	7.68e-40	174
ptg000006l_rc_rotated	ptg000022l_1_1_1	84.884	172	24	2	10003	10173	17691005	17690835	2.76e-39	172
ptg000006l_rc_rotated	ptg000022l_1_1_1	84.884	172	24	2	9857	10027	17691005	17690835	2.76e-39	172
ptg000006l_rc_rotated	ptg000022l_1_1_1	84.884	172	24	2	9565	9735	17691005	17690835	2.76e-39	172
ptg000006l_rc_rotated	ptg000022l_1_1_1	84.884	172	24	2	9419	9589	17691005	17690835	2.76e-39	172
ptg000006l_rc_rotated	ptg000022l_1_1_1	84.884	172	24	2	8689	8859	17691005	17690835	2.76e-39	172
ptg000006l_rc_rotated	ptg000022l_1_1_1	85.030	167	23	2	9111	9276	17691000	17690835	3.57e-38	169
ptg000006l_rc_rotated	ptg000022l_1_1_1	85.030	167	23	2	8673	8838	17691000	17690835	3.57e-38	169
ptg000006l_rc_rotated	ptg000022l_1_1_1	90.625	128	11	1	9838	9965	17690961	17690835	3.57e-38	169
ptg000006l_rc_rotated	ptg000022l_1_1_1	90.625	128	11	1	9692	9819	17690961	17690835	3.57e-38	169
ptg000006l_rc_rotated	ptg000022l_1_1_1	90.625	128	11	1	9400	9527	17690961	17690835	3.57e-38	169
ptg000006l_rc_rotated	ptg000022l_1_1_1	90.625	128	11	1	9254	9381	17690961	17690835	3.57e-38	169
ptg000006l_rc_rotated	ptg000022l_1_1_1	90.625	128	11	1	8670	8797	17690961	17690835	3.57e-38	169
ptg000006l_rc_rotated	ptg000022l_1_1_1	84.302	172	25	2	10024	10194	17691005	17690835	1.28e-37	167
ptg000006l_rc_rotated	ptg000022l_1_1_1	84.302	172	25	2	9732	9902	17691005	17690835	1.28e-37	167
ptg000006l_rc_rotated	ptg000022l_1_1_1	84.302	172	25	2	9586	9756	17691005	17690835	1.28e-37	167
ptg000006l_rc_rotated	ptg000022l_1_1_1	84.302	172	25	2	9294	9464	17691005	17690835	1.28e-37	167
ptg000006l_rc_rotated	ptg000022l_1_1_1	84.302	172	25	2	9148	9318	17691005	17690835	1.28e-37	167
ptg000006l_rc_rotated	ptg000022l_1_1_1	84.302	172	25	2	9002	9172	17691005	17690835	1.28e-37	167
ptg000006l_rc_rotated	ptg000022l_1_1_1	84.302	172	25	2	8981	9151	17691005	17690835	1.28e-37	167
ptg000006l_rc_rotated	ptg000022l_1_1_1	84.302	172	25	2	8856	9026	17691005	17690835	1.28e-37	167
ptg000006l_rc_rotated	ptg000022l_1_1_1	84.302	172	25	2	8564	8734	17691005	17690835	1.28e-37	167
ptg000006l_rc_rotated	ptg000022l_1_1_1	84.302	172	25	2	8543	8713	17691005	17690835	1.28e-37	167
ptg000006l_rc_rotated	ptg000022l_1_1_1	90.476	126	11	1	8818	8943	17690959	17690835	4.62e-37	165
ptg000006l_rc_rotated	ptg000022l_1_1_1	87.413	143	18	0	12536	12678	27921284	27921426	4.62e-37	165
ptg000006l_rc_rotated	ptg000022l_1_1_1	84.615	169	21	4	3695	3860	17488840	17489006	1.66e-36	163
ptg000006l_rc_rotated	ptg000022l_1_1_1	84.431	167	24	2	8965	9130	17691000	17690835	1.66e-36	163
ptg000006l_rc_rotated	ptg000022l_1_1_1	84.431	167	24	2	8381	8546	17691000	17690835	1.66e-36	163
ptg000006l_rc_rotated	ptg000022l_1_1_1	89.844	128	12	1	9984	10111	17690961	17690835	1.66e-36	163
ptg000006l_rc_rotated	ptg000022l_1_1_1	89.844	128	12	1	9546	9673	17690961	17690835	1.66e-36	163
ptg000006l_rc_rotated	ptg000022l_1_1_1	89.844	128	12	1	9108	9235	17690961	17690835	1.66e-36	163
ptg000006l_rc_rotated	ptg000022l_1_1_1	83.721	172	26	2	9878	10048	17691005	17690835	5.98e-36	161
ptg000006l_rc_rotated	ptg000022l_1_1_1	83.721	172	26	2	9440	9610	17691005	17690835	5.98e-36	161
ptg000006l_rc_rotated	ptg000022l_1_1_1	83.721	172	26	2	8710	8880	17691005	17690835	5.98e-36	161
ptg000006l_rc_rotated	ptg000022l_1_1_1	83.721	172	26	2	8272	8442	17691005	17690835	5.98e-36	161
ptg000006l_rc_rotated	ptg000022l_1_1_1	92.174	115	8	1	10130	10244	17690961	17690848	5.98e-36	161
ptg000006l_rc_rotated	ptg000022l_1_1_1	89.231	130	13	1	9984	10113	17690982	17690854	5.98e-36	161
ptg000006l_rc_rotated	ptg000022l_1_1_1	89.231	130	13	1	9838	9967	17690982	17690854	5.98e-36	161
ptg000006l_rc_rotated	ptg000022l_1_1_1	89.231	130	13	1	9692	9821	17690982	17690854	5.98e-36	161
ptg000006l_rc_rotated	ptg000022l_1_1_1	89.231	130	13	1	9546	9675	17690982	17690854	5.98e-36	161
ptg000006l_rc_rotated	ptg000022l_1_1_1	89.231	130	13	1	9400	9529	17690982	17690854	5.98e-36	161
ptg000006l_rc_rotated	ptg000022l_1_1_1	89.231	130	13	1	9254	9383	17690982	17690854	5.98e-36	161
ptg000006l_rc_rotated	ptg000022l_1_1_1	89.231	130	13	1	8670	8799	17690982	17690854	5.98e-36	161
ptg000006l_rc_rotated	ptg000022l_1_1_1	89.683	126	12	1	8380	8505	17690959	17690835	2.15e-35	159
ptg000006l_rc_rotated	ptg000022l_1_1_1	83.832	167	25	2	8527	8692	17691000	17690835	7.73e-35	158
ptg000006l_rc_rotated	ptg000022l_1_1_1	89.062	128	13	1	8818	8945	17690980	17690854	7.73e-35	158
ptg000006l_rc_rotated	ptg000022l_1_1_1	86.395	147	14	3	12716	12861	3679840	3679699	2.78e-34	156
ptg000006l_rc_rotated	ptg000022l_1_1_1	88.462	130	14	1	9108	9237	17690982	17690854	2.78e-34	156
ptg000006l_rc_rotated	ptg000022l_1_1_1	88.462	130	14	1	8962	9091	17690982	17690854	2.78e-34	156
ptg000006l_rc_rotated	ptg000022l_1_1_1	88.462	130	14	1	8524	8653	17690982	17690854	2.78e-34	156
ptg000006l_rc_rotated	ptg000022l_1_1_1	91.964	112	8	1	10133	10244	17691000	17690890	2.78e-34	156
ptg000006l_rc_rotated	ptg000022l_1_1_1	82.703	185	16	11	12605	12786	17185030	17185201	1.29e-32	150
ptg000006l_rc_rotated	ptg000022l_1_1_1	90.435	115	10	1	10130	10244	17690982	17690869	1.29e-32	150
ptg000006l_rc_rotated	ptg000022l_1_1_1	78.829	222	45	2	15527	15747	26764037	26764257	4.65e-32	148
ptg000006l_rc_rotated	ptg000022l_1_1_1	88.095	126	9	3	751	871	9527165	9527289	6.02e-31	145
ptg000006l_rc_rotated	ptg000022l_1_1_1	94.624	93	5	0	12481	12573	17184939	17185031	6.02e-31	145
ptg000006l_rc_rotated	ptg000022l_1_1_1	90.179	112	7	3	11204	11312	3680636	3680526	2.16e-30	143
ptg000006l_rc_rotated	ptg000022l_1_1_1	83.553	152	23	2	8271	8421	17690985	17690835	7.79e-30	141
ptg000006l_rc_rotated	ptg000022l_1_1_1	94.318	88	5	0	8272	8359	17690922	17690835	3.62e-28	135
ptg000006l_rc_rotated	ptg000022l_1_1_1	89.899	99	10	0	14398	14496	6698413	6698315	6.06e-26	128
ptg000006l_rc_rotated	ptg000022l_1_1_1	94.048	84	5	0	11585	11668	18150466	18150383	6.06e-26	128
ptg000006l_rc_rotated	ptg000022l_1_1_1	91.111	90	8	0	8272	8361	17690943	17690854	2.82e-24	122
ptg000006l_rc_rotated	ptg000022l_1_1_1	82.963	135	23	0	3309	3443	24713822	24713688	2.82e-24	122
ptg000006l_rc_rotated	ptg000022l_1_1_1	89.583	96	9	1	10149	10244	17691005	17690911	1.01e-23	121
ptg000006l_rc_rotated	ptg000022l_1_1_1	97.059	68	2	0	8271	8338	17690902	17690835	4.72e-22	115
ptg000006l_rc_rotated	ptg000022l_1_1_1	82.443	131	21	2	8271	8400	17690964	17690835	1.70e-21	113
ptg000006l_rc_rotated	ptg000022l_1_1_1	98.413	63	1	0	14555	14617	14184104	14184166	6.10e-21	111
ptg000006l_rc_rotated	ptg000022l_1_1_1	92.208	77	4	2	4935	5010	3251909	3251984	7.90e-20	108
ptg000006l_rc_rotated	ptg000022l_1_1_1	95.455	66	3	0	2562	2627	30486505	30486440	2.84e-19	106
ptg000006l_rc_rotated	ptg000022l_1_1_1	98.246	57	1	0	334	390	21597369	21597425	1.32e-17	100
ptg000006l_rc_rotated	ptg000022l_1_1_1	90.411	73	6	1	10170	10242	17691005	17690934	6.15e-16	95.3
ptg000006l_rc_rotated	ptg000022l_1_1_1	91.045	67	5	1	4297	4362	11451203	11451269	2.86e-14	89.8
ptg000006l_rc_rotated	ptg000022l_1_1_1	93.220	59	4	0	3598	3656	10373579	10373637	1.03e-13	87.9
ptg000006l_rc_rotated	ptg000022l_1_1_1	90.476	63	6	0	5454	5516	25544821	25544759	1.33e-12	84.2
ptg000006l_rc_rotated	ptg000022l_1_1_1	97.872	47	1	0	8271	8317	17690881	17690835	4.79e-12	82.4
ptg000006l_rc_rotated	ptg000022l_1_1_1	92.593	54	4	0	10191	10244	17691005	17690952	6.19e-11	78.7
ptg000006l_rc_rotated	ptg000022l_1_1_1	100.000	37	0	0	8552	8588	17690871	17690835	3.73e-08	69.4
ptg000006l_rc_rotated	ptg000022l_1_1_1	100.000	33	0	0	9561	9593	23166679	23166711	6.24e-06	62.1
ptg000006l_rc_rotated	ptg000022l_1_1_1	100.000	33	0	0	9999	10031	23166679	23166711	6.24e-06	62.1
ptg000006l_rc_rotated	ptg000022l_1_1_1	88.000	50	5	1	15629	15678	22456425	22456473	8.07e-05	58.4
ptg000006l_rc_rotated	ptg000022l_1_1_1	96.970	33	1	0	10212	10244	17691005	17690973	2.90e-04	56.5
ptg000006l_rc_rotated	ptg000022l_1_1_1	100.000	30	0	0	2137	2166	21669245	21669274	2.90e-04	56.5
ptg000006l_rc_rotated	ptg000027l_1_1_1	89.837	492	41	6	10854	11343	3715243	3714759	6.34e-175	623
ptg000006l_rc_rotated	ptg000027l_1_1_1	96.774	93	3	0	299	391	8025662	8025570	2.78e-34	156
ptg000006l_rc_rotated	ptg000027l_1_1_1	98.529	68	1	0	3220	3287	9979871	9979938	1.01e-23	121
ptg000006l_rc_rotated	ptg000027l_1_1_1	95.890	73	3	0	8295	8367	1237742	1237814	3.65e-23	119
ptg000006l_rc_rotated	ptg000027l_1_1_1	95.890	73	3	0	8587	8659	1237742	1237814	3.65e-23	119
ptg000006l_rc_rotated	ptg000027l_1_1_1	95.890	73	3	0	8733	8805	1237742	1237814	3.65e-23	119
ptg000006l_rc_rotated	ptg000027l_1_1_1	95.890	73	3	0	8879	8951	1237742	1237814	3.65e-23	119
ptg000006l_rc_rotated	ptg000027l_1_1_1	95.890	73	3	0	9171	9243	1237742	1237814	3.65e-23	119
ptg000006l_rc_rotated	ptg000027l_1_1_1	95.890	73	3	0	9317	9389	1237742	1237814	3.65e-23	119
ptg000006l_rc_rotated	ptg000027l_1_1_1	95.890	73	3	0	9463	9535	1237742	1237814	3.65e-23	119
ptg000006l_rc_rotated	ptg000027l_1_1_1	95.890	73	3	0	9609	9681	1237742	1237814	3.65e-23	119
ptg000006l_rc_rotated	ptg000027l_1_1_1	95.890	73	3	0	9755	9827	1237742	1237814	3.65e-23	119
ptg000006l_rc_rotated	ptg000027l_1_1_1	95.890	73	3	0	9901	9973	1237742	1237814	3.65e-23	119
ptg000006l_rc_rotated	ptg000027l_1_1_1	95.890	73	3	0	10047	10119	1237742	1237814	3.65e-23	119
ptg000006l_rc_rotated	ptg000027l_1_1_1	94.521	73	4	0	8441	8513	1237742	1237814	1.70e-21	113
ptg000006l_rc_rotated	ptg000027l_1_1_1	97.015	67	2	0	12480	12546	10510632	10510566	1.70e-21	113
ptg000006l_rc_rotated	ptg000027l_1_1_1	100.000	59	0	0	8403	8461	23943014	23943072	2.20e-20	110
ptg000006l_rc_rotated	ptg000027l_1_1_1	100.000	59	0	0	8570	8628	23943014	23943072	2.20e-20	110
ptg000006l_rc_rotated	ptg000027l_1_1_1	100.000	59	0	0	9008	9066	23943014	23943072	2.20e-20	110
ptg000006l_rc_rotated	ptg000027l_1_1_1	95.522	67	3	0	8399	8465	1237742	1237808	7.90e-20	108
ptg000006l_rc_rotated	ptg000027l_1_1_1	95.522	67	3	0	8566	8632	1237742	1237808	7.90e-20	108
ptg000006l_rc_rotated	ptg000027l_1_1_1	95.522	67	3	0	9004	9070	1237742	1237808	7.90e-20	108
ptg000006l_rc_rotated	ptg000027l_1_1_1	100.000	58	0	0	14364	14421	29692530	29692473	7.90e-20	108
ptg000006l_rc_rotated	ptg000027l_1_1_1	94.203	69	4	0	8668	8736	1237740	1237808	2.84e-19	106
ptg000006l_rc_rotated	ptg000027l_1_1_1	94.203	69	4	0	8960	9028	1237740	1237808	2.84e-19	106
ptg000006l_rc_rotated	ptg000027l_1_1_1	94.203	69	4	0	9252	9320	1237740	1237808	2.84e-19	106
ptg000006l_rc_rotated	ptg000027l_1_1_1	94.203	69	4	0	9398	9466	1237740	1237808	2.84e-19	106
ptg000006l_rc_rotated	ptg000027l_1_1_1	94.203	69	4	0	9690	9758	1237740	1237808	2.84e-19	106
ptg000006l_rc_rotated	ptg000027l_1_1_1	94.203	69	4	0	9836	9904	1237740	1237808	2.84e-19	106
ptg000006l_rc_rotated	ptg000027l_1_1_1	94.203	69	4	0	10128	10196	1237740	1237808	2.84e-19	106
ptg000006l_rc_rotated	ptg000027l_1_1_1	98.305	59	1	0	8278	8336	23943014	23943072	1.02e-18	104
ptg000006l_rc_rotated	ptg000027l_1_1_1	98.305	59	1	0	8382	8440	23943014	23943072	1.02e-18	104
ptg000006l_rc_rotated	ptg000027l_1_1_1	98.305	59	1	0	8549	8607	23943014	23943072	1.02e-18	104
ptg000006l_rc_rotated	ptg000027l_1_1_1	98.305	59	1	0	8674	8732	23943014	23943072	1.02e-18	104
ptg000006l_rc_rotated	ptg000027l_1_1_1	98.305	59	1	0	8695	8753	23943014	23943072	1.02e-18	104
ptg000006l_rc_rotated	ptg000027l_1_1_1	98.305	59	1	0	8716	8774	23943014	23943072	1.02e-18	104
ptg000006l_rc_rotated	ptg000027l_1_1_1	98.305	59	1	0	8820	8878	23943014	23943072	1.02e-18	104
ptg000006l_rc_rotated	ptg000027l_1_1_1	98.305	59	1	0	8841	8899	23943014	23943072	1.02e-18	104
ptg000006l_rc_rotated	ptg000027l_1_1_1	98.305	59	1	0	8862	8920	23943014	23943072	1.02e-18	104
ptg000006l_rc_rotated	ptg000027l_1_1_1	98.305	59	1	0	8966	9024	23943014	23943072	1.02e-18	104
ptg000006l_rc_rotated	ptg000027l_1_1_1	98.305	59	1	0	8987	9045	23943014	23943072	1.02e-18	104
ptg000006l_rc_rotated	ptg000027l_1_1_1	98.305	59	1	0	9133	9191	23943014	23943072	1.02e-18	104
ptg000006l_rc_rotated	ptg000027l_1_1_1	98.305	59	1	0	9154	9212	23943014	23943072	1.02e-18	104
ptg000006l_rc_rotated	ptg000027l_1_1_1	98.305	59	1	0	9258	9316	23943014	23943072	1.02e-18	104
ptg000006l_rc_rotated	ptg000027l_1_1_1	98.305	59	1	0	9279	9337	23943014	23943072	1.02e-18	104
ptg000006l_rc_rotated	ptg000027l_1_1_1	98.305	59	1	0	9300	9358	23943014	23943072	1.02e-18	104
ptg000006l_rc_rotated	ptg000027l_1_1_1	98.305	59	1	0	9404	9462	23943014	23943072	1.02e-18	104
ptg000006l_rc_rotated	ptg000027l_1_1_1	98.305	59	1	0	9425	9483	23943014	23943072	1.02e-18	104
ptg000006l_rc_rotated	ptg000027l_1_1_1	98.305	59	1	0	9446	9504	23943014	23943072	1.02e-18	104
ptg000006l_rc_rotated	ptg000027l_1_1_1	98.305	59	1	0	9592	9650	23943014	23943072	1.02e-18	104
ptg000006l_rc_rotated	ptg000027l_1_1_1	98.305	59	1	0	9696	9754	23943014	23943072	1.02e-18	104
ptg000006l_rc_rotated	ptg000027l_1_1_1	98.305	59	1	0	9717	9775	23943014	23943072	1.02e-18	104
ptg000006l_rc_rotated	ptg000027l_1_1_1	98.305	59	1	0	9738	9796	23943014	23943072	1.02e-18	104
ptg000006l_rc_rotated	ptg000027l_1_1_1	98.305	59	1	0	9842	9900	23943014	23943072	1.02e-18	104
ptg000006l_rc_rotated	ptg000027l_1_1_1	98.305	59	1	0	9863	9921	23943014	23943072	1.02e-18	104
ptg000006l_rc_rotated	ptg000027l_1_1_1	98.305	59	1	0	9884	9942	23943014	23943072	1.02e-18	104
ptg000006l_rc_rotated	ptg000027l_1_1_1	98.305	59	1	0	10030	10088	23943014	23943072	1.02e-18	104
ptg000006l_rc_rotated	ptg000027l_1_1_1	98.305	59	1	0	10134	10192	23943014	23943072	1.02e-18	104
ptg000006l_rc_rotated	ptg000027l_1_1_1	98.305	59	1	0	10155	10213	23943014	23943072	1.02e-18	104
ptg000006l_rc_rotated	ptg000027l_1_1_1	98.305	59	1	0	10176	10234	23943014	23943072	1.02e-18	104
ptg000006l_rc_rotated	ptg000027l_1_1_1	94.030	67	4	0	8274	8340	1237742	1237808	3.67e-18	102
ptg000006l_rc_rotated	ptg000027l_1_1_1	94.030	67	4	0	8545	8611	1237742	1237808	3.67e-18	102
ptg000006l_rc_rotated	ptg000027l_1_1_1	94.030	67	4	0	8691	8757	1237742	1237808	3.67e-18	102
ptg000006l_rc_rotated	ptg000027l_1_1_1	94.030	67	4	0	8712	8778	1237742	1237808	3.67e-18	102
ptg000006l_rc_rotated	ptg000027l_1_1_1	94.030	67	4	0	8837	8903	1237742	1237808	3.67e-18	102
ptg000006l_rc_rotated	ptg000027l_1_1_1	94.030	67	4	0	8858	8924	1237742	1237808	3.67e-18	102
ptg000006l_rc_rotated	ptg000027l_1_1_1	94.030	67	4	0	8983	9049	1237742	1237808	3.67e-18	102
ptg000006l_rc_rotated	ptg000027l_1_1_1	94.030	67	4	0	9129	9195	1237742	1237808	3.67e-18	102
ptg000006l_rc_rotated	ptg000027l_1_1_1	94.030	67	4	0	9150	9216	1237742	1237808	3.67e-18	102
ptg000006l_rc_rotated	ptg000027l_1_1_1	94.030	67	4	0	9275	9341	1237742	1237808	3.67e-18	102
ptg000006l_rc_rotated	ptg000027l_1_1_1	94.030	67	4	0	9296	9362	1237742	1237808	3.67e-18	102
ptg000006l_rc_rotated	ptg000027l_1_1_1	94.030	67	4	0	9421	9487	1237742	1237808	3.67e-18	102
ptg000006l_rc_rotated	ptg000027l_1_1_1	94.030	67	4	0	9442	9508	1237742	1237808	3.67e-18	102
ptg000006l_rc_rotated	ptg000027l_1_1_1	94.030	67	4	0	9588	9654	1237742	1237808	3.67e-18	102
ptg000006l_rc_rotated	ptg000027l_1_1_1	94.030	67	4	0	9713	9779	1237742	1237808	3.67e-18	102
ptg000006l_rc_rotated	ptg000027l_1_1_1	94.030	67	4	0	9734	9800	1237742	1237808	3.67e-18	102
ptg000006l_rc_rotated	ptg000027l_1_1_1	94.030	67	4	0	9859	9925	1237742	1237808	3.67e-18	102
ptg000006l_rc_rotated	ptg000027l_1_1_1	94.030	67	4	0	9880	9946	1237742	1237808	3.67e-18	102
ptg000006l_rc_rotated	ptg000027l_1_1_1	94.030	67	4	0	10026	10092	1237742	1237808	3.67e-18	102
ptg000006l_rc_rotated	ptg000027l_1_1_1	94.030	67	4	0	10151	10217	1237742	1237808	3.67e-18	102
ptg000006l_rc_rotated	ptg000027l_1_1_1	94.030	67	4	0	10172	10238	1237742	1237808	3.67e-18	102
ptg000006l_rc_rotated	ptg000027l_1_1_1	92.754	69	5	0	8376	8444	1237740	1237808	1.32e-17	100
ptg000006l_rc_rotated	ptg000027l_1_1_1	92.754	69	5	0	8522	8590	1237740	1237808	1.32e-17	100
ptg000006l_rc_rotated	ptg000027l_1_1_1	92.754	69	5	0	8814	8882	1237740	1237808	1.32e-17	100
ptg000006l_rc_rotated	ptg000027l_1_1_1	92.754	69	5	0	9106	9174	1237740	1237808	1.32e-17	100
ptg000006l_rc_rotated	ptg000027l_1_1_1	92.754	69	5	0	9544	9612	1237740	1237808	1.32e-17	100
ptg000006l_rc_rotated	ptg000027l_1_1_1	92.754	69	5	0	9982	10050	1237740	1237808	1.32e-17	100
ptg000006l_rc_rotated	ptg000027l_1_1_1	95.238	63	3	0	3224	3286	2493221	2493159	1.32e-17	100
ptg000006l_rc_rotated	ptg000027l_1_1_1	83.962	106	15	2	15054	15158	23847120	23847016	1.32e-17	100
ptg000006l_rc_rotated	ptg000027l_1_1_1	96.610	59	2	0	8528	8586	23943014	23943072	4.75e-17	99.0
ptg000006l_rc_rotated	ptg000027l_1_1_1	96.610	59	2	0	9112	9170	23943014	23943072	4.75e-17	99.0
ptg000006l_rc_rotated	ptg000027l_1_1_1	96.610	59	2	0	9550	9608	23943014	23943072	4.75e-17	99.0
ptg000006l_rc_rotated	ptg000027l_1_1_1	96.610	59	2	0	9571	9629	23943014	23943072	4.75e-17	99.0
ptg000006l_rc_rotated	ptg000027l_1_1_1	96.610	59	2	0	9988	10046	23943014	23943072	4.75e-17	99.0
ptg000006l_rc_rotated	ptg000027l_1_1_1	96.610	59	2	0	10009	10067	23943014	23943072	4.75e-17	99.0
ptg000006l_rc_rotated	ptg000027l_1_1_1	92.537	67	5	0	9567	9633	1237742	1237808	1.71e-16	97.1
ptg000006l_rc_rotated	ptg000027l_1_1_1	92.537	67	5	0	10005	10071	1237742	1237808	1.71e-16	97.1
ptg000006l_rc_rotated	ptg000027l_1_1_1	98.148	54	1	0	8437	8490	28866228	28866281	6.15e-16	95.3
ptg000006l_rc_rotated	ptg000027l_1_1_1	92.308	65	5	0	3223	3287	14364387	14364323	2.21e-15	93.5
ptg000006l_rc_rotated	ptg000027l_1_1_1	88.462	78	7	2	18476	18552	14380938	14380862	2.21e-15	93.5
ptg000006l_rc_rotated	ptg000027l_1_1_1	98.077	52	1	0	10193	10244	1237742	1237793	7.95e-15	91.6
ptg000006l_rc_rotated	ptg000027l_1_1_1	98.077	52	1	0	8299	8350	23943014	23943065	7.95e-15	91.6
ptg000006l_rc_rotated	ptg000027l_1_1_1	98.077	52	1	0	8591	8642	23943014	23943065	7.95e-15	91.6
ptg000006l_rc_rotated	ptg000027l_1_1_1	98.077	52	1	0	8737	8788	23943014	23943065	7.95e-15	91.6
ptg000006l_rc_rotated	ptg000027l_1_1_1	98.077	52	1	0	8883	8934	23943014	23943065	7.95e-15	91.6
ptg000006l_rc_rotated	ptg000027l_1_1_1	98.077	52	1	0	9175	9226	23943014	23943065	7.95e-15	91.6
ptg000006l_rc_rotated	ptg000027l_1_1_1	98.077	52	1	0	9321	9372	23943014	23943065	7.95e-15	91.6
ptg000006l_rc_rotated	ptg000027l_1_1_1	98.077	52	1	0	9467	9518	23943014	23943065	7.95e-15	91.6
ptg000006l_rc_rotated	ptg000027l_1_1_1	98.077	52	1	0	9613	9664	23943014	23943065	7.95e-15	91.6
ptg000006l_rc_rotated	ptg000027l_1_1_1	98.077	52	1	0	9759	9810	23943014	23943065	7.95e-15	91.6
ptg000006l_rc_rotated	ptg000027l_1_1_1	98.077	52	1	0	9905	9956	23943014	23943065	7.95e-15	91.6
ptg000006l_rc_rotated	ptg000027l_1_1_1	98.077	52	1	0	10051	10102	23943014	23943065	7.95e-15	91.6
ptg000006l_rc_rotated	ptg000027l_1_1_1	96.296	54	2	0	8291	8344	28866228	28866281	2.86e-14	89.8
ptg000006l_rc_rotated	ptg000027l_1_1_1	96.296	54	2	0	8541	8594	28866228	28866281	2.86e-14	89.8
ptg000006l_rc_rotated	ptg000027l_1_1_1	96.296	54	2	0	8687	8740	28866228	28866281	2.86e-14	89.8
ptg000006l_rc_rotated	ptg000027l_1_1_1	96.296	54	2	0	8708	8761	28866228	28866281	2.86e-14	89.8
ptg000006l_rc_rotated	ptg000027l_1_1_1	96.296	54	2	0	8729	8782	28866228	28866281	2.86e-14	89.8
ptg000006l_rc_rotated	ptg000027l_1_1_1	96.296	54	2	0	8833	8886	28866228	28866281	2.86e-14	89.8
ptg000006l_rc_rotated	ptg000027l_1_1_1	96.296	54	2	0	8854	8907	28866228	28866281	2.86e-14	89.8
ptg000006l_rc_rotated	ptg000027l_1_1_1	96.296	54	2	0	8875	8928	28866228	28866281	2.86e-14	89.8
ptg000006l_rc_rotated	ptg000027l_1_1_1	96.296	54	2	0	8979	9032	28866228	28866281	2.86e-14	89.8
ptg000006l_rc_rotated	ptg000027l_1_1_1	96.296	54	2	0	9125	9178	28866228	28866281	2.86e-14	89.8
ptg000006l_rc_rotated	ptg000027l_1_1_1	96.296	54	2	0	9146	9199	28866228	28866281	2.86e-14	89.8
ptg000006l_rc_rotated	ptg000027l_1_1_1	96.296	54	2	0	9167	9220	28866228	28866281	2.86e-14	89.8
ptg000006l_rc_rotated	ptg000027l_1_1_1	96.296	54	2	0	9271	9324	28866228	28866281	2.86e-14	89.8
ptg000006l_rc_rotated	ptg000027l_1_1_1	96.296	54	2	0	9292	9345	28866228	28866281	2.86e-14	89.8
ptg000006l_rc_rotated	ptg000027l_1_1_1	96.296	54	2	0	9313	9366	28866228	28866281	2.86e-14	89.8
ptg000006l_rc_rotated	ptg000027l_1_1_1	96.296	54	2	0	9417	9470	28866228	28866281	2.86e-14	89.8
ptg000006l_rc_rotated	ptg000027l_1_1_1	96.296	54	2	0	9438	9491	28866228	28866281	2.86e-14	89.8
ptg000006l_rc_rotated	ptg000027l_1_1_1	96.296	54	2	0	9459	9512	28866228	28866281	2.86e-14	89.8
ptg000006l_rc_rotated	ptg000027l_1_1_1	96.296	54	2	0	9605	9658	28866228	28866281	2.86e-14	89.8
ptg000006l_rc_rotated	ptg000027l_1_1_1	96.296	54	2	0	9709	9762	28866228	28866281	2.86e-14	89.8
ptg000006l_rc_rotated	ptg000027l_1_1_1	96.296	54	2	0	9730	9783	28866228	28866281	2.86e-14	89.8
ptg000006l_rc_rotated	ptg000027l_1_1_1	96.296	54	2	0	9751	9804	28866228	28866281	2.86e-14	89.8
ptg000006l_rc_rotated	ptg000027l_1_1_1	96.296	54	2	0	9855	9908	28866228	28866281	2.86e-14	89.8
ptg000006l_rc_rotated	ptg000027l_1_1_1	96.296	54	2	0	9876	9929	28866228	28866281	2.86e-14	89.8
ptg000006l_rc_rotated	ptg000027l_1_1_1	96.296	54	2	0	9897	9950	28866228	28866281	2.86e-14	89.8
ptg000006l_rc_rotated	ptg000027l_1_1_1	96.296	54	2	0	10043	10096	28866228	28866281	2.86e-14	89.8
ptg000006l_rc_rotated	ptg000027l_1_1_1	96.296	54	2	0	10147	10200	28866228	28866281	2.86e-14	89.8
ptg000006l_rc_rotated	ptg000027l_1_1_1	96.296	54	2	0	10168	10221	28866228	28866281	2.86e-14	89.8
ptg000006l_rc_rotated	ptg000027l_1_1_1	96.296	54	2	0	10189	10242	28866228	28866281	2.86e-14	89.8
ptg000006l_rc_rotated	ptg000027l_1_1_1	92.063	63	4	1	7963	8024	15610418	15610356	1.03e-13	87.9
ptg000006l_rc_rotated	ptg000027l_1_1_1	94.643	56	3	0	8268	8323	28866226	28866281	1.03e-13	87.9
ptg000006l_rc_rotated	ptg000027l_1_1_1	96.226	53	2	0	9585	9637	28866229	28866281	1.03e-13	87.9
ptg000006l_rc_rotated	ptg000027l_1_1_1	96.226	53	2	0	10023	10075	28866229	28866281	1.03e-13	87.9
ptg000006l_rc_rotated	ptg000027l_1_1_1	98.000	50	1	0	8524	8573	28866232	28866281	1.03e-13	87.9
ptg000006l_rc_rotated	ptg000027l_1_1_1	96.154	52	2	0	8445	8496	23943014	23943065	3.70e-13	86.1
ptg000006l_rc_rotated	ptg000027l_1_1_1	96.154	52	2	0	8395	8446	28866228	28866279	3.70e-13	86.1
ptg000006l_rc_rotated	ptg000027l_1_1_1	96.154	52	2	0	8562	8613	28866228	28866279	3.70e-13	86.1
ptg000006l_rc_rotated	ptg000027l_1_1_1	96.154	52	2	0	9000	9051	28866228	28866279	3.70e-13	86.1
ptg000006l_rc_rotated	ptg000027l_1_1_1	91.803	61	5	0	6868	6928	39594127	39594067	3.70e-13	86.1
ptg000006l_rc_rotated	ptg000027l_1_1_1	97.917	48	1	0	10197	10244	23943014	23943061	1.33e-12	84.2
ptg000006l_rc_rotated	ptg000027l_1_1_1	94.444	54	3	0	9563	9616	28866228	28866281	1.33e-12	84.2
ptg000006l_rc_rotated	ptg000027l_1_1_1	94.444	54	3	0	10001	10054	28866228	28866281	1.33e-12	84.2
ptg000006l_rc_rotated	ptg000027l_1_1_1	96.000	50	2	0	8670	8719	28866232	28866281	4.79e-12	82.4
ptg000006l_rc_rotated	ptg000027l_1_1_1	96.000	50	2	0	8962	9011	28866232	28866281	4.79e-12	82.4
ptg000006l_rc_rotated	ptg000027l_1_1_1	96.000	50	2	0	9254	9303	28866232	28866281	4.79e-12	82.4
ptg000006l_rc_rotated	ptg000027l_1_1_1	96.000	50	2	0	9400	9449	28866232	28866281	4.79e-12	82.4
ptg000006l_rc_rotated	ptg000027l_1_1_1	96.000	50	2	0	9692	9741	28866232	28866281	4.79e-12	82.4
ptg000006l_rc_rotated	ptg000027l_1_1_1	96.000	50	2	0	9838	9887	28866232	28866281	4.79e-12	82.4
ptg000006l_rc_rotated	ptg000027l_1_1_1	96.000	50	2	0	10130	10179	28866232	28866281	4.79e-12	82.4
ptg000006l_rc_rotated	ptg000027l_1_1_1	92.727	55	4	0	1073	1127	19114514	19114460	1.72e-11	80.5
ptg000006l_rc_rotated	ptg000027l_1_1_1	90.476	63	3	1	328	387	20338141	20338079	1.72e-11	80.5
ptg000006l_rc_rotated	ptg000027l_1_1_1	95.833	48	2	0	8380	8427	28866234	28866281	6.19e-11	78.7
ptg000006l_rc_rotated	ptg000027l_1_1_1	95.833	48	2	0	8818	8865	28866234	28866281	6.19e-11	78.7
ptg000006l_rc_rotated	ptg000027l_1_1_1	94.000	50	3	0	9108	9157	28866232	28866281	2.23e-10	76.8
ptg000006l_rc_rotated	ptg000027l_1_1_1	88.333	60	7	0	3012	3071	14364446	14364387	2.88e-09	73.1
ptg000006l_rc_rotated	ptg000027l_1_1_1	88.136	59	7	0	11254	11312	38113015	38112957	1.04e-08	71.3
ptg000006l_rc_rotated	ptg000027l_1_1_1	93.478	46	3	0	8316	8361	1237742	1237787	3.73e-08	69.4
ptg000006l_rc_rotated	ptg000027l_1_1_1	93.478	46	3	0	8462	8507	1237742	1237787	3.73e-08	69.4
ptg000006l_rc_rotated	ptg000027l_1_1_1	93.478	46	3	0	8754	8799	1237742	1237787	3.73e-08	69.4
ptg000006l_rc_rotated	ptg000027l_1_1_1	93.478	46	3	0	8900	8945	1237742	1237787	3.73e-08	69.4
ptg000006l_rc_rotated	ptg000027l_1_1_1	93.478	46	3	0	9192	9237	1237742	1237787	3.73e-08	69.4
ptg000006l_rc_rotated	ptg000027l_1_1_1	93.478	46	3	0	9338	9383	1237742	1237787	3.73e-08	69.4
ptg000006l_rc_rotated	ptg000027l_1_1_1	93.478	46	3	0	9484	9529	1237742	1237787	3.73e-08	69.4
ptg000006l_rc_rotated	ptg000027l_1_1_1	93.478	46	3	0	9630	9675	1237742	1237787	3.73e-08	69.4
ptg000006l_rc_rotated	ptg000027l_1_1_1	93.478	46	3	0	9776	9821	1237742	1237787	3.73e-08	69.4
ptg000006l_rc_rotated	ptg000027l_1_1_1	93.478	46	3	0	9922	9967	1237742	1237787	3.73e-08	69.4
ptg000006l_rc_rotated	ptg000027l_1_1_1	93.478	46	3	0	10068	10113	1237742	1237787	3.73e-08	69.4
ptg000006l_rc_rotated	ptg000027l_1_1_1	93.478	46	3	0	8261	8306	33640342	33640297	3.73e-08	69.4
ptg000006l_rc_rotated	ptg000027l_1_1_1	97.436	39	0	1	10066	10103	33640331	33640293	4.82e-07	65.8
ptg000006l_rc_rotated	ptg000027l_1_1_1	97.436	39	0	1	9920	9957	33640331	33640293	4.82e-07	65.8
ptg000006l_rc_rotated	ptg000027l_1_1_1	97.436	39	0	1	9774	9811	33640331	33640293	4.82e-07	65.8
ptg000006l_rc_rotated	ptg000027l_1_1_1	97.436	39	0	1	9628	9665	33640331	33640293	4.82e-07	65.8
ptg000006l_rc_rotated	ptg000027l_1_1_1	97.436	39	0	1	9482	9519	33640331	33640293	4.82e-07	65.8
ptg000006l_rc_rotated	ptg000027l_1_1_1	97.436	39	0	1	9336	9373	33640331	33640293	4.82e-07	65.8
ptg000006l_rc_rotated	ptg000027l_1_1_1	97.436	39	0	1	9190	9227	33640331	33640293	4.82e-07	65.8
ptg000006l_rc_rotated	ptg000027l_1_1_1	97.436	39	0	1	8898	8935	33640331	33640293	4.82e-07	65.8
ptg000006l_rc_rotated	ptg000027l_1_1_1	97.436	39	0	1	8752	8789	33640331	33640293	4.82e-07	65.8
ptg000006l_rc_rotated	ptg000027l_1_1_1	97.436	39	0	1	8460	8497	33640331	33640293	4.82e-07	65.8
ptg000006l_rc_rotated	ptg000027l_1_1_1	97.436	39	0	1	8314	8351	33640331	33640293	4.82e-07	65.8
ptg000006l_rc_rotated	ptg000027l_1_1_1	100.000	35	0	0	10191	10225	33640331	33640297	4.82e-07	65.8
ptg000006l_rc_rotated	ptg000027l_1_1_1	100.000	35	0	0	10170	10204	33640331	33640297	4.82e-07	65.8
ptg000006l_rc_rotated	ptg000027l_1_1_1	100.000	35	0	0	10149	10183	33640331	33640297	4.82e-07	65.8
ptg000006l_rc_rotated	ptg000027l_1_1_1	100.000	35	0	0	10045	10079	33640331	33640297	4.82e-07	65.8
ptg000006l_rc_rotated	ptg000027l_1_1_1	100.000	35	0	0	10024	10058	33640331	33640297	4.82e-07	65.8
ptg000006l_rc_rotated	ptg000027l_1_1_1	100.000	35	0	0	9899	9933	33640331	33640297	4.82e-07	65.8
ptg000006l_rc_rotated	ptg000027l_1_1_1	100.000	35	0	0	9878	9912	33640331	33640297	4.82e-07	65.8
ptg000006l_rc_rotated	ptg000027l_1_1_1	100.000	35	0	0	9857	9891	33640331	33640297	4.82e-07	65.8
ptg000006l_rc_rotated	ptg000027l_1_1_1	100.000	35	0	0	9753	9787	33640331	33640297	4.82e-07	65.8
ptg000006l_rc_rotated	ptg000027l_1_1_1	100.000	35	0	0	9732	9766	33640331	33640297	4.82e-07	65.8
ptg000006l_rc_rotated	ptg000027l_1_1_1	100.000	35	0	0	9711	9745	33640331	33640297	4.82e-07	65.8
ptg000006l_rc_rotated	ptg000027l_1_1_1	100.000	35	0	0	9607	9641	33640331	33640297	4.82e-07	65.8
ptg000006l_rc_rotated	ptg000027l_1_1_1	100.000	35	0	0	9586	9620	33640331	33640297	4.82e-07	65.8
ptg000006l_rc_rotated	ptg000027l_1_1_1	100.000	35	0	0	9461	9495	33640331	33640297	4.82e-07	65.8
ptg000006l_rc_rotated	ptg000027l_1_1_1	100.000	35	0	0	9440	9474	33640331	33640297	4.82e-07	65.8
ptg000006l_rc_rotated	ptg000027l_1_1_1	100.000	35	0	0	9419	9453	33640331	33640297	4.82e-07	65.8
ptg000006l_rc_rotated	ptg000027l_1_1_1	100.000	35	0	0	9315	9349	33640331	33640297	4.82e-07	65.8
ptg000006l_rc_rotated	ptg000027l_1_1_1	100.000	35	0	0	9294	9328	33640331	33640297	4.82e-07	65.8
ptg000006l_rc_rotated	ptg000027l_1_1_1	100.000	35	0	0	9273	9307	33640331	33640297	4.82e-07	65.8
ptg000006l_rc_rotated	ptg000027l_1_1_1	100.000	35	0	0	9169	9203	33640331	33640297	4.82e-07	65.8
ptg000006l_rc_rotated	ptg000027l_1_1_1	100.000	35	0	0	9148	9182	33640331	33640297	4.82e-07	65.8
ptg000006l_rc_rotated	ptg000027l_1_1_1	100.000	35	0	0	9127	9161	33640331	33640297	4.82e-07	65.8
ptg000006l_rc_rotated	ptg000027l_1_1_1	100.000	35	0	0	9002	9036	33640331	33640297	4.82e-07	65.8
ptg000006l_rc_rotated	ptg000027l_1_1_1	100.000	35	0	0	8981	9015	33640331	33640297	4.82e-07	65.8
ptg000006l_rc_rotated	ptg000027l_1_1_1	100.000	35	0	0	8877	8911	33640331	33640297	4.82e-07	65.8
ptg000006l_rc_rotated	ptg000027l_1_1_1	100.000	35	0	0	8856	8890	33640331	33640297	4.82e-07	65.8
ptg000006l_rc_rotated	ptg000027l_1_1_1	100.000	35	0	0	8835	8869	33640331	33640297	4.82e-07	65.8
ptg000006l_rc_rotated	ptg000027l_1_1_1	100.000	35	0	0	8731	8765	33640331	33640297	4.82e-07	65.8
ptg000006l_rc_rotated	ptg000027l_1_1_1	100.000	35	0	0	8710	8744	33640331	33640297	4.82e-07	65.8
ptg000006l_rc_rotated	ptg000027l_1_1_1	100.000	35	0	0	8689	8723	33640331	33640297	4.82e-07	65.8
ptg000006l_rc_rotated	ptg000027l_1_1_1	100.000	35	0	0	8564	8598	33640331	33640297	4.82e-07	65.8
ptg000006l_rc_rotated	ptg000027l_1_1_1	100.000	35	0	0	8543	8577	33640331	33640297	4.82e-07	65.8
ptg000006l_rc_rotated	ptg000027l_1_1_1	100.000	35	0	0	8397	8431	33640331	33640297	4.82e-07	65.8
ptg000006l_rc_rotated	ptg000027l_1_1_1	100.000	35	0	0	8293	8327	33640331	33640297	4.82e-07	65.8
ptg000006l_rc_rotated	ptg000027l_1_1_1	91.304	46	4	0	9046	9091	1237742	1237787	1.73e-06	63.9
ptg000006l_rc_rotated	ptg000027l_1_1_1	92.857	42	3	0	8320	8361	23943014	23943055	6.24e-06	62.1
ptg000006l_rc_rotated	ptg000027l_1_1_1	92.857	42	3	0	8466	8507	23943014	23943055	6.24e-06	62.1
ptg000006l_rc_rotated	ptg000027l_1_1_1	92.857	42	3	0	8758	8799	23943014	23943055	6.24e-06	62.1
ptg000006l_rc_rotated	ptg000027l_1_1_1	92.857	42	3	0	8904	8945	23943014	23943055	6.24e-06	62.1
ptg000006l_rc_rotated	ptg000027l_1_1_1	92.857	42	3	0	9196	9237	23943014	23943055	6.24e-06	62.1
ptg000006l_rc_rotated	ptg000027l_1_1_1	92.857	42	3	0	9342	9383	23943014	23943055	6.24e-06	62.1
ptg000006l_rc_rotated	ptg000027l_1_1_1	92.857	42	3	0	9488	9529	23943014	23943055	6.24e-06	62.1
ptg000006l_rc_rotated	ptg000027l_1_1_1	92.857	42	3	0	9634	9675	23943014	23943055	6.24e-06	62.1
ptg000006l_rc_rotated	ptg000027l_1_1_1	92.857	42	3	0	9780	9821	23943014	23943055	6.24e-06	62.1
ptg000006l_rc_rotated	ptg000027l_1_1_1	92.857	42	3	0	9926	9967	23943014	23943055	6.24e-06	62.1
ptg000006l_rc_rotated	ptg000027l_1_1_1	92.857	42	3	0	10072	10113	23943014	23943055	6.24e-06	62.1
ptg000006l_rc_rotated	ptg000027l_1_1_1	100.000	33	0	0	10130	10162	33640329	33640297	6.24e-06	62.1
ptg000006l_rc_rotated	ptg000027l_1_1_1	100.000	33	0	0	9984	10016	33640329	33640297	6.24e-06	62.1
ptg000006l_rc_rotated	ptg000027l_1_1_1	100.000	33	0	0	9838	9870	33640329	33640297	6.24e-06	62.1
ptg000006l_rc_rotated	ptg000027l_1_1_1	100.000	33	0	0	9692	9724	33640329	33640297	6.24e-06	62.1
ptg000006l_rc_rotated	ptg000027l_1_1_1	100.000	33	0	0	9546	9578	33640329	33640297	6.24e-06	62.1
ptg000006l_rc_rotated	ptg000027l_1_1_1	100.000	33	0	0	9400	9432	33640329	33640297	6.24e-06	62.1
ptg000006l_rc_rotated	ptg000027l_1_1_1	100.000	33	0	0	9254	9286	33640329	33640297	6.24e-06	62.1
ptg000006l_rc_rotated	ptg000027l_1_1_1	100.000	33	0	0	8962	8994	33640329	33640297	6.24e-06	62.1
ptg000006l_rc_rotated	ptg000027l_1_1_1	100.000	33	0	0	8670	8702	33640329	33640297	6.24e-06	62.1
ptg000006l_rc_rotated	ptg000027l_1_1_1	100.000	33	0	0	10212	10244	33640331	33640299	6.24e-06	62.1
ptg000006l_rc_rotated	ptg000027l_1_1_1	100.000	32	0	0	8271	8302	28866250	28866281	2.24e-05	60.2
ptg000006l_rc_rotated	ptg000027l_1_1_1	97.143	35	1	0	9023	9057	33640331	33640297	2.24e-05	60.2
ptg000006l_rc_rotated	ptg000027l_1_1_1	97.143	35	1	0	8585	8619	33640331	33640297	2.24e-05	60.2
ptg000006l_rc_rotated	ptg000027l_1_1_1	97.143	35	1	0	8418	8452	33640331	33640297	2.24e-05	60.2
ptg000006l_rc_rotated	ptg000027l_1_1_1	94.737	38	2	0	11152	11189	37647476	37647439	2.24e-05	60.2
ptg000006l_rc_rotated	ptg000027l_1_1_1	100.000	31	0	0	10214	10244	1237742	1237772	8.07e-05	58.4
ptg000006l_rc_rotated	ptg000027l_1_1_1	100.000	31	0	0	8818	8848	33640327	33640297	8.07e-05	58.4
ptg000006l_rc_rotated	ptg000027l_1_1_1	100.000	31	0	0	8380	8410	33640327	33640297	8.07e-05	58.4
ptg000006l_rc_rotated	ptg000027l_1_1_1	90.476	42	4	0	9050	9091	23943014	23943055	2.90e-04	56.5
ptg000006l_rc_rotated	ptg000027l_1_1_1	100.000	29	0	0	8670	8698	28866253	28866281	0.001	54.7
ptg000006l_rc_rotated	ptg000027l_1_1_1	100.000	29	0	0	8962	8990	28866253	28866281	0.001	54.7
ptg000006l_rc_rotated	ptg000027l_1_1_1	100.000	29	0	0	9254	9282	28866253	28866281	0.001	54.7
ptg000006l_rc_rotated	ptg000027l_1_1_1	100.000	29	0	0	9400	9428	28866253	28866281	0.001	54.7
ptg000006l_rc_rotated	ptg000027l_1_1_1	100.000	29	0	0	9546	9574	28866253	28866281	0.001	54.7
ptg000006l_rc_rotated	ptg000027l_1_1_1	100.000	29	0	0	9692	9720	28866253	28866281	0.001	54.7
ptg000006l_rc_rotated	ptg000027l_1_1_1	100.000	29	0	0	9838	9866	28866253	28866281	0.001	54.7
ptg000006l_rc_rotated	ptg000027l_1_1_1	100.000	29	0	0	9984	10012	28866253	28866281	0.001	54.7
ptg000006l_rc_rotated	ptg000027l_1_1_1	100.000	29	0	0	10130	10158	28866253	28866281	0.001	54.7
ptg000006l_rc_rotated	ptg000027l_1_1_1	100.000	28	0	0	9034	9061	26102932	26102905	0.004	52.8
ptg000006l_rc_rotated	ptg000027l_1_1_1	100.000	28	0	0	8596	8623	26102932	26102905	0.004	52.8
ptg000006l_rc_rotated	ptg000027l_1_1_1	100.000	28	0	0	8429	8456	26102932	26102905	0.004	52.8
ptg000006l_rc_rotated	ptg000001l_1_1_1	88.017	484	42	12	12186	12664	4502614	4502142	1.81e-155	558
ptg000006l_rc_rotated	ptg000001l_1_1_1	82.116	397	54	14	28	414	33152442	33152053	7.20e-85	324
ptg000006l_rc_rotated	ptg000001l_1_1_1	81.931	321	53	4	8380	8696	8986163	8985844	1.23e-67	267
ptg000006l_rc_rotated	ptg000001l_1_1_1	81.308	321	55	4	8818	9134	8986163	8985844	2.66e-64	255
ptg000006l_rc_rotated	ptg000001l_1_1_1	79.518	332	60	6	16874	17201	34221801	34221474	1.62e-56	230
ptg000006l_rc_rotated	ptg000001l_1_1_1	79.747	316	62	2	4421	4735	25196825	25196511	5.81e-56	228
ptg000006l_rc_rotated	ptg000001l_1_1_1	82.129	263	45	2	8380	8641	17607522	17607783	7.51e-55	224
ptg000006l_rc_rotated	ptg000001l_1_1_1	81.569	255	46	1	8400	8653	17607521	17607775	2.10e-50	209
ptg000006l_rc_rotated	ptg000001l_1_1_1	81.569	255	46	1	8818	9071	17607522	17607776	2.10e-50	209
ptg000006l_rc_rotated	ptg000001l_1_1_1	95.420	131	6	0	793	923	32045919	32045789	2.10e-50	209
ptg000006l_rc_rotated	ptg000001l_1_1_1	75.717	453	65	25	4767	5215	32650396	32649985	3.55e-43	185
ptg000006l_rc_rotated	ptg000001l_1_1_1	79.352	247	47	4	8271	8514	8986105	8985860	9.93e-39	171
ptg000006l_rc_rotated	ptg000001l_1_1_1	81.313	198	36	1	8270	8466	17607579	17607776	2.15e-35	159
ptg000006l_rc_rotated	ptg000001l_1_1_1	81.313	198	35	2	1017	1213	35176925	35176729	2.15e-35	159
ptg000006l_rc_rotated	ptg000001l_1_1_1	96.739	92	3	0	9546	9637	19502506	19502597	1.00e-33	154
ptg000006l_rc_rotated	ptg000001l_1_1_1	96.739	92	3	0	9984	10075	19502506	19502597	1.00e-33	154
ptg000006l_rc_rotated	ptg000001l_1_1_1	94.681	94	4	1	12919	13011	13719599	13719506	6.02e-31	145
ptg000006l_rc_rotated	ptg000001l_1_1_1	88.333	120	10	4	11228	11344	26518203	26518321	7.79e-30	141
ptg000006l_rc_rotated	ptg000001l_1_1_1	98.701	77	1	0	8566	8642	19900493	19900569	1.01e-28	137
ptg000006l_rc_rotated	ptg000001l_1_1_1	84.247	146	18	4	2367	2509	34380054	34379911	1.01e-28	137
ptg000006l_rc_rotated	ptg000001l_1_1_1	97.436	78	2	0	8399	8476	19900493	19900570	1.30e-27	134
ptg000006l_rc_rotated	ptg000001l_1_1_1	97.436	78	2	0	8545	8622	19900493	19900570	1.30e-27	134
ptg000006l_rc_rotated	ptg000001l_1_1_1	97.436	78	2	0	8983	9060	19900493	19900570	1.30e-27	134
ptg000006l_rc_rotated	ptg000001l_1_1_1	97.403	77	2	0	9004	9080	19900493	19900569	4.69e-27	132
ptg000006l_rc_rotated	ptg000001l_1_1_1	90.000	100	10	0	2691	2790	17433645	17433546	1.69e-26	130
ptg000006l_rc_rotated	ptg000001l_1_1_1	94.118	85	5	0	8371	8455	19900486	19900570	1.69e-26	130
ptg000006l_rc_rotated	ptg000001l_1_1_1	94.118	85	5	0	8663	8747	19900486	19900570	1.69e-26	130
ptg000006l_rc_rotated	ptg000001l_1_1_1	94.118	85	5	0	8955	9039	19900486	19900570	1.69e-26	130
ptg000006l_rc_rotated	ptg000001l_1_1_1	94.118	85	5	0	9247	9331	19900486	19900570	1.69e-26	130
ptg000006l_rc_rotated	ptg000001l_1_1_1	94.118	85	5	0	9393	9477	19900486	19900570	1.69e-26	130
ptg000006l_rc_rotated	ptg000001l_1_1_1	94.118	85	5	0	9685	9769	19900486	19900570	1.69e-26	130
ptg000006l_rc_rotated	ptg000001l_1_1_1	94.118	85	5	0	9831	9915	19900486	19900570	1.69e-26	130
ptg000006l_rc_rotated	ptg000001l_1_1_1	94.118	85	5	0	10123	10207	19900486	19900570	1.69e-26	130
ptg000006l_rc_rotated	ptg000001l_1_1_1	96.154	78	3	0	8691	8768	19900493	19900570	6.06e-26	128
ptg000006l_rc_rotated	ptg000001l_1_1_1	96.154	78	3	0	8837	8914	19900493	19900570	6.06e-26	128
ptg000006l_rc_rotated	ptg000001l_1_1_1	96.154	78	3	0	9129	9206	19900493	19900570	6.06e-26	128
ptg000006l_rc_rotated	ptg000001l_1_1_1	96.154	78	3	0	9275	9352	19900493	19900570	6.06e-26	128
ptg000006l_rc_rotated	ptg000001l_1_1_1	96.154	78	3	0	9421	9498	19900493	19900570	6.06e-26	128
ptg000006l_rc_rotated	ptg000001l_1_1_1	96.154	78	3	0	9713	9790	19900493	19900570	6.06e-26	128
ptg000006l_rc_rotated	ptg000001l_1_1_1	96.154	78	3	0	9859	9936	19900493	19900570	6.06e-26	128
ptg000006l_rc_rotated	ptg000001l_1_1_1	96.154	78	3	0	10151	10228	19900493	19900570	6.06e-26	128
ptg000006l_rc_rotated	ptg000001l_1_1_1	94.048	84	4	1	11112	11194	6820708	6820791	2.18e-25	126
ptg000006l_rc_rotated	ptg000001l_1_1_1	96.104	77	3	0	8712	8788	19900493	19900569	2.18e-25	126
ptg000006l_rc_rotated	ptg000001l_1_1_1	96.104	77	3	0	8858	8934	19900493	19900569	2.18e-25	126
ptg000006l_rc_rotated	ptg000001l_1_1_1	96.104	77	3	0	9150	9226	19900493	19900569	2.18e-25	126
ptg000006l_rc_rotated	ptg000001l_1_1_1	96.104	77	3	0	9296	9372	19900493	19900569	2.18e-25	126
ptg000006l_rc_rotated	ptg000001l_1_1_1	96.104	77	3	0	9442	9518	19900493	19900569	2.18e-25	126
ptg000006l_rc_rotated	ptg000001l_1_1_1	96.104	77	3	0	9588	9664	19900493	19900569	2.18e-25	126
ptg000006l_rc_rotated	ptg000001l_1_1_1	96.104	77	3	0	9734	9810	19900493	19900569	2.18e-25	126
ptg000006l_rc_rotated	ptg000001l_1_1_1	96.104	77	3	0	9880	9956	19900493	19900569	2.18e-25	126
ptg000006l_rc_rotated	ptg000001l_1_1_1	96.104	77	3	0	10026	10102	19900493	19900569	2.18e-25	126
ptg000006l_rc_rotated	ptg000001l_1_1_1	92.941	85	6	0	9539	9623	19900486	19900570	7.84e-25	124
ptg000006l_rc_rotated	ptg000001l_1_1_1	92.941	85	6	0	9977	10061	19900486	19900570	7.84e-25	124
ptg000006l_rc_rotated	ptg000001l_1_1_1	95.890	73	3	0	10172	10244	19900493	19900565	3.65e-23	119
ptg000006l_rc_rotated	ptg000001l_1_1_1	87.037	108	10	4	12575	12680	22520685	22520790	3.65e-23	119
ptg000006l_rc_rotated	ptg000001l_1_1_1	94.203	69	4	0	8185	8253	15243313	15243245	2.84e-19	106
ptg000006l_rc_rotated	ptg000001l_1_1_1	98.305	59	1	0	2703	2761	20548173	20548231	1.02e-18	104
ptg000006l_rc_rotated	ptg000001l_1_1_1	94.118	68	3	1	10694	10761	29843137	29843203	3.67e-18	102
ptg000006l_rc_rotated	ptg000001l_1_1_1	96.610	59	1	1	8290	8348	2883729	2883786	1.71e-16	97.1
ptg000006l_rc_rotated	ptg000001l_1_1_1	96.610	59	1	1	8540	8598	2883729	2883786	1.71e-16	97.1
ptg000006l_rc_rotated	ptg000001l_1_1_1	96.610	59	1	1	8686	8744	2883729	2883786	1.71e-16	97.1
ptg000006l_rc_rotated	ptg000001l_1_1_1	96.610	59	1	1	8707	8765	2883729	2883786	1.71e-16	97.1
ptg000006l_rc_rotated	ptg000001l_1_1_1	96.610	59	1	1	8728	8786	2883729	2883786	1.71e-16	97.1
ptg000006l_rc_rotated	ptg000001l_1_1_1	96.610	59	1	1	8832	8890	2883729	2883786	1.71e-16	97.1
ptg000006l_rc_rotated	ptg000001l_1_1_1	96.610	59	1	1	8853	8911	2883729	2883786	1.71e-16	97.1
ptg000006l_rc_rotated	ptg000001l_1_1_1	96.610	59	1	1	8874	8932	2883729	2883786	1.71e-16	97.1
ptg000006l_rc_rotated	ptg000001l_1_1_1	96.610	59	1	1	8978	9036	2883729	2883786	1.71e-16	97.1
ptg000006l_rc_rotated	ptg000001l_1_1_1	96.610	59	1	1	9124	9182	2883729	2883786	1.71e-16	97.1
ptg000006l_rc_rotated	ptg000001l_1_1_1	96.610	59	1	1	9145	9203	2883729	2883786	1.71e-16	97.1
ptg000006l_rc_rotated	ptg000001l_1_1_1	96.610	59	1	1	9166	9224	2883729	2883786	1.71e-16	97.1
ptg000006l_rc_rotated	ptg000001l_1_1_1	96.610	59	1	1	9270	9328	2883729	2883786	1.71e-16	97.1
ptg000006l_rc_rotated	ptg000001l_1_1_1	96.610	59	1	1	9291	9349	2883729	2883786	1.71e-16	97.1
ptg000006l_rc_rotated	ptg000001l_1_1_1	96.610	59	1	1	9312	9370	2883729	2883786	1.71e-16	97.1
ptg000006l_rc_rotated	ptg000001l_1_1_1	96.610	59	1	1	9416	9474	2883729	2883786	1.71e-16	97.1
ptg000006l_rc_rotated	ptg000001l_1_1_1	96.610	59	1	1	9437	9495	2883729	2883786	1.71e-16	97.1
ptg000006l_rc_rotated	ptg000001l_1_1_1	96.610	59	1	1	9458	9516	2883729	2883786	1.71e-16	97.1
ptg000006l_rc_rotated	ptg000001l_1_1_1	96.610	59	1	1	9604	9662	2883729	2883786	1.71e-16	97.1
ptg000006l_rc_rotated	ptg000001l_1_1_1	96.610	59	1	1	9708	9766	2883729	2883786	1.71e-16	97.1
ptg000006l_rc_rotated	ptg000001l_1_1_1	96.610	59	1	1	9729	9787	2883729	2883786	1.71e-16	97.1
ptg000006l_rc_rotated	ptg000001l_1_1_1	96.610	59	1	1	9750	9808	2883729	2883786	1.71e-16	97.1
ptg000006l_rc_rotated	ptg000001l_1_1_1	96.610	59	1	1	9854	9912	2883729	2883786	1.71e-16	97.1
ptg000006l_rc_rotated	ptg000001l_1_1_1	96.610	59	1	1	9875	9933	2883729	2883786	1.71e-16	97.1
ptg000006l_rc_rotated	ptg000001l_1_1_1	96.610	59	1	1	9896	9954	2883729	2883786	1.71e-16	97.1
ptg000006l_rc_rotated	ptg000001l_1_1_1	96.610	59	1	1	10042	10100	2883729	2883786	1.71e-16	97.1
ptg000006l_rc_rotated	ptg000001l_1_1_1	96.610	59	1	1	10146	10204	2883729	2883786	1.71e-16	97.1
ptg000006l_rc_rotated	ptg000001l_1_1_1	96.610	59	1	1	10167	10225	2883729	2883786	1.71e-16	97.1
ptg000006l_rc_rotated	ptg000001l_1_1_1	92.537	67	5	0	8295	8361	19900493	19900559	1.71e-16	97.1
ptg000006l_rc_rotated	ptg000001l_1_1_1	92.537	67	5	0	8733	8799	19900493	19900559	1.71e-16	97.1
ptg000006l_rc_rotated	ptg000001l_1_1_1	92.537	67	5	0	8879	8945	19900493	19900559	1.71e-16	97.1
ptg000006l_rc_rotated	ptg000001l_1_1_1	92.537	67	5	0	9171	9237	19900493	19900559	1.71e-16	97.1
ptg000006l_rc_rotated	ptg000001l_1_1_1	92.537	67	5	0	9317	9383	19900493	19900559	1.71e-16	97.1
ptg000006l_rc_rotated	ptg000001l_1_1_1	92.537	67	5	0	9463	9529	19900493	19900559	1.71e-16	97.1
ptg000006l_rc_rotated	ptg000001l_1_1_1	92.537	67	5	0	9609	9675	19900493	19900559	1.71e-16	97.1
ptg000006l_rc_rotated	ptg000001l_1_1_1	92.537	67	5	0	9755	9821	19900493	19900559	1.71e-16	97.1
ptg000006l_rc_rotated	ptg000001l_1_1_1	92.537	67	5	0	9901	9967	19900493	19900559	1.71e-16	97.1
ptg000006l_rc_rotated	ptg000001l_1_1_1	92.537	67	5	0	10047	10113	19900493	19900559	1.71e-16	97.1
ptg000006l_rc_rotated	ptg000001l_1_1_1	98.148	54	0	1	10188	10241	2883729	2883781	2.21e-15	93.5
ptg000006l_rc_rotated	ptg000001l_1_1_1	96.491	57	1	1	8271	8327	2883731	2883786	2.21e-15	93.5
ptg000006l_rc_rotated	ptg000001l_1_1_1	96.491	57	1	1	9585	9641	2883731	2883786	2.21e-15	93.5
ptg000006l_rc_rotated	ptg000001l_1_1_1	96.491	57	1	1	10023	10079	2883731	2883786	2.21e-15	93.5
ptg000006l_rc_rotated	ptg000001l_1_1_1	94.915	59	2	1	8436	8494	2883729	2883786	7.95e-15	91.6
ptg000006l_rc_rotated	ptg000001l_1_1_1	94.915	59	2	1	9562	9620	2883729	2883786	7.95e-15	91.6
ptg000006l_rc_rotated	ptg000001l_1_1_1	94.915	59	2	1	10000	10058	2883729	2883786	7.95e-15	91.6
ptg000006l_rc_rotated	ptg000001l_1_1_1	98.113	53	0	1	8394	8446	2883729	2883780	7.95e-15	91.6
ptg000006l_rc_rotated	ptg000001l_1_1_1	98.113	53	0	1	8561	8613	2883729	2883780	7.95e-15	91.6
ptg000006l_rc_rotated	ptg000001l_1_1_1	98.113	53	0	1	8999	9051	2883729	2883780	7.95e-15	91.6
ptg000006l_rc_rotated	ptg000001l_1_1_1	92.308	65	4	1	10002	10066	6551052	6550989	7.95e-15	91.6
ptg000006l_rc_rotated	ptg000001l_1_1_1	92.308	65	4	1	9564	9628	6551052	6550989	7.95e-15	91.6
ptg000006l_rc_rotated	ptg000001l_1_1_1	91.045	67	5	1	10021	10087	6551054	6550989	2.86e-14	89.8
ptg000006l_rc_rotated	ptg000001l_1_1_1	91.045	67	5	1	9583	9649	6551054	6550989	2.86e-14	89.8
ptg000006l_rc_rotated	ptg000001l_1_1_1	96.296	54	1	1	8670	8723	2883734	2883786	1.03e-13	87.9
ptg000006l_rc_rotated	ptg000001l_1_1_1	96.296	54	1	1	8962	9015	2883734	2883786	1.03e-13	87.9
ptg000006l_rc_rotated	ptg000001l_1_1_1	96.296	54	1	1	9254	9307	2883734	2883786	1.03e-13	87.9
ptg000006l_rc_rotated	ptg000001l_1_1_1	96.296	54	1	1	9400	9453	2883734	2883786	1.03e-13	87.9
ptg000006l_rc_rotated	ptg000001l_1_1_1	96.296	54	1	1	9692	9745	2883734	2883786	1.03e-13	87.9
ptg000006l_rc_rotated	ptg000001l_1_1_1	96.296	54	1	1	9838	9891	2883734	2883786	1.03e-13	87.9
ptg000006l_rc_rotated	ptg000001l_1_1_1	96.296	54	1	1	10130	10183	2883734	2883786	1.03e-13	87.9
ptg000006l_rc_rotated	ptg000001l_1_1_1	98.000	50	1	0	9546	9595	19502548	19502597	1.03e-13	87.9
ptg000006l_rc_rotated	ptg000001l_1_1_1	98.000	50	1	0	9984	10033	19502548	19502597	1.03e-13	87.9
ptg000006l_rc_rotated	ptg000001l_1_1_1	90.769	65	5	1	10169	10233	6551052	6550989	3.70e-13	86.1
ptg000006l_rc_rotated	ptg000001l_1_1_1	90.769	65	5	1	10148	10212	6551052	6550989	3.70e-13	86.1
ptg000006l_rc_rotated	ptg000001l_1_1_1	90.769	65	5	1	9877	9941	6551052	6550989	3.70e-13	86.1
ptg000006l_rc_rotated	ptg000001l_1_1_1	90.769	65	5	1	9856	9920	6551052	6550989	3.70e-13	86.1
ptg000006l_rc_rotated	ptg000001l_1_1_1	90.769	65	5	1	9731	9795	6551052	6550989	3.70e-13	86.1
ptg000006l_rc_rotated	ptg000001l_1_1_1	90.769	65	5	1	9710	9774	6551052	6550989	3.70e-13	86.1
ptg000006l_rc_rotated	ptg000001l_1_1_1	90.769	65	5	1	9439	9503	6551052	6550989	3.70e-13	86.1
ptg000006l_rc_rotated	ptg000001l_1_1_1	90.769	65	5	1	9418	9482	6551052	6550989	3.70e-13	86.1
ptg000006l_rc_rotated	ptg000001l_1_1_1	90.769	65	5	1	9293	9357	6551052	6550989	3.70e-13	86.1
ptg000006l_rc_rotated	ptg000001l_1_1_1	90.769	65	5	1	9272	9336	6551052	6550989	3.70e-13	86.1
ptg000006l_rc_rotated	ptg000001l_1_1_1	90.769	65	5	1	9147	9211	6551052	6550989	3.70e-13	86.1
ptg000006l_rc_rotated	ptg000001l_1_1_1	90.769	65	5	1	9126	9190	6551052	6550989	3.70e-13	86.1
ptg000006l_rc_rotated	ptg000001l_1_1_1	90.769	65	5	1	8980	9044	6551052	6550989	3.70e-13	86.1
ptg000006l_rc_rotated	ptg000001l_1_1_1	90.769	65	5	1	8855	8919	6551052	6550989	3.70e-13	86.1
ptg000006l_rc_rotated	ptg000001l_1_1_1	90.769	65	5	1	8834	8898	6551052	6550989	3.70e-13	86.1
ptg000006l_rc_rotated	ptg000001l_1_1_1	90.769	65	5	1	8709	8773	6551052	6550989	3.70e-13	86.1
ptg000006l_rc_rotated	ptg000001l_1_1_1	90.769	65	5	1	8688	8752	6551052	6550989	3.70e-13	86.1
ptg000006l_rc_rotated	ptg000001l_1_1_1	90.769	65	5	1	8542	8606	6551052	6550989	3.70e-13	86.1
ptg000006l_rc_rotated	ptg000001l_1_1_1	90.769	65	5	1	8271	8335	6551052	6550989	3.70e-13	86.1
ptg000006l_rc_rotated	ptg000001l_1_1_1	87.179	78	6	3	234	309	12390203	12390128	3.70e-13	86.1
ptg000006l_rc_rotated	ptg000001l_1_1_1	96.154	52	2	0	10193	10244	19900493	19900544	3.70e-13	86.1
ptg000006l_rc_rotated	ptg000001l_1_1_1	89.552	67	7	0	4864	4930	22947456	22947522	3.70e-13	86.1
ptg000006l_rc_rotated	ptg000001l_1_1_1	96.154	52	1	1	8380	8431	2883736	2883786	1.33e-12	84.2
ptg000006l_rc_rotated	ptg000001l_1_1_1	96.154	52	1	1	8818	8869	2883736	2883786	1.33e-12	84.2
ptg000006l_rc_rotated	ptg000001l_1_1_1	90.476	63	6	0	8295	8357	15242939	15243001	1.33e-12	84.2
ptg000006l_rc_rotated	ptg000001l_1_1_1	90.476	63	6	0	8733	8795	15242939	15243001	1.33e-12	84.2
ptg000006l_rc_rotated	ptg000001l_1_1_1	90.476	63	6	0	8879	8941	15242939	15243001	1.33e-12	84.2
ptg000006l_rc_rotated	ptg000001l_1_1_1	90.476	63	6	0	9171	9233	15242939	15243001	1.33e-12	84.2
ptg000006l_rc_rotated	ptg000001l_1_1_1	90.476	63	6	0	9317	9379	15242939	15243001	1.33e-12	84.2
ptg000006l_rc_rotated	ptg000001l_1_1_1	90.476	63	6	0	9463	9525	15242939	15243001	1.33e-12	84.2
ptg000006l_rc_rotated	ptg000001l_1_1_1	90.476	63	6	0	9609	9671	15242939	15243001	1.33e-12	84.2
ptg000006l_rc_rotated	ptg000001l_1_1_1	90.476	63	6	0	9755	9817	15242939	15243001	1.33e-12	84.2
ptg000006l_rc_rotated	ptg000001l_1_1_1	90.476	63	6	0	9901	9963	15242939	15243001	1.33e-12	84.2
ptg000006l_rc_rotated	ptg000001l_1_1_1	90.476	63	6	0	10047	10109	15242939	15243001	1.33e-12	84.2
ptg000006l_rc_rotated	ptg000001l_1_1_1	94.444	54	2	1	8524	8577	2883734	2883786	4.79e-12	82.4
ptg000006l_rc_rotated	ptg000001l_1_1_1	94.444	54	2	1	9108	9161	2883734	2883786	4.79e-12	82.4
ptg000006l_rc_rotated	ptg000001l_1_1_1	100.000	44	0	0	10148	10191	6551032	6550989	4.79e-12	82.4
ptg000006l_rc_rotated	ptg000001l_1_1_1	100.000	44	0	0	9856	9899	6551032	6550989	4.79e-12	82.4
ptg000006l_rc_rotated	ptg000001l_1_1_1	100.000	44	0	0	9710	9753	6551032	6550989	4.79e-12	82.4
ptg000006l_rc_rotated	ptg000001l_1_1_1	100.000	44	0	0	9418	9461	6551032	6550989	4.79e-12	82.4
ptg000006l_rc_rotated	ptg000001l_1_1_1	100.000	44	0	0	9272	9315	6551032	6550989	4.79e-12	82.4
ptg000006l_rc_rotated	ptg000001l_1_1_1	100.000	44	0	0	9126	9169	6551032	6550989	4.79e-12	82.4
ptg000006l_rc_rotated	ptg000001l_1_1_1	100.000	44	0	0	8980	9023	6551032	6550989	4.79e-12	82.4
ptg000006l_rc_rotated	ptg000001l_1_1_1	100.000	44	0	0	8834	8877	6551032	6550989	4.79e-12	82.4
ptg000006l_rc_rotated	ptg000001l_1_1_1	100.000	44	0	0	8688	8731	6551032	6550989	4.79e-12	82.4
ptg000006l_rc_rotated	ptg000001l_1_1_1	100.000	44	0	0	8542	8585	6551032	6550989	4.79e-12	82.4
ptg000006l_rc_rotated	ptg000001l_1_1_1	100.000	44	0	0	8396	8439	6551032	6550989	4.79e-12	82.4
ptg000006l_rc_rotated	ptg000001l_1_1_1	100.000	44	0	0	8271	8314	6551032	6550989	4.79e-12	82.4
ptg000006l_rc_rotated	ptg000001l_1_1_1	89.231	65	6	1	9001	9065	6551052	6550989	1.72e-11	80.5
ptg000006l_rc_rotated	ptg000001l_1_1_1	89.231	65	6	1	8563	8627	6551052	6550989	1.72e-11	80.5
ptg000006l_rc_rotated	ptg000001l_1_1_1	89.231	65	6	1	8417	8481	6551052	6550989	1.72e-11	80.5
ptg000006l_rc_rotated	ptg000001l_1_1_1	89.231	65	6	1	8396	8460	6551052	6550989	1.72e-11	80.5
ptg000006l_rc_rotated	ptg000001l_1_1_1	92.727	55	4	0	8274	8328	15242939	15242993	1.72e-11	80.5
ptg000006l_rc_rotated	ptg000001l_1_1_1	92.727	55	4	0	8545	8599	15242939	15242993	1.72e-11	80.5
ptg000006l_rc_rotated	ptg000001l_1_1_1	92.727	55	4	0	8670	8724	15242939	15242993	1.72e-11	80.5
ptg000006l_rc_rotated	ptg000001l_1_1_1	92.727	55	4	0	8691	8745	15242939	15242993	1.72e-11	80.5
ptg000006l_rc_rotated	ptg000001l_1_1_1	92.727	55	4	0	8712	8766	15242939	15242993	1.72e-11	80.5
ptg000006l_rc_rotated	ptg000001l_1_1_1	92.727	55	4	0	8837	8891	15242939	15242993	1.72e-11	80.5
ptg000006l_rc_rotated	ptg000001l_1_1_1	92.727	55	4	0	8858	8912	15242939	15242993	1.72e-11	80.5
ptg000006l_rc_rotated	ptg000001l_1_1_1	92.727	55	4	0	8962	9016	15242939	15242993	1.72e-11	80.5
ptg000006l_rc_rotated	ptg000001l_1_1_1	92.727	55	4	0	8983	9037	15242939	15242993	1.72e-11	80.5
ptg000006l_rc_rotated	ptg000001l_1_1_1	92.727	55	4	0	9129	9183	15242939	15242993	1.72e-11	80.5
ptg000006l_rc_rotated	ptg000001l_1_1_1	92.727	55	4	0	9150	9204	15242939	15242993	1.72e-11	80.5
ptg000006l_rc_rotated	ptg000001l_1_1_1	92.727	55	4	0	9254	9308	15242939	15242993	1.72e-11	80.5
ptg000006l_rc_rotated	ptg000001l_1_1_1	92.727	55	4	0	9275	9329	15242939	15242993	1.72e-11	80.5
ptg000006l_rc_rotated	ptg000001l_1_1_1	92.727	55	4	0	9296	9350	15242939	15242993	1.72e-11	80.5
ptg000006l_rc_rotated	ptg000001l_1_1_1	92.727	55	4	0	9400	9454	15242939	15242993	1.72e-11	80.5
ptg000006l_rc_rotated	ptg000001l_1_1_1	92.727	55	4	0	9421	9475	15242939	15242993	1.72e-11	80.5
ptg000006l_rc_rotated	ptg000001l_1_1_1	92.727	55	4	0	9442	9496	15242939	15242993	1.72e-11	80.5
ptg000006l_rc_rotated	ptg000001l_1_1_1	92.727	55	4	0	9588	9642	15242939	15242993	1.72e-11	80.5
ptg000006l_rc_rotated	ptg000001l_1_1_1	92.727	55	4	0	9692	9746	15242939	15242993	1.72e-11	80.5
ptg000006l_rc_rotated	ptg000001l_1_1_1	92.727	55	4	0	9713	9767	15242939	15242993	1.72e-11	80.5
ptg000006l_rc_rotated	ptg000001l_1_1_1	92.727	55	4	0	9734	9788	15242939	15242993	1.72e-11	80.5
ptg000006l_rc_rotated	ptg000001l_1_1_1	92.727	55	4	0	9838	9892	15242939	15242993	1.72e-11	80.5
ptg000006l_rc_rotated	ptg000001l_1_1_1	92.727	55	4	0	9859	9913	15242939	15242993	1.72e-11	80.5
ptg000006l_rc_rotated	ptg000001l_1_1_1	92.727	55	4	0	9880	9934	15242939	15242993	1.72e-11	80.5
ptg000006l_rc_rotated	ptg000001l_1_1_1	92.727	55	4	0	10026	10080	15242939	15242993	1.72e-11	80.5
ptg000006l_rc_rotated	ptg000001l_1_1_1	92.727	55	4	0	10130	10184	15242939	15242993	1.72e-11	80.5
ptg000006l_rc_rotated	ptg000001l_1_1_1	92.727	55	4	0	10151	10205	15242939	15242993	1.72e-11	80.5
ptg000006l_rc_rotated	ptg000001l_1_1_1	92.727	55	4	0	10172	10226	15242939	15242993	1.72e-11	80.5
ptg000006l_rc_rotated	ptg000001l_1_1_1	88.889	63	7	0	8441	8503	15242939	15243001	6.19e-11	78.7
ptg000006l_rc_rotated	ptg000001l_1_1_1	100.000	41	0	0	10130	10170	6551029	6550989	2.23e-10	76.8
ptg000006l_rc_rotated	ptg000001l_1_1_1	100.000	41	0	0	9838	9878	6551029	6550989	2.23e-10	76.8
ptg000006l_rc_rotated	ptg000001l_1_1_1	100.000	41	0	0	9692	9732	6551029	6550989	2.23e-10	76.8
ptg000006l_rc_rotated	ptg000001l_1_1_1	100.000	41	0	0	9400	9440	6551029	6550989	2.23e-10	76.8
ptg000006l_rc_rotated	ptg000001l_1_1_1	100.000	41	0	0	9254	9294	6551029	6550989	2.23e-10	76.8
ptg000006l_rc_rotated	ptg000001l_1_1_1	100.000	41	0	0	8962	9002	6551029	6550989	2.23e-10	76.8
ptg000006l_rc_rotated	ptg000001l_1_1_1	100.000	41	0	0	8670	8710	6551029	6550989	2.23e-10	76.8
ptg000006l_rc_rotated	ptg000001l_1_1_1	94.000	50	3	0	10193	10242	15242939	15242988	2.23e-10	76.8
ptg000006l_rc_rotated	ptg000001l_1_1_1	92.453	53	4	0	8380	8432	15242941	15242993	2.23e-10	76.8
ptg000006l_rc_rotated	ptg000001l_1_1_1	92.453	53	4	0	8818	8870	15242941	15242993	2.23e-10	76.8
ptg000006l_rc_rotated	ptg000001l_1_1_1	89.831	59	5	1	10044	10102	6551052	6550995	8.01e-10	75.0
ptg000006l_rc_rotated	ptg000001l_1_1_1	89.831	59	5	1	9898	9956	6551052	6550995	8.01e-10	75.0
ptg000006l_rc_rotated	ptg000001l_1_1_1	89.831	59	5	1	9752	9810	6551052	6550995	8.01e-10	75.0
ptg000006l_rc_rotated	ptg000001l_1_1_1	89.831	59	5	1	9606	9664	6551052	6550995	8.01e-10	75.0
ptg000006l_rc_rotated	ptg000001l_1_1_1	89.831	59	5	1	9460	9518	6551052	6550995	8.01e-10	75.0
ptg000006l_rc_rotated	ptg000001l_1_1_1	89.831	59	5	1	9314	9372	6551052	6550995	8.01e-10	75.0
ptg000006l_rc_rotated	ptg000001l_1_1_1	89.831	59	5	1	9168	9226	6551052	6550995	8.01e-10	75.0
ptg000006l_rc_rotated	ptg000001l_1_1_1	89.831	59	5	1	8876	8934	6551052	6550995	8.01e-10	75.0
ptg000006l_rc_rotated	ptg000001l_1_1_1	89.831	59	5	1	8730	8788	6551052	6550995	8.01e-10	75.0
ptg000006l_rc_rotated	ptg000001l_1_1_1	89.831	59	5	1	8292	8350	6551052	6550995	8.01e-10	75.0
ptg000006l_rc_rotated	ptg000001l_1_1_1	90.909	55	5	0	8399	8453	15242939	15242993	8.01e-10	75.0
ptg000006l_rc_rotated	ptg000001l_1_1_1	90.909	55	5	0	8524	8578	15242939	15242993	8.01e-10	75.0
ptg000006l_rc_rotated	ptg000001l_1_1_1	90.909	55	5	0	8566	8620	15242939	15242993	8.01e-10	75.0
ptg000006l_rc_rotated	ptg000001l_1_1_1	90.909	55	5	0	9004	9058	15242939	15242993	8.01e-10	75.0
ptg000006l_rc_rotated	ptg000001l_1_1_1	90.909	55	5	0	9108	9162	15242939	15242993	8.01e-10	75.0
ptg000006l_rc_rotated	ptg000001l_1_1_1	90.909	55	5	0	9567	9621	15242939	15242993	8.01e-10	75.0
ptg000006l_rc_rotated	ptg000001l_1_1_1	90.909	55	5	0	10005	10059	15242939	15242993	8.01e-10	75.0
ptg000006l_rc_rotated	ptg000001l_1_1_1	100.000	39	0	0	8818	8856	6551027	6550989	2.88e-09	73.1
ptg000006l_rc_rotated	ptg000001l_1_1_1	100.000	39	0	0	8380	8418	6551027	6550989	2.88e-09	73.1
ptg000006l_rc_rotated	ptg000001l_1_1_1	97.561	41	1	0	9984	10024	6551029	6550989	1.04e-08	71.3
ptg000006l_rc_rotated	ptg000001l_1_1_1	97.561	41	1	0	9546	9586	6551029	6550989	1.04e-08	71.3
ptg000006l_rc_rotated	ptg000001l_1_1_1	97.561	41	1	0	9108	9148	6551029	6550989	1.04e-08	71.3
ptg000006l_rc_rotated	ptg000001l_1_1_1	97.561	41	1	0	8524	8564	6551029	6550989	1.04e-08	71.3
ptg000006l_rc_rotated	ptg000001l_1_1_1	100.000	38	0	0	8459	8496	6551032	6550995	1.04e-08	71.3
ptg000006l_rc_rotated	ptg000001l_1_1_1	88.136	59	6	1	9022	9080	6551052	6550995	3.73e-08	69.4
ptg000006l_rc_rotated	ptg000001l_1_1_1	86.885	61	6	2	11141	11201	5959388	5959330	1.34e-07	67.6
ptg000006l_rc_rotated	ptg000001l_1_1_1	89.091	55	5	1	10190	10244	6551052	6550999	1.34e-07	67.6
ptg000006l_rc_rotated	ptg000001l_1_1_1	89.286	56	2	3	4926	4978	19535195	19535249	1.34e-07	67.6
ptg000006l_rc_rotated	ptg000001l_1_1_1	97.297	37	1	0	8271	8307	15242957	15242993	1.73e-06	63.9
ptg000006l_rc_rotated	ptg000001l_1_1_1	91.304	46	4	0	8316	8361	19900493	19900538	1.73e-06	63.9
ptg000006l_rc_rotated	ptg000001l_1_1_1	91.304	46	4	0	8462	8507	19900493	19900538	1.73e-06	63.9
ptg000006l_rc_rotated	ptg000001l_1_1_1	91.304	46	4	0	8754	8799	19900493	19900538	1.73e-06	63.9
ptg000006l_rc_rotated	ptg000001l_1_1_1	91.304	46	4	0	8900	8945	19900493	19900538	1.73e-06	63.9
ptg000006l_rc_rotated	ptg000001l_1_1_1	91.304	46	4	0	9192	9237	19900493	19900538	1.73e-06	63.9
ptg000006l_rc_rotated	ptg000001l_1_1_1	91.304	46	4	0	9338	9383	19900493	19900538	1.73e-06	63.9
ptg000006l_rc_rotated	ptg000001l_1_1_1	91.304	46	4	0	9484	9529	19900493	19900538	1.73e-06	63.9
ptg000006l_rc_rotated	ptg000001l_1_1_1	91.304	46	4	0	9630	9675	19900493	19900538	1.73e-06	63.9
ptg000006l_rc_rotated	ptg000001l_1_1_1	91.304	46	4	0	9776	9821	19900493	19900538	1.73e-06	63.9
ptg000006l_rc_rotated	ptg000001l_1_1_1	91.304	46	4	0	9922	9967	19900493	19900538	1.73e-06	63.9
ptg000006l_rc_rotated	ptg000001l_1_1_1	91.304	46	4	0	10068	10113	19900493	19900538	1.73e-06	63.9
ptg000006l_rc_rotated	ptg000001l_1_1_1	100.000	34	0	0	10193	10226	36535605	36535572	1.73e-06	63.9
ptg000006l_rc_rotated	ptg000001l_1_1_1	100.000	34	0	0	10172	10205	36535605	36535572	1.73e-06	63.9
ptg000006l_rc_rotated	ptg000001l_1_1_1	100.000	34	0	0	10151	10184	36535605	36535572	1.73e-06	63.9
ptg000006l_rc_rotated	ptg000001l_1_1_1	100.000	34	0	0	10130	10163	36535605	36535572	1.73e-06	63.9
ptg000006l_rc_rotated	ptg000001l_1_1_1	100.000	34	0	0	10068	10101	36535605	36535572	1.73e-06	63.9
ptg000006l_rc_rotated	ptg000001l_1_1_1	100.000	34	0	0	10047	10080	36535605	36535572	1.73e-06	63.9
ptg000006l_rc_rotated	ptg000001l_1_1_1	100.000	34	0	0	10026	10059	36535605	36535572	1.73e-06	63.9
ptg000006l_rc_rotated	ptg000001l_1_1_1	100.000	34	0	0	9984	10017	36535605	36535572	1.73e-06	63.9
ptg000006l_rc_rotated	ptg000001l_1_1_1	100.000	34	0	0	9922	9955	36535605	36535572	1.73e-06	63.9
ptg000006l_rc_rotated	ptg000001l_1_1_1	100.000	34	0	0	9901	9934	36535605	36535572	1.73e-06	63.9
ptg000006l_rc_rotated	ptg000001l_1_1_1	100.000	34	0	0	9880	9913	36535605	36535572	1.73e-06	63.9
ptg000006l_rc_rotated	ptg000001l_1_1_1	100.000	34	0	0	9859	9892	36535605	36535572	1.73e-06	63.9
ptg000006l_rc_rotated	ptg000001l_1_1_1	100.000	34	0	0	9838	9871	36535605	36535572	1.73e-06	63.9
ptg000006l_rc_rotated	ptg000001l_1_1_1	100.000	34	0	0	9776	9809	36535605	36535572	1.73e-06	63.9
ptg000006l_rc_rotated	ptg000001l_1_1_1	100.000	34	0	0	9755	9788	36535605	36535572	1.73e-06	63.9
ptg000006l_rc_rotated	ptg000001l_1_1_1	100.000	34	0	0	9734	9767	36535605	36535572	1.73e-06	63.9
ptg000006l_rc_rotated	ptg000001l_1_1_1	100.000	34	0	0	9713	9746	36535605	36535572	1.73e-06	63.9
ptg000006l_rc_rotated	ptg000001l_1_1_1	100.000	34	0	0	9692	9725	36535605	36535572	1.73e-06	63.9
ptg000006l_rc_rotated	ptg000001l_1_1_1	100.000	34	0	0	9630	9663	36535605	36535572	1.73e-06	63.9
ptg000006l_rc_rotated	ptg000001l_1_1_1	100.000	34	0	0	9609	9642	36535605	36535572	1.73e-06	63.9
ptg000006l_rc_rotated	ptg000001l_1_1_1	100.000	34	0	0	9588	9621	36535605	36535572	1.73e-06	63.9
ptg000006l_rc_rotated	ptg000001l_1_1_1	100.000	34	0	0	9546	9579	36535605	36535572	1.73e-06	63.9
ptg000006l_rc_rotated	ptg000001l_1_1_1	100.000	34	0	0	9484	9517	36535605	36535572	1.73e-06	63.9
ptg000006l_rc_rotated	ptg000001l_1_1_1	100.000	34	0	0	9463	9496	36535605	36535572	1.73e-06	63.9
ptg000006l_rc_rotated	ptg000001l_1_1_1	100.000	34	0	0	9442	9475	36535605	36535572	1.73e-06	63.9
ptg000006l_rc_rotated	ptg000001l_1_1_1	100.000	34	0	0	9421	9454	36535605	36535572	1.73e-06	63.9
ptg000006l_rc_rotated	ptg000001l_1_1_1	100.000	34	0	0	9400	9433	36535605	36535572	1.73e-06	63.9
ptg000006l_rc_rotated	ptg000001l_1_1_1	100.000	34	0	0	9338	9371	36535605	36535572	1.73e-06	63.9
ptg000006l_rc_rotated	ptg000001l_1_1_1	100.000	34	0	0	9317	9350	36535605	36535572	1.73e-06	63.9
ptg000006l_rc_rotated	ptg000001l_1_1_1	100.000	34	0	0	9296	9329	36535605	36535572	1.73e-06	63.9
ptg000006l_rc_rotated	ptg000001l_1_1_1	100.000	34	0	0	9275	9308	36535605	36535572	1.73e-06	63.9
ptg000006l_rc_rotated	ptg000001l_1_1_1	100.000	34	0	0	9254	9287	36535605	36535572	1.73e-06	63.9
ptg000006l_rc_rotated	ptg000001l_1_1_1	100.000	34	0	0	9192	9225	36535605	36535572	1.73e-06	63.9
ptg000006l_rc_rotated	ptg000001l_1_1_1	100.000	34	0	0	9171	9204	36535605	36535572	1.73e-06	63.9
ptg000006l_rc_rotated	ptg000001l_1_1_1	100.000	34	0	0	9150	9183	36535605	36535572	1.73e-06	63.9
ptg000006l_rc_rotated	ptg000001l_1_1_1	100.000	34	0	0	9129	9162	36535605	36535572	1.73e-06	63.9
ptg000006l_rc_rotated	ptg000001l_1_1_1	100.000	34	0	0	9004	9037	36535605	36535572	1.73e-06	63.9
ptg000006l_rc_rotated	ptg000001l_1_1_1	100.000	34	0	0	8983	9016	36535605	36535572	1.73e-06	63.9
ptg000006l_rc_rotated	ptg000001l_1_1_1	100.000	34	0	0	8962	8995	36535605	36535572	1.73e-06	63.9
ptg000006l_rc_rotated	ptg000001l_1_1_1	100.000	34	0	0	8900	8933	36535605	36535572	1.73e-06	63.9
ptg000006l_rc_rotated	ptg000001l_1_1_1	100.000	34	0	0	8879	8912	36535605	36535572	1.73e-06	63.9
ptg000006l_rc_rotated	ptg000001l_1_1_1	100.000	34	0	0	8858	8891	36535605	36535572	1.73e-06	63.9
ptg000006l_rc_rotated	ptg000001l_1_1_1	100.000	34	0	0	8837	8870	36535605	36535572	1.73e-06	63.9
ptg000006l_rc_rotated	ptg000001l_1_1_1	100.000	34	0	0	8754	8787	36535605	36535572	1.73e-06	63.9
ptg000006l_rc_rotated	ptg000001l_1_1_1	100.000	34	0	0	8733	8766	36535605	36535572	1.73e-06	63.9
ptg000006l_rc_rotated	ptg000001l_1_1_1	100.000	34	0	0	8712	8745	36535605	36535572	1.73e-06	63.9
ptg000006l_rc_rotated	ptg000001l_1_1_1	100.000	34	0	0	8691	8724	36535605	36535572	1.73e-06	63.9
ptg000006l_rc_rotated	ptg000001l_1_1_1	100.000	34	0	0	8670	8703	36535605	36535572	1.73e-06	63.9
ptg000006l_rc_rotated	ptg000001l_1_1_1	100.000	34	0	0	8566	8599	36535605	36535572	1.73e-06	63.9
ptg000006l_rc_rotated	ptg000001l_1_1_1	100.000	34	0	0	8545	8578	36535605	36535572	1.73e-06	63.9
ptg000006l_rc_rotated	ptg000001l_1_1_1	100.000	34	0	0	8462	8495	36535605	36535572	1.73e-06	63.9
ptg000006l_rc_rotated	ptg000001l_1_1_1	100.000	34	0	0	8399	8432	36535605	36535572	1.73e-06	63.9
ptg000006l_rc_rotated	ptg000001l_1_1_1	100.000	34	0	0	8316	8349	36535605	36535572	1.73e-06	63.9
ptg000006l_rc_rotated	ptg000001l_1_1_1	100.000	34	0	0	8295	8328	36535605	36535572	1.73e-06	63.9
ptg000006l_rc_rotated	ptg000001l_1_1_1	100.000	34	0	0	8274	8307	36535605	36535572	1.73e-06	63.9
ptg000006l_rc_rotated	ptg000001l_1_1_1	97.222	36	1	0	11263	11298	31155795	31155760	6.24e-06	62.1
ptg000006l_rc_rotated	ptg000001l_1_1_1	100.000	32	0	0	8818	8849	36535603	36535572	2.24e-05	60.2
ptg000006l_rc_rotated	ptg000001l_1_1_1	100.000	32	0	0	8380	8411	36535603	36535572	2.24e-05	60.2
ptg000006l_rc_rotated	ptg000001l_1_1_1	97.059	34	1	0	8670	8703	15242960	15242993	8.07e-05	58.4
ptg000006l_rc_rotated	ptg000001l_1_1_1	97.059	34	1	0	8962	8995	15242960	15242993	8.07e-05	58.4
ptg000006l_rc_rotated	ptg000001l_1_1_1	97.059	34	1	0	9254	9287	15242960	15242993	8.07e-05	58.4
ptg000006l_rc_rotated	ptg000001l_1_1_1	97.059	34	1	0	9400	9433	15242960	15242993	8.07e-05	58.4
ptg000006l_rc_rotated	ptg000001l_1_1_1	97.059	34	1	0	9546	9579	15242960	15242993	8.07e-05	58.4
ptg000006l_rc_rotated	ptg000001l_1_1_1	97.059	34	1	0	9692	9725	15242960	15242993	8.07e-05	58.4
ptg000006l_rc_rotated	ptg000001l_1_1_1	97.059	34	1	0	9838	9871	15242960	15242993	8.07e-05	58.4
ptg000006l_rc_rotated	ptg000001l_1_1_1	97.059	34	1	0	9984	10017	15242960	15242993	8.07e-05	58.4
ptg000006l_rc_rotated	ptg000001l_1_1_1	97.059	34	1	0	10130	10163	15242960	15242993	8.07e-05	58.4
ptg000006l_rc_rotated	ptg000001l_1_1_1	100.000	31	0	0	6033	6063	21623193	21623163	8.07e-05	58.4
ptg000006l_rc_rotated	ptg000001l_1_1_1	100.000	31	0	0	10214	10244	36535605	36535575	8.07e-05	58.4
ptg000006l_rc_rotated	ptg000001l_1_1_1	96.970	33	1	0	8670	8702	2883754	2883786	2.90e-04	56.5
ptg000006l_rc_rotated	ptg000001l_1_1_1	96.970	33	1	0	8962	8994	2883754	2883786	2.90e-04	56.5
ptg000006l_rc_rotated	ptg000001l_1_1_1	96.970	33	1	0	9254	9286	2883754	2883786	2.90e-04	56.5
ptg000006l_rc_rotated	ptg000001l_1_1_1	96.970	33	1	0	9400	9432	2883754	2883786	2.90e-04	56.5
ptg000006l_rc_rotated	ptg000001l_1_1_1	96.970	33	1	0	9546	9578	2883754	2883786	2.90e-04	56.5
ptg000006l_rc_rotated	ptg000001l_1_1_1	96.970	33	1	0	9692	9724	2883754	2883786	2.90e-04	56.5
ptg000006l_rc_rotated	ptg000001l_1_1_1	96.970	33	1	0	9838	9870	2883754	2883786	2.90e-04	56.5
ptg000006l_rc_rotated	ptg000001l_1_1_1	96.970	33	1	0	9984	10016	2883754	2883786	2.90e-04	56.5
ptg000006l_rc_rotated	ptg000001l_1_1_1	96.970	33	1	0	10130	10162	2883754	2883786	2.90e-04	56.5
ptg000006l_rc_rotated	ptg000001l_1_1_1	100.000	28	0	0	10214	10241	19900493	19900520	0.004	52.8
ptg000006l_rc_rotated	ptg000032l_1_1_1	91.019	412	35	2	8670	9079	20810519	20810108	2.35e-154	555
ptg000006l_rc_rotated	ptg000032l_1_1_1	90.777	412	36	2	9692	10101	20810519	20810108	1.09e-152	549
ptg000006l_rc_rotated	ptg000032l_1_1_1	90.777	412	36	2	9546	9955	20810519	20810108	1.09e-152	549
ptg000006l_rc_rotated	ptg000032l_1_1_1	90.777	412	36	2	9400	9809	20810519	20810108	1.09e-152	549
ptg000006l_rc_rotated	ptg000032l_1_1_1	90.777	412	36	2	9254	9663	20810519	20810108	1.09e-152	549
ptg000006l_rc_rotated	ptg000032l_1_1_1	90.777	412	36	2	9108	9517	20810519	20810108	1.09e-152	549
ptg000006l_rc_rotated	ptg000032l_1_1_1	90.534	412	37	2	8962	9371	20810519	20810108	5.08e-151	544
ptg000006l_rc_rotated	ptg000032l_1_1_1	90.709	409	36	2	9838	10244	20810519	20810111	5.08e-151	544
ptg000006l_rc_rotated	ptg000032l_1_1_1	88.889	441	46	3	9622	10059	20810548	20810108	6.57e-150	540
ptg000006l_rc_rotated	ptg000032l_1_1_1	88.889	441	46	3	9184	9621	20810548	20810108	6.57e-150	540
ptg000006l_rc_rotated	ptg000032l_1_1_1	90.488	410	37	2	8818	9225	20810517	20810108	6.57e-150	540
ptg000006l_rc_rotated	ptg000032l_1_1_1	88.662	441	47	3	9038	9475	20810548	20810108	3.06e-148	534
ptg000006l_rc_rotated	ptg000032l_1_1_1	88.662	441	47	3	8892	9329	20810548	20810108	3.06e-148	534
ptg000006l_rc_rotated	ptg000032l_1_1_1	89.573	422	42	2	8818	9237	20810538	20810117	3.06e-148	534
ptg000006l_rc_rotated	ptg000032l_1_1_1	89.573	422	42	2	8380	8799	20810538	20810117	3.06e-148	534
ptg000006l_rc_rotated	ptg000032l_1_1_1	89.387	424	43	2	9692	10113	20810540	20810117	1.10e-147	532
ptg000006l_rc_rotated	ptg000032l_1_1_1	89.387	424	43	2	9546	9967	20810540	20810117	1.10e-147	532
ptg000006l_rc_rotated	ptg000032l_1_1_1	89.387	424	43	2	9400	9821	20810540	20810117	1.10e-147	532
ptg000006l_rc_rotated	ptg000032l_1_1_1	89.387	424	43	2	9254	9675	20810540	20810117	1.10e-147	532
ptg000006l_rc_rotated	ptg000032l_1_1_1	89.387	424	43	2	9108	9529	20810540	20810117	1.10e-147	532
ptg000006l_rc_rotated	ptg000032l_1_1_1	88.435	441	48	3	9768	10205	20810548	20810108	1.42e-146	529
ptg000006l_rc_rotated	ptg000032l_1_1_1	88.435	441	48	3	9476	9913	20810548	20810108	1.42e-146	529
ptg000006l_rc_rotated	ptg000032l_1_1_1	88.435	441	48	3	9330	9767	20810548	20810108	1.42e-146	529
ptg000006l_rc_rotated	ptg000032l_1_1_1	88.435	441	48	3	8746	9183	20810548	20810108	1.42e-146	529
ptg000006l_rc_rotated	ptg000032l_1_1_1	88.435	441	48	3	8600	9037	20810548	20810108	1.42e-146	529
ptg000006l_rc_rotated	ptg000032l_1_1_1	90.000	410	39	2	8380	8787	20810517	20810108	1.42e-146	529
ptg000006l_rc_rotated	ptg000032l_1_1_1	89.151	424	44	2	8962	9383	20810540	20810117	5.11e-146	527
ptg000006l_rc_rotated	ptg000032l_1_1_1	89.151	424	44	2	8670	9091	20810540	20810117	5.11e-146	527
ptg000006l_rc_rotated	ptg000032l_1_1_1	89.151	424	44	2	8524	8945	20810540	20810117	5.11e-146	527
ptg000006l_rc_rotated	ptg000032l_1_1_1	89.614	414	41	2	9121	9532	20810548	20810135	1.84e-145	525
ptg000006l_rc_rotated	ptg000032l_1_1_1	89.614	414	41	2	8683	9094	20810548	20810135	1.84e-145	525
ptg000006l_rc_rotated	ptg000032l_1_1_1	88.209	441	49	3	8454	8891	20810548	20810108	6.62e-145	523
ptg000006l_rc_rotated	ptg000032l_1_1_1	89.731	409	40	2	9838	10244	20810540	20810132	2.38e-144	521
ptg000006l_rc_rotated	ptg000032l_1_1_1	89.372	414	42	2	9705	10116	20810548	20810135	8.56e-144	520
ptg000006l_rc_rotated	ptg000032l_1_1_1	89.372	414	42	2	9559	9970	20810548	20810135	8.56e-144	520
ptg000006l_rc_rotated	ptg000032l_1_1_1	89.372	414	42	2	9413	9824	20810548	20810135	8.56e-144	520
ptg000006l_rc_rotated	ptg000032l_1_1_1	89.372	414	42	2	9267	9678	20810548	20810135	8.56e-144	520
ptg000006l_rc_rotated	ptg000032l_1_1_1	87.982	441	50	3	9142	9579	20810548	20810108	3.08e-143	518
ptg000006l_rc_rotated	ptg000032l_1_1_1	87.982	441	50	3	8996	9433	20810548	20810108	3.08e-143	518
ptg000006l_rc_rotated	ptg000032l_1_1_1	87.982	441	50	3	8850	9287	20810548	20810108	3.08e-143	518
ptg000006l_rc_rotated	ptg000032l_1_1_1	87.982	441	50	3	8308	8745	20810548	20810108	3.08e-143	518
ptg000006l_rc_rotated	ptg000032l_1_1_1	89.130	414	43	2	8975	9386	20810548	20810135	3.98e-142	514
ptg000006l_rc_rotated	ptg000032l_1_1_1	89.130	414	43	2	8829	9240	20810548	20810135	3.98e-142	514
ptg000006l_rc_rotated	ptg000032l_1_1_1	87.755	441	51	3	9726	10163	20810548	20810108	1.43e-141	512
ptg000006l_rc_rotated	ptg000032l_1_1_1	87.755	441	51	3	9580	10017	20810548	20810108	1.43e-141	512
ptg000006l_rc_rotated	ptg000032l_1_1_1	87.755	441	51	3	9434	9871	20810548	20810108	1.43e-141	512
ptg000006l_rc_rotated	ptg000032l_1_1_1	87.755	441	51	3	9288	9725	20810548	20810108	1.43e-141	512
ptg000006l_rc_rotated	ptg000032l_1_1_1	87.755	441	51	3	8558	8995	20810548	20810108	1.43e-141	512
ptg000006l_rc_rotated	ptg000032l_1_1_1	88.889	414	44	2	8537	8948	20810548	20810135	1.85e-140	508
ptg000006l_rc_rotated	ptg000032l_1_1_1	87.202	461	37	8	8391	8849	20810548	20810108	2.40e-139	505
ptg000006l_rc_rotated	ptg000032l_1_1_1	89.646	396	39	2	9851	10244	20810548	20810153	8.62e-139	503
ptg000006l_rc_rotated	ptg000032l_1_1_1	87.302	441	53	3	9747	10184	20810548	20810108	3.10e-138	501
ptg000006l_rc_rotated	ptg000032l_1_1_1	87.302	441	53	3	9601	10038	20810548	20810108	3.10e-138	501
ptg000006l_rc_rotated	ptg000032l_1_1_1	87.302	441	53	3	9455	9892	20810548	20810108	3.10e-138	501
ptg000006l_rc_rotated	ptg000032l_1_1_1	87.302	441	53	3	9309	9746	20810548	20810108	3.10e-138	501
ptg000006l_rc_rotated	ptg000032l_1_1_1	87.302	441	53	3	9163	9600	20810548	20810108	3.10e-138	501
ptg000006l_rc_rotated	ptg000032l_1_1_1	87.302	441	53	3	8704	9141	20810548	20810108	3.10e-138	501
ptg000006l_rc_rotated	ptg000032l_1_1_1	87.302	441	53	3	8579	9016	20810548	20810108	3.10e-138	501
ptg000006l_rc_rotated	ptg000032l_1_1_1	87.302	441	53	3	8433	8870	20810548	20810108	3.10e-138	501
ptg000006l_rc_rotated	ptg000032l_1_1_1	87.302	441	53	3	8287	8724	20810548	20810108	3.10e-138	501
ptg000006l_rc_rotated	ptg000032l_1_1_1	86.985	461	38	7	8475	8933	20810548	20810108	1.11e-137	499
ptg000006l_rc_rotated	ptg000032l_1_1_1	87.075	441	54	3	8871	9308	20810548	20810108	1.44e-136	496
ptg000006l_rc_rotated	ptg000032l_1_1_1	87.156	436	53	3	8271	8703	20810543	20810108	1.87e-135	492
ptg000006l_rc_rotated	ptg000032l_1_1_1	86.848	441	55	3	9789	10226	20810548	20810108	6.71e-135	490
ptg000006l_rc_rotated	ptg000032l_1_1_1	86.848	441	55	3	8725	9162	20810548	20810108	6.71e-135	490
ptg000006l_rc_rotated	ptg000032l_1_1_1	86.621	441	56	3	8767	9204	20810548	20810108	3.12e-133	484
ptg000006l_rc_rotated	ptg000032l_1_1_1	90.080	373	35	2	8271	8641	20810480	20810108	1.12e-132	483
ptg000006l_rc_rotated	ptg000032l_1_1_1	88.918	388	41	2	8271	8656	20810522	20810135	5.22e-131	477
ptg000006l_rc_rotated	ptg000032l_1_1_1	89.600	375	37	2	9872	10244	20810548	20810174	1.88e-130	475
ptg000006l_rc_rotated	ptg000032l_1_1_1	88.571	385	42	2	8271	8653	20810501	20810117	1.13e-127	466
ptg000006l_rc_rotated	ptg000032l_1_1_1	88.983	354	37	2	9893	10244	20810548	20810195	8.87e-119	436
ptg000006l_rc_rotated	ptg000032l_1_1_1	89.790	333	32	2	9914	10244	20810548	20810216	1.92e-115	425
ptg000006l_rc_rotated	ptg000032l_1_1_1	89.124	331	34	2	8271	8599	20810438	20810108	5.37e-111	411
ptg000006l_rc_rotated	ptg000032l_1_1_1	87.500	352	42	2	8271	8620	20810459	20810108	2.50e-109	405
ptg000006l_rc_rotated	ptg000032l_1_1_1	93.130	262	17	1	9984	10244	20810519	20810258	1.17e-102	383
ptg000006l_rc_rotated	ptg000032l_1_1_1	91.985	262	20	1	9984	10244	20810540	20810279	1.18e-97	366
ptg000006l_rc_rotated	ptg000032l_1_1_1	87.821	312	36	2	9935	10244	20810548	20810237	4.24e-97	364
ptg000006l_rc_rotated	ptg000032l_1_1_1	87.419	310	37	2	8271	8578	20810417	20810108	2.55e-94	355
ptg000006l_rc_rotated	ptg000032l_1_1_1	91.566	249	20	1	9997	10244	20810548	20810300	1.99e-90	342
ptg000006l_rc_rotated	ptg000032l_1_1_1	87.197	289	35	2	8271	8557	20810396	20810108	5.57e-86	327
ptg000006l_rc_rotated	ptg000032l_1_1_1	91.228	228	19	1	10018	10244	20810548	20810321	2.02e-80	309
ptg000006l_rc_rotated	ptg000032l_1_1_1	89.076	238	25	1	8271	8507	20810354	20810117	5.65e-76	294
ptg000006l_rc_rotated	ptg000032l_1_1_1	88.797	241	26	1	8271	8510	20810375	20810135	5.65e-76	294
ptg000006l_rc_rotated	ptg000032l_1_1_1	89.823	226	22	1	8271	8495	20810333	20810108	2.63e-74	289
ptg000006l_rc_rotated	ptg000032l_1_1_1	90.821	207	18	1	10039	10244	20810548	20810342	2.05e-70	276
ptg000006l_rc_rotated	ptg000032l_1_1_1	91.398	186	15	1	10060	10244	20810548	20810363	9.58e-64	254
ptg000006l_rc_rotated	ptg000032l_1_1_1	88.780	205	22	1	8271	8474	20810312	20810108	1.24e-62	250
ptg000006l_rc_rotated	ptg000032l_1_1_1	88.587	184	20	1	8271	8453	20810291	20810108	2.70e-54	222
ptg000006l_rc_rotated	ptg000032l_1_1_1	99.130	115	1	0	10130	10244	20810519	20810405	7.57e-50	207
ptg000006l_rc_rotated	ptg000032l_1_1_1	89.091	165	17	1	10081	10244	20810548	20810384	9.79e-49	204
ptg000006l_rc_rotated	ptg000032l_1_1_1	98.261	115	2	0	10130	10244	20810540	20810426	3.52e-48	202
ptg000006l_rc_rotated	ptg000032l_1_1_1	87.117	163	20	1	8271	8432	20810270	20810108	1.28e-42	183
ptg000006l_rc_rotated	ptg000032l_1_1_1	98.039	102	2	0	10143	10244	20810548	20810447	5.93e-41	178
ptg000006l_rc_rotated	ptg000032l_1_1_1	93.043	115	7	1	10170	10283	4664681	4664795	1.28e-37	167
ptg000006l_rc_rotated	ptg000032l_1_1_1	85.915	142	19	1	8271	8411	20810249	20810108	1.29e-32	150
ptg000006l_rc_rotated	ptg000032l_1_1_1	93.617	94	6	0	8271	8364	20810228	20810135	7.79e-30	141
ptg000006l_rc_rotated	ptg000032l_1_1_1	97.531	81	2	0	10164	10244	20810548	20810468	2.80e-29	139
ptg000006l_rc_rotated	ptg000032l_1_1_1	96.203	79	3	0	8271	8349	20810186	20810108	1.69e-26	130
ptg000006l_rc_rotated	ptg000032l_1_1_1	91.209	91	8	0	8271	8361	20810207	20810117	7.84e-25	124
ptg000006l_rc_rotated	ptg000032l_1_1_1	97.059	68	2	0	12522	12589	6669557	6669624	4.72e-22	115
ptg000006l_rc_rotated	ptg000032l_1_1_1	92.208	77	5	1	8397	8472	4664681	4664757	7.90e-20	108
ptg000006l_rc_rotated	ptg000032l_1_1_1	92.208	77	5	1	9002	9077	4664681	4664757	7.90e-20	108
ptg000006l_rc_rotated	ptg000032l_1_1_1	95.455	66	2	1	18594	18658	4573224	4573159	1.02e-18	104
ptg000006l_rc_rotated	ptg000032l_1_1_1	90.909	77	6	1	8272	8347	4664681	4664757	3.67e-18	102
ptg000006l_rc_rotated	ptg000032l_1_1_1	90.909	77	6	1	8689	8764	4664681	4664757	3.67e-18	102
ptg000006l_rc_rotated	ptg000032l_1_1_1	90.909	77	6	1	8710	8785	4664681	4664757	3.67e-18	102
ptg000006l_rc_rotated	ptg000032l_1_1_1	90.909	77	6	1	8835	8910	4664681	4664757	3.67e-18	102
ptg000006l_rc_rotated	ptg000032l_1_1_1	90.909	77	6	1	8856	8931	4664681	4664757	3.67e-18	102
ptg000006l_rc_rotated	ptg000032l_1_1_1	90.909	77	6	1	9127	9202	4664681	4664757	3.67e-18	102
ptg000006l_rc_rotated	ptg000032l_1_1_1	90.909	77	6	1	9148	9223	4664681	4664757	3.67e-18	102
ptg000006l_rc_rotated	ptg000032l_1_1_1	90.909	77	6	1	9273	9348	4664681	4664757	3.67e-18	102
ptg000006l_rc_rotated	ptg000032l_1_1_1	90.909	77	6	1	9294	9369	4664681	4664757	3.67e-18	102
ptg000006l_rc_rotated	ptg000032l_1_1_1	90.909	77	6	1	9419	9494	4664681	4664757	3.67e-18	102
ptg000006l_rc_rotated	ptg000032l_1_1_1	90.909	77	6	1	9440	9515	4664681	4664757	3.67e-18	102
ptg000006l_rc_rotated	ptg000032l_1_1_1	90.909	77	6	1	9586	9661	4664681	4664757	3.67e-18	102
ptg000006l_rc_rotated	ptg000032l_1_1_1	90.909	77	6	1	9711	9786	4664681	4664757	3.67e-18	102
ptg000006l_rc_rotated	ptg000032l_1_1_1	90.909	77	6	1	9732	9807	4664681	4664757	3.67e-18	102
ptg000006l_rc_rotated	ptg000032l_1_1_1	90.909	77	6	1	9857	9932	4664681	4664757	3.67e-18	102
ptg000006l_rc_rotated	ptg000032l_1_1_1	90.909	77	6	1	9878	9953	4664681	4664757	3.67e-18	102
ptg000006l_rc_rotated	ptg000032l_1_1_1	90.909	77	6	1	10024	10099	4664681	4664757	3.67e-18	102
ptg000006l_rc_rotated	ptg000032l_1_1_1	90.909	77	6	1	10149	10224	4664681	4664757	3.67e-18	102
ptg000006l_rc_rotated	ptg000032l_1_1_1	92.958	71	4	1	8564	8633	4664681	4664751	3.67e-18	102
ptg000006l_rc_rotated	ptg000032l_1_1_1	91.667	72	6	0	8672	8743	4664686	4664757	1.32e-17	100
ptg000006l_rc_rotated	ptg000032l_1_1_1	91.667	72	6	0	8818	8889	4664686	4664757	1.32e-17	100
ptg000006l_rc_rotated	ptg000032l_1_1_1	91.667	72	6	0	8964	9035	4664686	4664757	1.32e-17	100
ptg000006l_rc_rotated	ptg000032l_1_1_1	91.667	72	6	0	9110	9181	4664686	4664757	1.32e-17	100
ptg000006l_rc_rotated	ptg000032l_1_1_1	91.667	72	6	0	9256	9327	4664686	4664757	1.32e-17	100
ptg000006l_rc_rotated	ptg000032l_1_1_1	91.667	72	6	0	9402	9473	4664686	4664757	1.32e-17	100
ptg000006l_rc_rotated	ptg000032l_1_1_1	91.667	72	6	0	9694	9765	4664686	4664757	1.32e-17	100
ptg000006l_rc_rotated	ptg000032l_1_1_1	91.667	72	6	0	9840	9911	4664686	4664757	1.32e-17	100
ptg000006l_rc_rotated	ptg000032l_1_1_1	91.667	72	6	0	10132	10203	4664686	4664757	1.32e-17	100
ptg000006l_rc_rotated	ptg000032l_1_1_1	93.939	66	4	0	8532	8597	4664692	4664757	1.32e-17	100
ptg000006l_rc_rotated	ptg000032l_1_1_1	98.246	57	1	0	8272	8328	18516622	18516678	1.32e-17	100
ptg000006l_rc_rotated	ptg000032l_1_1_1	98.246	57	1	0	8293	8349	18516622	18516678	1.32e-17	100
ptg000006l_rc_rotated	ptg000032l_1_1_1	98.246	57	1	0	8543	8599	18516622	18516678	1.32e-17	100
ptg000006l_rc_rotated	ptg000032l_1_1_1	98.246	57	1	0	8689	8745	18516622	18516678	1.32e-17	100
ptg000006l_rc_rotated	ptg000032l_1_1_1	98.246	57	1	0	8710	8766	18516622	18516678	1.32e-17	100
ptg000006l_rc_rotated	ptg000032l_1_1_1	98.246	57	1	0	8731	8787	18516622	18516678	1.32e-17	100
ptg000006l_rc_rotated	ptg000032l_1_1_1	98.246	57	1	0	8835	8891	18516622	18516678	1.32e-17	100
ptg000006l_rc_rotated	ptg000032l_1_1_1	98.246	57	1	0	8856	8912	18516622	18516678	1.32e-17	100
ptg000006l_rc_rotated	ptg000032l_1_1_1	98.246	57	1	0	8877	8933	18516622	18516678	1.32e-17	100
ptg000006l_rc_rotated	ptg000032l_1_1_1	98.246	57	1	0	8981	9037	18516622	18516678	1.32e-17	100
ptg000006l_rc_rotated	ptg000032l_1_1_1	98.246	57	1	0	9127	9183	18516622	18516678	1.32e-17	100
ptg000006l_rc_rotated	ptg000032l_1_1_1	98.246	57	1	0	9148	9204	18516622	18516678	1.32e-17	100
ptg000006l_rc_rotated	ptg000032l_1_1_1	98.246	57	1	0	9169	9225	18516622	18516678	1.32e-17	100
ptg000006l_rc_rotated	ptg000032l_1_1_1	98.246	57	1	0	9273	9329	18516622	18516678	1.32e-17	100
ptg000006l_rc_rotated	ptg000032l_1_1_1	98.246	57	1	0	9294	9350	18516622	18516678	1.32e-17	100
ptg000006l_rc_rotated	ptg000032l_1_1_1	98.246	57	1	0	9315	9371	18516622	18516678	1.32e-17	100
ptg000006l_rc_rotated	ptg000032l_1_1_1	98.246	57	1	0	9419	9475	18516622	18516678	1.32e-17	100
ptg000006l_rc_rotated	ptg000032l_1_1_1	98.246	57	1	0	9440	9496	18516622	18516678	1.32e-17	100
ptg000006l_rc_rotated	ptg000032l_1_1_1	98.246	57	1	0	9461	9517	18516622	18516678	1.32e-17	100
ptg000006l_rc_rotated	ptg000032l_1_1_1	98.246	57	1	0	9586	9642	18516622	18516678	1.32e-17	100
ptg000006l_rc_rotated	ptg000032l_1_1_1	98.246	57	1	0	9607	9663	18516622	18516678	1.32e-17	100
ptg000006l_rc_rotated	ptg000032l_1_1_1	98.246	57	1	0	9711	9767	18516622	18516678	1.32e-17	100
ptg000006l_rc_rotated	ptg000032l_1_1_1	98.246	57	1	0	9732	9788	18516622	18516678	1.32e-17	100
ptg000006l_rc_rotated	ptg000032l_1_1_1	98.246	57	1	0	9753	9809	18516622	18516678	1.32e-17	100
ptg000006l_rc_rotated	ptg000032l_1_1_1	98.246	57	1	0	9857	9913	18516622	18516678	1.32e-17	100
ptg000006l_rc_rotated	ptg000032l_1_1_1	98.246	57	1	0	9878	9934	18516622	18516678	1.32e-17	100
ptg000006l_rc_rotated	ptg000032l_1_1_1	98.246	57	1	0	9899	9955	18516622	18516678	1.32e-17	100
ptg000006l_rc_rotated	ptg000032l_1_1_1	98.246	57	1	0	10024	10080	18516622	18516678	1.32e-17	100
ptg000006l_rc_rotated	ptg000032l_1_1_1	98.246	57	1	0	10045	10101	18516622	18516678	1.32e-17	100
ptg000006l_rc_rotated	ptg000032l_1_1_1	98.246	57	1	0	10149	10205	18516622	18516678	1.32e-17	100
ptg000006l_rc_rotated	ptg000032l_1_1_1	98.246	57	1	0	10170	10226	18516622	18516678	1.32e-17	100
ptg000006l_rc_rotated	ptg000032l_1_1_1	100.000	54	0	0	8671	8724	18516625	18516678	1.32e-17	100
ptg000006l_rc_rotated	ptg000032l_1_1_1	100.000	54	0	0	8963	9016	18516625	18516678	1.32e-17	100
ptg000006l_rc_rotated	ptg000032l_1_1_1	100.000	54	0	0	9255	9308	18516625	18516678	1.32e-17	100
ptg000006l_rc_rotated	ptg000032l_1_1_1	100.000	54	0	0	9401	9454	18516625	18516678	1.32e-17	100
ptg000006l_rc_rotated	ptg000032l_1_1_1	100.000	54	0	0	9693	9746	18516625	18516678	1.32e-17	100
ptg000006l_rc_rotated	ptg000032l_1_1_1	100.000	54	0	0	9839	9892	18516625	18516678	1.32e-17	100
ptg000006l_rc_rotated	ptg000032l_1_1_1	100.000	54	0	0	10131	10184	18516625	18516678	1.32e-17	100
ptg000006l_rc_rotated	ptg000032l_1_1_1	96.667	60	2	0	10185	10244	20810548	20810489	1.32e-17	100
ptg000006l_rc_rotated	ptg000032l_1_1_1	100.000	53	0	0	8380	8432	18516626	18516678	4.75e-17	99.0
ptg000006l_rc_rotated	ptg000032l_1_1_1	100.000	53	0	0	8818	8870	18516626	18516678	4.75e-17	99.0
ptg000006l_rc_rotated	ptg000032l_1_1_1	91.549	71	5	1	8543	8612	4664681	4664751	1.71e-16	97.1
ptg000006l_rc_rotated	ptg000032l_1_1_1	91.549	71	5	1	8981	9050	4664681	4664751	1.71e-16	97.1
ptg000006l_rc_rotated	ptg000032l_1_1_1	90.278	72	7	0	9548	9619	4664686	4664757	6.15e-16	95.3
ptg000006l_rc_rotated	ptg000032l_1_1_1	90.278	72	7	0	9986	10057	4664686	4664757	6.15e-16	95.3
ptg000006l_rc_rotated	ptg000032l_1_1_1	92.424	66	5	0	8380	8445	4664686	4664751	6.15e-16	95.3
ptg000006l_rc_rotated	ptg000032l_1_1_1	96.491	57	2	0	8397	8453	18516622	18516678	6.15e-16	95.3
ptg000006l_rc_rotated	ptg000032l_1_1_1	96.491	57	2	0	8439	8495	18516622	18516678	6.15e-16	95.3
ptg000006l_rc_rotated	ptg000032l_1_1_1	96.491	57	2	0	8564	8620	18516622	18516678	6.15e-16	95.3
ptg000006l_rc_rotated	ptg000032l_1_1_1	96.491	57	2	0	9002	9058	18516622	18516678	6.15e-16	95.3
ptg000006l_rc_rotated	ptg000032l_1_1_1	96.491	57	2	0	9565	9621	18516622	18516678	6.15e-16	95.3
ptg000006l_rc_rotated	ptg000032l_1_1_1	96.491	57	2	0	10003	10059	18516622	18516678	6.15e-16	95.3
ptg000006l_rc_rotated	ptg000032l_1_1_1	98.148	54	1	0	10191	10244	18516622	18516675	6.15e-16	95.3
ptg000006l_rc_rotated	ptg000032l_1_1_1	98.148	54	1	0	8525	8578	18516625	18516678	6.15e-16	95.3
ptg000006l_rc_rotated	ptg000032l_1_1_1	98.148	54	1	0	9109	9162	18516625	18516678	6.15e-16	95.3
ptg000006l_rc_rotated	ptg000032l_1_1_1	98.148	54	1	0	9547	9600	18516625	18516678	6.15e-16	95.3
ptg000006l_rc_rotated	ptg000032l_1_1_1	98.148	54	1	0	9985	10038	18516625	18516678	6.15e-16	95.3
ptg000006l_rc_rotated	ptg000032l_1_1_1	90.000	70	6	1	8293	8361	4664681	4664750	2.86e-14	89.8
ptg000006l_rc_rotated	ptg000032l_1_1_1	90.000	70	6	1	8731	8799	4664681	4664750	2.86e-14	89.8
ptg000006l_rc_rotated	ptg000032l_1_1_1	90.000	70	6	1	8877	8945	4664681	4664750	2.86e-14	89.8
ptg000006l_rc_rotated	ptg000032l_1_1_1	90.000	70	6	1	9169	9237	4664681	4664750	2.86e-14	89.8
ptg000006l_rc_rotated	ptg000032l_1_1_1	90.000	70	6	1	9315	9383	4664681	4664750	2.86e-14	89.8
ptg000006l_rc_rotated	ptg000032l_1_1_1	90.000	70	6	1	9461	9529	4664681	4664750	2.86e-14	89.8
ptg000006l_rc_rotated	ptg000032l_1_1_1	90.000	70	6	1	9607	9675	4664681	4664750	2.86e-14	89.8
ptg000006l_rc_rotated	ptg000032l_1_1_1	90.000	70	6	1	9753	9821	4664681	4664750	2.86e-14	89.8
ptg000006l_rc_rotated	ptg000032l_1_1_1	90.000	70	6	1	9899	9967	4664681	4664750	2.86e-14	89.8
ptg000006l_rc_rotated	ptg000032l_1_1_1	90.000	70	6	1	10045	10113	4664681	4664750	2.86e-14	89.8
ptg000006l_rc_rotated	ptg000032l_1_1_1	93.220	59	4	0	8449	8507	4664692	4664750	1.03e-13	87.9
ptg000006l_rc_rotated	ptg000032l_1_1_1	90.909	55	4	1	10191	10244	4664681	4664735	2.88e-09	73.1
ptg000006l_rc_rotated	ptg000032l_1_1_1	100.000	37	0	0	8271	8307	18516642	18516678	3.73e-08	69.4
ptg000006l_rc_rotated	ptg000032l_1_1_1	91.667	48	4	0	8314	8361	18516622	18516669	1.34e-07	67.6
ptg000006l_rc_rotated	ptg000032l_1_1_1	91.667	48	4	0	8460	8507	18516622	18516669	1.34e-07	67.6
ptg000006l_rc_rotated	ptg000032l_1_1_1	91.667	48	4	0	8752	8799	18516622	18516669	1.34e-07	67.6
ptg000006l_rc_rotated	ptg000032l_1_1_1	91.667	48	4	0	8898	8945	18516622	18516669	1.34e-07	67.6
ptg000006l_rc_rotated	ptg000032l_1_1_1	91.667	48	4	0	9190	9237	18516622	18516669	1.34e-07	67.6
ptg000006l_rc_rotated	ptg000032l_1_1_1	91.667	48	4	0	9336	9383	18516622	18516669	1.34e-07	67.6
ptg000006l_rc_rotated	ptg000032l_1_1_1	91.667	48	4	0	9482	9529	18516622	18516669	1.34e-07	67.6
ptg000006l_rc_rotated	ptg000032l_1_1_1	91.667	48	4	0	9628	9675	18516622	18516669	1.34e-07	67.6
ptg000006l_rc_rotated	ptg000032l_1_1_1	91.667	48	4	0	9774	9821	18516622	18516669	1.34e-07	67.6
ptg000006l_rc_rotated	ptg000032l_1_1_1	91.667	48	4	0	9920	9967	18516622	18516669	1.34e-07	67.6
ptg000006l_rc_rotated	ptg000032l_1_1_1	91.667	48	4	0	10066	10113	18516622	18516669	1.34e-07	67.6
ptg000006l_rc_rotated	ptg000032l_1_1_1	100.000	34	0	0	8670	8703	18516645	18516678	1.73e-06	63.9
ptg000006l_rc_rotated	ptg000032l_1_1_1	100.000	34	0	0	8962	8995	18516645	18516678	1.73e-06	63.9
ptg000006l_rc_rotated	ptg000032l_1_1_1	100.000	34	0	0	9254	9287	18516645	18516678	1.73e-06	63.9
ptg000006l_rc_rotated	ptg000032l_1_1_1	100.000	34	0	0	9400	9433	18516645	18516678	1.73e-06	63.9
ptg000006l_rc_rotated	ptg000032l_1_1_1	100.000	34	0	0	9546	9579	18516645	18516678	1.73e-06	63.9
ptg000006l_rc_rotated	ptg000032l_1_1_1	100.000	34	0	0	9692	9725	18516645	18516678	1.73e-06	63.9
ptg000006l_rc_rotated	ptg000032l_1_1_1	100.000	34	0	0	9838	9871	18516645	18516678	1.73e-06	63.9
ptg000006l_rc_rotated	ptg000032l_1_1_1	100.000	34	0	0	9984	10017	18516645	18516678	1.73e-06	63.9
ptg000006l_rc_rotated	ptg000032l_1_1_1	100.000	34	0	0	10130	10163	18516645	18516678	1.73e-06	63.9
ptg000006l_rc_rotated	ptg000032l_1_1_1	89.583	48	5	0	9044	9091	18516622	18516669	6.24e-06	62.1
ptg000006l_rc_rotated	ptg000032l_1_1_1	100.000	32	0	0	8380	8411	18516647	18516678	2.24e-05	60.2
ptg000006l_rc_rotated	ptg000032l_1_1_1	100.000	32	0	0	8818	8849	18516647	18516678	2.24e-05	60.2
ptg000006l_rc_rotated	ptg000032l_1_1_1	96.970	33	1	0	10212	10244	18516622	18516654	2.90e-04	56.5
ptg000006l_rc_rotated	ptg000032l_1_1_1	100.000	27	0	0	10054	10080	20810134	20810108	0.013	51.0
ptg000006l_rc_rotated	ptg000032l_1_1_1	100.000	27	0	0	9908	9934	20810134	20810108	0.013	51.0
ptg000006l_rc_rotated	ptg000032l_1_1_1	100.000	27	0	0	9762	9788	20810134	20810108	0.013	51.0
ptg000006l_rc_rotated	ptg000032l_1_1_1	100.000	27	0	0	9616	9642	20810134	20810108	0.013	51.0
ptg000006l_rc_rotated	ptg000032l_1_1_1	100.000	27	0	0	9470	9496	20810134	20810108	0.013	51.0
ptg000006l_rc_rotated	ptg000032l_1_1_1	100.000	27	0	0	9428	9454	20810134	20810108	0.013	51.0
ptg000006l_rc_rotated	ptg000032l_1_1_1	100.000	27	0	0	9324	9350	20810134	20810108	0.013	51.0
ptg000006l_rc_rotated	ptg000032l_1_1_1	100.000	27	0	0	8740	8766	20810134	20810108	0.013	51.0
ptg000006l_rc_rotated	ptg000032l_1_1_1	96.296	27	1	0	9032	9058	20810134	20810108	0.63	45.4
ptg000006l_rc_rotated	ptg000032l_1_1_1	100.000	22	0	0	8621	8642	20810548	20810527	8.1	41.7
ptg000006l_rc_rotated	ptg000004l_1_1_1	79.714	700	131	11	18121	18816	29442119	29441427	1.44e-136	496
ptg000006l_rc_rotated	ptg000004l_1_1_1	81.720	558	78	21	4	549	29440954	29440409	5.30e-121	444
ptg000006l_rc_rotated	ptg000004l_1_1_1	82.903	310	38	9	11241	11546	15292854	15293152	4.43e-67	265
ptg000006l_rc_rotated	ptg000004l_1_1_1	76.550	516	88	15	8576	9087	11745699	11745213	3.45e-63	252
ptg000006l_rc_rotated	ptg000004l_1_1_1	78.571	392	76	5	8271	8660	11745608	11745223	3.45e-63	252
ptg000006l_rc_rotated	ptg000004l_1_1_1	77.953	381	76	5	8271	8649	11745587	11745213	4.49e-57	231
ptg000006l_rc_rotated	ptg000004l_1_1_1	83.590	195	30	2	8289	8482	11745406	11745213	4.59e-42	182
ptg000006l_rc_rotated	ptg000004l_1_1_1	97.115	104	3	0	8961	9064	44772861	44772758	2.13e-40	176
ptg000006l_rc_rotated	ptg000004l_1_1_1	96.154	104	4	0	10129	10232	44772861	44772758	9.93e-39	171
ptg000006l_rc_rotated	ptg000004l_1_1_1	96.154	104	4	0	9837	9940	44772861	44772758	9.93e-39	171
ptg000006l_rc_rotated	ptg000004l_1_1_1	96.154	104	4	0	9691	9794	44772861	44772758	9.93e-39	171
ptg000006l_rc_rotated	ptg000004l_1_1_1	96.154	104	4	0	9399	9502	44772861	44772758	9.93e-39	171
ptg000006l_rc_rotated	ptg000004l_1_1_1	96.154	104	4	0	9253	9356	44772861	44772758	9.93e-39	171
ptg000006l_rc_rotated	ptg000004l_1_1_1	96.154	104	4	0	8669	8772	44772861	44772758	9.93e-39	171
ptg000006l_rc_rotated	ptg000004l_1_1_1	96.154	104	4	0	8523	8626	44772861	44772758	9.93e-39	171
ptg000006l_rc_rotated	ptg000004l_1_1_1	95.192	104	5	0	9983	10086	44772861	44772758	4.62e-37	165
ptg000006l_rc_rotated	ptg000004l_1_1_1	95.192	104	5	0	9545	9648	44772861	44772758	4.62e-37	165
ptg000006l_rc_rotated	ptg000004l_1_1_1	95.192	104	5	0	9107	9210	44772861	44772758	4.62e-37	165
ptg000006l_rc_rotated	ptg000004l_1_1_1	96.040	101	4	0	8818	8918	44772858	44772758	4.62e-37	165
ptg000006l_rc_rotated	ptg000004l_1_1_1	93.578	109	6	1	10078	10186	50673487	50673380	5.98e-36	161
ptg000006l_rc_rotated	ptg000004l_1_1_1	93.578	109	6	1	9786	9894	50673487	50673380	5.98e-36	161
ptg000006l_rc_rotated	ptg000004l_1_1_1	93.578	109	6	1	9640	9748	50673487	50673380	5.98e-36	161
ptg000006l_rc_rotated	ptg000004l_1_1_1	93.578	109	6	1	9348	9456	50673487	50673380	5.98e-36	161
ptg000006l_rc_rotated	ptg000004l_1_1_1	93.578	109	6	1	9202	9310	50673487	50673380	5.98e-36	161
ptg000006l_rc_rotated	ptg000004l_1_1_1	93.578	109	6	1	8910	9018	50673487	50673380	5.98e-36	161
ptg000006l_rc_rotated	ptg000004l_1_1_1	95.050	101	5	0	8380	8480	44772858	44772758	2.15e-35	159
ptg000006l_rc_rotated	ptg000004l_1_1_1	95.918	98	4	0	9859	9956	44772860	44772763	2.15e-35	159
ptg000006l_rc_rotated	ptg000004l_1_1_1	95.918	98	4	0	9713	9810	44772860	44772763	2.15e-35	159
ptg000006l_rc_rotated	ptg000004l_1_1_1	95.918	98	4	0	9421	9518	44772860	44772763	2.15e-35	159
ptg000006l_rc_rotated	ptg000004l_1_1_1	95.918	98	4	0	9275	9372	44772860	44772763	2.15e-35	159
ptg000006l_rc_rotated	ptg000004l_1_1_1	95.918	98	4	0	9129	9226	44772860	44772763	2.15e-35	159
ptg000006l_rc_rotated	ptg000004l_1_1_1	95.918	98	4	0	8837	8934	44772860	44772763	2.15e-35	159
ptg000006l_rc_rotated	ptg000004l_1_1_1	95.918	98	4	0	8691	8788	44772860	44772763	2.15e-35	159
ptg000006l_rc_rotated	ptg000004l_1_1_1	95.918	98	4	0	8545	8642	44772860	44772763	2.15e-35	159
ptg000006l_rc_rotated	ptg000004l_1_1_1	92.661	109	7	1	9932	10040	50673487	50673380	2.78e-34	156
ptg000006l_rc_rotated	ptg000004l_1_1_1	92.661	109	7	1	9494	9602	50673487	50673380	2.78e-34	156
ptg000006l_rc_rotated	ptg000004l_1_1_1	92.661	109	7	1	9056	9164	50673487	50673380	2.78e-34	156
ptg000006l_rc_rotated	ptg000004l_1_1_1	92.661	109	7	1	8764	8872	50673487	50673380	2.78e-34	156
ptg000006l_rc_rotated	ptg000004l_1_1_1	92.661	109	7	1	8618	8726	50673487	50673380	2.78e-34	156
ptg000006l_rc_rotated	ptg000004l_1_1_1	92.661	109	7	1	8472	8580	50673487	50673380	2.78e-34	156
ptg000006l_rc_rotated	ptg000004l_1_1_1	92.661	109	7	1	8326	8434	50673487	50673380	2.78e-34	156
ptg000006l_rc_rotated	ptg000004l_1_1_1	94.898	98	5	0	8983	9080	44772860	44772763	1.00e-33	154
ptg000006l_rc_rotated	ptg000004l_1_1_1	94.898	98	5	0	8399	8496	44772860	44772763	1.00e-33	154
ptg000006l_rc_rotated	ptg000004l_1_1_1	82.796	186	17	9	4810	4993	37272611	37272783	3.60e-33	152
ptg000006l_rc_rotated	ptg000004l_1_1_1	95.745	94	4	0	10151	10244	44772860	44772767	3.60e-33	152
ptg000006l_rc_rotated	ptg000004l_1_1_1	91.743	109	7	2	9994	10102	50673487	50673381	1.29e-32	150
ptg000006l_rc_rotated	ptg000004l_1_1_1	91.743	109	7	2	9556	9664	50673487	50673381	1.29e-32	150
ptg000006l_rc_rotated	ptg000004l_1_1_1	90.090	111	11	0	2456	2566	27436050	27435940	6.02e-31	145
ptg000006l_rc_rotated	ptg000004l_1_1_1	90.826	109	8	2	9848	9956	50673487	50673381	6.02e-31	145
ptg000006l_rc_rotated	ptg000004l_1_1_1	90.826	109	8	2	9702	9810	50673487	50673381	6.02e-31	145
ptg000006l_rc_rotated	ptg000004l_1_1_1	90.826	109	8	2	9410	9518	50673487	50673381	6.02e-31	145
ptg000006l_rc_rotated	ptg000004l_1_1_1	90.826	109	8	2	9264	9372	50673487	50673381	6.02e-31	145
ptg000006l_rc_rotated	ptg000004l_1_1_1	90.826	109	8	2	9118	9226	50673487	50673381	6.02e-31	145
ptg000006l_rc_rotated	ptg000004l_1_1_1	90.826	109	8	2	8826	8934	50673487	50673381	6.02e-31	145
ptg000006l_rc_rotated	ptg000004l_1_1_1	90.826	109	8	2	8680	8788	50673487	50673381	6.02e-31	145
ptg000006l_rc_rotated	ptg000004l_1_1_1	88.793	116	11	2	8526	8641	53688101	53687988	7.79e-30	141
ptg000006l_rc_rotated	ptg000004l_1_1_1	89.908	109	9	2	8972	9080	50673487	50673381	2.80e-29	139
ptg000006l_rc_rotated	ptg000004l_1_1_1	89.908	109	9	2	8388	8496	50673487	50673381	2.80e-29	139
ptg000006l_rc_rotated	ptg000004l_1_1_1	92.708	96	5	2	12958	13052	18496175	18496081	1.01e-28	137
ptg000006l_rc_rotated	ptg000004l_1_1_1	90.476	105	8	2	10140	10244	50673487	50673385	1.01e-28	137
ptg000006l_rc_rotated	ptg000004l_1_1_1	88.991	109	10	2	8534	8642	50673487	50673381	1.30e-27	134
ptg000006l_rc_rotated	ptg000004l_1_1_1	96.250	80	3	0	8380	8459	44772837	44772758	4.69e-27	132
ptg000006l_rc_rotated	ptg000004l_1_1_1	87.179	117	14	1	4290	4406	53570420	53570535	4.69e-27	132
ptg000006l_rc_rotated	ptg000004l_1_1_1	92.308	91	7	0	10026	10116	44772860	44772770	1.69e-26	130
ptg000006l_rc_rotated	ptg000004l_1_1_1	92.308	91	7	0	9880	9970	44772860	44772770	1.69e-26	130
ptg000006l_rc_rotated	ptg000004l_1_1_1	92.308	91	7	0	9734	9824	44772860	44772770	1.69e-26	130
ptg000006l_rc_rotated	ptg000004l_1_1_1	92.308	91	7	0	9588	9678	44772860	44772770	1.69e-26	130
ptg000006l_rc_rotated	ptg000004l_1_1_1	92.308	91	7	0	9442	9532	44772860	44772770	1.69e-26	130
ptg000006l_rc_rotated	ptg000004l_1_1_1	92.308	91	7	0	9296	9386	44772860	44772770	1.69e-26	130
ptg000006l_rc_rotated	ptg000004l_1_1_1	92.308	91	7	0	9150	9240	44772860	44772770	1.69e-26	130
ptg000006l_rc_rotated	ptg000004l_1_1_1	92.308	91	7	0	8858	8948	44772860	44772770	1.69e-26	130
ptg000006l_rc_rotated	ptg000004l_1_1_1	92.308	91	7	0	8712	8802	44772860	44772770	1.69e-26	130
ptg000006l_rc_rotated	ptg000004l_1_1_1	92.308	91	7	0	8274	8364	44772860	44772770	1.69e-26	130
ptg000006l_rc_rotated	ptg000004l_1_1_1	88.182	110	11	2	8970	9079	53688095	53687988	1.69e-26	130
ptg000006l_rc_rotated	ptg000004l_1_1_1	89.899	99	8	2	10130	10228	50673476	50673380	2.18e-25	126
ptg000006l_rc_rotated	ptg000004l_1_1_1	89.899	99	8	1	9984	10082	50673476	50673380	2.18e-25	126
ptg000006l_rc_rotated	ptg000004l_1_1_1	89.899	99	8	2	9838	9936	50673476	50673380	2.18e-25	126
ptg000006l_rc_rotated	ptg000004l_1_1_1	89.899	99	8	2	9692	9790	50673476	50673380	2.18e-25	126
ptg000006l_rc_rotated	ptg000004l_1_1_1	89.899	99	8	1	9546	9644	50673476	50673380	2.18e-25	126
ptg000006l_rc_rotated	ptg000004l_1_1_1	89.899	99	8	2	9400	9498	50673476	50673380	2.18e-25	126
ptg000006l_rc_rotated	ptg000004l_1_1_1	89.899	99	8	2	9254	9352	50673476	50673380	2.18e-25	126
ptg000006l_rc_rotated	ptg000004l_1_1_1	89.899	99	8	2	8670	8768	50673476	50673380	2.18e-25	126
ptg000006l_rc_rotated	ptg000004l_1_1_1	91.209	91	8	0	9004	9094	44772860	44772770	7.84e-25	124
ptg000006l_rc_rotated	ptg000004l_1_1_1	89.691	97	8	2	8818	8914	50673474	50673380	2.82e-24	122
ptg000006l_rc_rotated	ptg000004l_1_1_1	88.350	103	11	1	8380	8482	53688081	53687980	2.82e-24	122
ptg000006l_rc_rotated	ptg000004l_1_1_1	88.889	99	9	2	9108	9206	50673476	50673380	1.01e-23	121
ptg000006l_rc_rotated	ptg000004l_1_1_1	88.889	99	9	2	8962	9060	50673476	50673380	1.01e-23	121
ptg000006l_rc_rotated	ptg000004l_1_1_1	90.110	91	9	0	8566	8656	44772860	44772770	3.65e-23	119
ptg000006l_rc_rotated	ptg000004l_1_1_1	95.890	73	3	0	10172	10244	44772860	44772788	3.65e-23	119
ptg000006l_rc_rotated	ptg000004l_1_1_1	97.143	70	2	0	8401	8470	55291173	55291242	3.65e-23	119
ptg000006l_rc_rotated	ptg000004l_1_1_1	97.143	70	2	0	9006	9075	55291173	55291242	3.65e-23	119
ptg000006l_rc_rotated	ptg000004l_1_1_1	88.660	97	9	2	8380	8476	50673474	50673380	1.31e-22	117
ptg000006l_rc_rotated	ptg000004l_1_1_1	97.059	68	2	0	2429	2496	18392733	18392800	4.72e-22	115
ptg000006l_rc_rotated	ptg000004l_1_1_1	87.879	99	10	2	8524	8622	50673476	50673380	4.72e-22	115
ptg000006l_rc_rotated	ptg000004l_1_1_1	87.879	99	10	1	8409	8507	50673487	50673391	4.72e-22	115
ptg000006l_rc_rotated	ptg000004l_1_1_1	95.775	71	3	0	8817	8887	55291172	55291242	4.72e-22	115
ptg000006l_rc_rotated	ptg000004l_1_1_1	95.714	70	3	0	8276	8345	55291173	55291242	1.70e-21	113
ptg000006l_rc_rotated	ptg000004l_1_1_1	95.714	70	3	0	8672	8741	55291173	55291242	1.70e-21	113
ptg000006l_rc_rotated	ptg000004l_1_1_1	95.714	70	3	0	8693	8762	55291173	55291242	1.70e-21	113
ptg000006l_rc_rotated	ptg000004l_1_1_1	95.714	70	3	0	8714	8783	55291173	55291242	1.70e-21	113
ptg000006l_rc_rotated	ptg000004l_1_1_1	95.714	70	3	0	8839	8908	55291173	55291242	1.70e-21	113
ptg000006l_rc_rotated	ptg000004l_1_1_1	95.714	70	3	0	8860	8929	55291173	55291242	1.70e-21	113
ptg000006l_rc_rotated	ptg000004l_1_1_1	95.714	70	3	0	8964	9033	55291173	55291242	1.70e-21	113
ptg000006l_rc_rotated	ptg000004l_1_1_1	95.714	70	3	0	9131	9200	55291173	55291242	1.70e-21	113
ptg000006l_rc_rotated	ptg000004l_1_1_1	95.714	70	3	0	9152	9221	55291173	55291242	1.70e-21	113
ptg000006l_rc_rotated	ptg000004l_1_1_1	95.714	70	3	0	9256	9325	55291173	55291242	1.70e-21	113
ptg000006l_rc_rotated	ptg000004l_1_1_1	95.714	70	3	0	9277	9346	55291173	55291242	1.70e-21	113
ptg000006l_rc_rotated	ptg000004l_1_1_1	95.714	70	3	0	9298	9367	55291173	55291242	1.70e-21	113
ptg000006l_rc_rotated	ptg000004l_1_1_1	95.714	70	3	0	9402	9471	55291173	55291242	1.70e-21	113
ptg000006l_rc_rotated	ptg000004l_1_1_1	95.714	70	3	0	9423	9492	55291173	55291242	1.70e-21	113
ptg000006l_rc_rotated	ptg000004l_1_1_1	95.714	70	3	0	9444	9513	55291173	55291242	1.70e-21	113
ptg000006l_rc_rotated	ptg000004l_1_1_1	95.714	70	3	0	9590	9659	55291173	55291242	1.70e-21	113
ptg000006l_rc_rotated	ptg000004l_1_1_1	95.714	70	3	0	9694	9763	55291173	55291242	1.70e-21	113
ptg000006l_rc_rotated	ptg000004l_1_1_1	95.714	70	3	0	9715	9784	55291173	55291242	1.70e-21	113
ptg000006l_rc_rotated	ptg000004l_1_1_1	95.714	70	3	0	9736	9805	55291173	55291242	1.70e-21	113
ptg000006l_rc_rotated	ptg000004l_1_1_1	95.714	70	3	0	9840	9909	55291173	55291242	1.70e-21	113
ptg000006l_rc_rotated	ptg000004l_1_1_1	95.714	70	3	0	9861	9930	55291173	55291242	1.70e-21	113
ptg000006l_rc_rotated	ptg000004l_1_1_1	95.714	70	3	0	9882	9951	55291173	55291242	1.70e-21	113
ptg000006l_rc_rotated	ptg000004l_1_1_1	95.714	70	3	0	10028	10097	55291173	55291242	1.70e-21	113
ptg000006l_rc_rotated	ptg000004l_1_1_1	95.714	70	3	0	10132	10201	55291173	55291242	1.70e-21	113
ptg000006l_rc_rotated	ptg000004l_1_1_1	95.714	70	3	0	10153	10222	55291173	55291242	1.70e-21	113
ptg000006l_rc_rotated	ptg000004l_1_1_1	95.714	70	3	0	10174	10243	55291173	55291242	1.70e-21	113
ptg000006l_rc_rotated	ptg000004l_1_1_1	97.015	67	2	0	8568	8634	55291173	55291239	1.70e-21	113
ptg000006l_rc_rotated	ptg000004l_1_1_1	86.869	99	12	1	2976	3073	27239210	27239308	2.20e-20	110
ptg000006l_rc_rotated	ptg000004l_1_1_1	100.000	59	0	0	10149	10207	50673438	50673380	2.20e-20	110
ptg000006l_rc_rotated	ptg000004l_1_1_1	100.000	59	0	0	9857	9915	50673438	50673380	2.20e-20	110
ptg000006l_rc_rotated	ptg000004l_1_1_1	100.000	59	0	0	9711	9769	50673438	50673380	2.20e-20	110
ptg000006l_rc_rotated	ptg000004l_1_1_1	100.000	59	0	0	9419	9477	50673438	50673380	2.20e-20	110
ptg000006l_rc_rotated	ptg000004l_1_1_1	100.000	59	0	0	9273	9331	50673438	50673380	2.20e-20	110
ptg000006l_rc_rotated	ptg000004l_1_1_1	100.000	59	0	0	9127	9185	50673438	50673380	2.20e-20	110
ptg000006l_rc_rotated	ptg000004l_1_1_1	100.000	59	0	0	8981	9039	50673438	50673380	2.20e-20	110
ptg000006l_rc_rotated	ptg000004l_1_1_1	100.000	59	0	0	8835	8893	50673438	50673380	2.20e-20	110
ptg000006l_rc_rotated	ptg000004l_1_1_1	100.000	59	0	0	8689	8747	50673438	50673380	2.20e-20	110
ptg000006l_rc_rotated	ptg000004l_1_1_1	100.000	59	0	0	8543	8601	50673438	50673380	2.20e-20	110
ptg000006l_rc_rotated	ptg000004l_1_1_1	100.000	59	0	0	8272	8330	50673438	50673380	2.20e-20	110
ptg000006l_rc_rotated	ptg000004l_1_1_1	86.869	99	11	1	9869	9967	50673487	50673391	2.20e-20	110
ptg000006l_rc_rotated	ptg000004l_1_1_1	86.869	99	11	1	9723	9821	50673487	50673391	2.20e-20	110
ptg000006l_rc_rotated	ptg000004l_1_1_1	86.869	99	11	1	9431	9529	50673487	50673391	2.20e-20	110
ptg000006l_rc_rotated	ptg000004l_1_1_1	86.869	99	11	1	9285	9383	50673487	50673391	2.20e-20	110
ptg000006l_rc_rotated	ptg000004l_1_1_1	86.869	99	11	1	9139	9237	50673487	50673391	2.20e-20	110
ptg000006l_rc_rotated	ptg000004l_1_1_1	86.869	99	11	1	8847	8945	50673487	50673391	2.20e-20	110
ptg000006l_rc_rotated	ptg000004l_1_1_1	86.869	99	11	1	8701	8799	50673487	50673391	2.20e-20	110
ptg000006l_rc_rotated	ptg000004l_1_1_1	95.588	68	3	0	8379	8446	55291172	55291239	2.20e-20	110
ptg000006l_rc_rotated	ptg000004l_1_1_1	91.250	80	6	1	4290	4369	12274250	12274328	7.90e-20	108
ptg000006l_rc_rotated	ptg000004l_1_1_1	100.000	58	0	0	8293	8350	50673438	50673381	7.90e-20	108
ptg000006l_rc_rotated	ptg000004l_1_1_1	94.286	70	4	0	8526	8595	55291173	55291242	7.90e-20	108
ptg000006l_rc_rotated	ptg000004l_1_1_1	94.286	70	4	0	9110	9179	55291173	55291242	7.90e-20	108
ptg000006l_rc_rotated	ptg000004l_1_1_1	94.286	70	4	0	9548	9617	55291173	55291242	7.90e-20	108
ptg000006l_rc_rotated	ptg000004l_1_1_1	94.286	70	4	0	9986	10055	55291173	55291242	7.90e-20	108
ptg000006l_rc_rotated	ptg000004l_1_1_1	95.522	67	3	0	8547	8613	55291173	55291239	7.90e-20	108
ptg000006l_rc_rotated	ptg000004l_1_1_1	95.522	67	3	0	8985	9051	55291173	55291239	7.90e-20	108
ptg000006l_rc_rotated	ptg000004l_1_1_1	100.000	57	0	0	334	390	1032651	1032707	2.84e-19	106
ptg000006l_rc_rotated	ptg000004l_1_1_1	98.305	59	1	0	10003	10061	50673438	50673380	1.02e-18	104
ptg000006l_rc_rotated	ptg000004l_1_1_1	98.305	59	1	0	9565	9623	50673438	50673380	1.02e-18	104
ptg000006l_rc_rotated	ptg000004l_1_1_1	98.305	59	1	0	8397	8455	50673438	50673380	1.02e-18	104
ptg000006l_rc_rotated	ptg000004l_1_1_1	85.859	99	12	2	10015	10113	50673487	50673391	1.02e-18	104
ptg000006l_rc_rotated	ptg000004l_1_1_1	85.859	99	12	2	9577	9675	50673487	50673391	1.02e-18	104
ptg000006l_rc_rotated	ptg000004l_1_1_1	85.859	99	12	1	8993	9091	50673487	50673391	1.02e-18	104
ptg000006l_rc_rotated	ptg000004l_1_1_1	98.276	58	1	0	10168	10225	37096411	37096354	3.67e-18	102
ptg000006l_rc_rotated	ptg000004l_1_1_1	98.276	58	1	0	10147	10204	37096411	37096354	3.67e-18	102
ptg000006l_rc_rotated	ptg000004l_1_1_1	98.276	58	1	0	10043	10100	37096411	37096354	3.67e-18	102
ptg000006l_rc_rotated	ptg000004l_1_1_1	98.276	58	1	0	9897	9954	37096411	37096354	3.67e-18	102
ptg000006l_rc_rotated	ptg000004l_1_1_1	98.276	58	1	0	9876	9933	37096411	37096354	3.67e-18	102
ptg000006l_rc_rotated	ptg000004l_1_1_1	98.276	58	1	0	9855	9912	37096411	37096354	3.67e-18	102
ptg000006l_rc_rotated	ptg000004l_1_1_1	98.276	58	1	0	9751	9808	37096411	37096354	3.67e-18	102
ptg000006l_rc_rotated	ptg000004l_1_1_1	98.276	58	1	0	9730	9787	37096411	37096354	3.67e-18	102
ptg000006l_rc_rotated	ptg000004l_1_1_1	98.276	58	1	0	9709	9766	37096411	37096354	3.67e-18	102
ptg000006l_rc_rotated	ptg000004l_1_1_1	98.276	58	1	0	9605	9662	37096411	37096354	3.67e-18	102
ptg000006l_rc_rotated	ptg000004l_1_1_1	98.276	58	1	0	9459	9516	37096411	37096354	3.67e-18	102
ptg000006l_rc_rotated	ptg000004l_1_1_1	98.276	58	1	0	9438	9495	37096411	37096354	3.67e-18	102
ptg000006l_rc_rotated	ptg000004l_1_1_1	98.276	58	1	0	9417	9474	37096411	37096354	3.67e-18	102
ptg000006l_rc_rotated	ptg000004l_1_1_1	98.276	58	1	0	9313	9370	37096411	37096354	3.67e-18	102
ptg000006l_rc_rotated	ptg000004l_1_1_1	98.276	58	1	0	9292	9349	37096411	37096354	3.67e-18	102
ptg000006l_rc_rotated	ptg000004l_1_1_1	98.276	58	1	0	9271	9328	37096411	37096354	3.67e-18	102
ptg000006l_rc_rotated	ptg000004l_1_1_1	98.276	58	1	0	9167	9224	37096411	37096354	3.67e-18	102
ptg000006l_rc_rotated	ptg000004l_1_1_1	98.276	58	1	0	9146	9203	37096411	37096354	3.67e-18	102
ptg000006l_rc_rotated	ptg000004l_1_1_1	98.276	58	1	0	9125	9182	37096411	37096354	3.67e-18	102
ptg000006l_rc_rotated	ptg000004l_1_1_1	98.276	58	1	0	8979	9036	37096411	37096354	3.67e-18	102
ptg000006l_rc_rotated	ptg000004l_1_1_1	98.276	58	1	0	8875	8932	37096411	37096354	3.67e-18	102
ptg000006l_rc_rotated	ptg000004l_1_1_1	98.276	58	1	0	8854	8911	37096411	37096354	3.67e-18	102
ptg000006l_rc_rotated	ptg000004l_1_1_1	98.276	58	1	0	8833	8890	37096411	37096354	3.67e-18	102
ptg000006l_rc_rotated	ptg000004l_1_1_1	98.276	58	1	0	8729	8786	37096411	37096354	3.67e-18	102
ptg000006l_rc_rotated	ptg000004l_1_1_1	98.276	58	1	0	8708	8765	37096411	37096354	3.67e-18	102
ptg000006l_rc_rotated	ptg000004l_1_1_1	98.276	58	1	0	8687	8744	37096411	37096354	3.67e-18	102
ptg000006l_rc_rotated	ptg000004l_1_1_1	98.276	58	1	0	8541	8598	37096411	37096354	3.67e-18	102
ptg000006l_rc_rotated	ptg000004l_1_1_1	98.276	58	1	0	8291	8348	37096411	37096354	3.67e-18	102
ptg000006l_rc_rotated	ptg000004l_1_1_1	100.000	55	0	0	10129	10183	37096408	37096354	3.67e-18	102
ptg000006l_rc_rotated	ptg000004l_1_1_1	100.000	55	0	0	9837	9891	37096408	37096354	3.67e-18	102
ptg000006l_rc_rotated	ptg000004l_1_1_1	100.000	55	0	0	9691	9745	37096408	37096354	3.67e-18	102
ptg000006l_rc_rotated	ptg000004l_1_1_1	100.000	55	0	0	9399	9453	37096408	37096354	3.67e-18	102
ptg000006l_rc_rotated	ptg000004l_1_1_1	100.000	55	0	0	9253	9307	37096408	37096354	3.67e-18	102
ptg000006l_rc_rotated	ptg000004l_1_1_1	100.000	55	0	0	8961	9015	37096408	37096354	3.67e-18	102
ptg000006l_rc_rotated	ptg000004l_1_1_1	100.000	55	0	0	8669	8723	37096408	37096354	3.67e-18	102
ptg000006l_rc_rotated	ptg000004l_1_1_1	100.000	54	0	0	10026	10079	37096407	37096354	1.32e-17	100
ptg000006l_rc_rotated	ptg000004l_1_1_1	100.000	54	0	0	9588	9641	37096407	37096354	1.32e-17	100
ptg000006l_rc_rotated	ptg000004l_1_1_1	100.000	54	0	0	8274	8327	37096407	37096354	1.32e-17	100
ptg000006l_rc_rotated	ptg000004l_1_1_1	98.214	56	1	0	10189	10244	37096411	37096356	4.75e-17	99.0
ptg000006l_rc_rotated	ptg000004l_1_1_1	98.214	56	1	0	10047	10102	44772860	44772805	4.75e-17	99.0
ptg000006l_rc_rotated	ptg000004l_1_1_1	98.214	56	1	0	9901	9956	44772860	44772805	4.75e-17	99.0
ptg000006l_rc_rotated	ptg000004l_1_1_1	98.214	56	1	0	9755	9810	44772860	44772805	4.75e-17	99.0
ptg000006l_rc_rotated	ptg000004l_1_1_1	98.214	56	1	0	9609	9664	44772860	44772805	4.75e-17	99.0
ptg000006l_rc_rotated	ptg000004l_1_1_1	98.214	56	1	0	9463	9518	44772860	44772805	4.75e-17	99.0
ptg000006l_rc_rotated	ptg000004l_1_1_1	98.214	56	1	0	9317	9372	44772860	44772805	4.75e-17	99.0
ptg000006l_rc_rotated	ptg000004l_1_1_1	98.214	56	1	0	9171	9226	44772860	44772805	4.75e-17	99.0
ptg000006l_rc_rotated	ptg000004l_1_1_1	98.214	56	1	0	8879	8934	44772860	44772805	4.75e-17	99.0
ptg000006l_rc_rotated	ptg000004l_1_1_1	98.214	56	1	0	8733	8788	44772860	44772805	4.75e-17	99.0
ptg000006l_rc_rotated	ptg000004l_1_1_1	98.214	56	1	0	8295	8350	44772860	44772805	4.75e-17	99.0
ptg000006l_rc_rotated	ptg000004l_1_1_1	88.095	84	8	1	10161	10244	50673487	50673406	4.75e-17	99.0
ptg000006l_rc_rotated	ptg000004l_1_1_1	96.552	58	2	0	10001	10058	37096411	37096354	1.71e-16	97.1
ptg000006l_rc_rotated	ptg000004l_1_1_1	96.552	58	2	0	9563	9620	37096411	37096354	1.71e-16	97.1
ptg000006l_rc_rotated	ptg000004l_1_1_1	96.552	58	2	0	9000	9057	37096411	37096354	1.71e-16	97.1
ptg000006l_rc_rotated	ptg000004l_1_1_1	96.552	58	2	0	8562	8619	37096411	37096354	1.71e-16	97.1
ptg000006l_rc_rotated	ptg000004l_1_1_1	96.552	58	2	0	8437	8494	37096411	37096354	1.71e-16	97.1
ptg000006l_rc_rotated	ptg000004l_1_1_1	96.552	58	2	0	8395	8452	37096411	37096354	1.71e-16	97.1
ptg000006l_rc_rotated	ptg000004l_1_1_1	98.182	55	1	0	9983	10037	37096408	37096354	1.71e-16	97.1
ptg000006l_rc_rotated	ptg000004l_1_1_1	98.182	55	1	0	9545	9599	37096408	37096354	1.71e-16	97.1
ptg000006l_rc_rotated	ptg000004l_1_1_1	98.182	55	1	0	9107	9161	37096408	37096354	1.71e-16	97.1
ptg000006l_rc_rotated	ptg000004l_1_1_1	98.182	55	1	0	8523	8577	37096408	37096354	1.71e-16	97.1
ptg000006l_rc_rotated	ptg000004l_1_1_1	100.000	52	0	0	8818	8869	37096405	37096354	1.71e-16	97.1
ptg000006l_rc_rotated	ptg000004l_1_1_1	100.000	52	0	0	8380	8431	37096405	37096354	1.71e-16	97.1
ptg000006l_rc_rotated	ptg000004l_1_1_1	100.000	52	0	0	7583	7634	50673220	50673169	1.71e-16	97.1
ptg000006l_rc_rotated	ptg000004l_1_1_1	100.000	52	0	0	6403	6454	50673220	50673169	1.71e-16	97.1
ptg000006l_rc_rotated	ptg000004l_1_1_1	83.495	103	16	1	10068	10169	44772860	44772758	6.15e-16	95.3
ptg000006l_rc_rotated	ptg000004l_1_1_1	83.495	103	16	1	9776	9877	44772860	44772758	6.15e-16	95.3
ptg000006l_rc_rotated	ptg000004l_1_1_1	83.495	103	16	1	9630	9731	44772860	44772758	6.15e-16	95.3
ptg000006l_rc_rotated	ptg000004l_1_1_1	83.495	103	16	1	9338	9439	44772860	44772758	6.15e-16	95.3
ptg000006l_rc_rotated	ptg000004l_1_1_1	83.495	103	16	1	9192	9293	44772860	44772758	6.15e-16	95.3
ptg000006l_rc_rotated	ptg000004l_1_1_1	83.495	103	16	1	8900	9001	44772860	44772758	6.15e-16	95.3
ptg000006l_rc_rotated	ptg000004l_1_1_1	85.714	91	11	2	8271	8361	50673479	50673391	6.15e-16	95.3
ptg000006l_rc_rotated	ptg000004l_1_1_1	96.429	56	2	0	8441	8496	44772860	44772805	2.21e-15	93.5
ptg000006l_rc_rotated	ptg000004l_1_1_1	83.168	101	16	1	9922	10021	44772860	44772760	7.95e-15	91.6
ptg000006l_rc_rotated	ptg000004l_1_1_1	83.168	101	16	1	9484	9583	44772860	44772760	7.95e-15	91.6
ptg000006l_rc_rotated	ptg000004l_1_1_1	98.077	52	1	0	10193	10244	44772860	44772809	7.95e-15	91.6
ptg000006l_rc_rotated	ptg000004l_1_1_1	82.524	103	17	1	8754	8855	44772860	44772758	2.86e-14	89.8
ptg000006l_rc_rotated	ptg000004l_1_1_1	82.524	103	17	1	8462	8563	44772860	44772758	2.86e-14	89.8
ptg000006l_rc_rotated	ptg000004l_1_1_1	82.524	103	17	1	8316	8417	44772860	44772758	2.86e-14	89.8
ptg000006l_rc_rotated	ptg000004l_1_1_1	89.189	74	3	3	8254	8322	26900315	26900242	1.03e-13	87.9
ptg000006l_rc_rotated	ptg000004l_1_1_1	96.226	53	2	0	10189	10241	26900294	26900242	1.03e-13	87.9
ptg000006l_rc_rotated	ptg000004l_1_1_1	96.226	53	2	0	10168	10220	26900294	26900242	1.03e-13	87.9
ptg000006l_rc_rotated	ptg000004l_1_1_1	96.226	53	2	0	10147	10199	26900294	26900242	1.03e-13	87.9
ptg000006l_rc_rotated	ptg000004l_1_1_1	96.226	53	2	0	10043	10095	26900294	26900242	1.03e-13	87.9
ptg000006l_rc_rotated	ptg000004l_1_1_1	96.226	53	2	0	9897	9949	26900294	26900242	1.03e-13	87.9
ptg000006l_rc_rotated	ptg000004l_1_1_1	96.226	53	2	0	9876	9928	26900294	26900242	1.03e-13	87.9
ptg000006l_rc_rotated	ptg000004l_1_1_1	96.226	53	2	0	9855	9907	26900294	26900242	1.03e-13	87.9
ptg000006l_rc_rotated	ptg000004l_1_1_1	96.226	53	2	0	9751	9803	26900294	26900242	1.03e-13	87.9
ptg000006l_rc_rotated	ptg000004l_1_1_1	96.226	53	2	0	9730	9782	26900294	26900242	1.03e-13	87.9
ptg000006l_rc_rotated	ptg000004l_1_1_1	96.226	53	2	0	9709	9761	26900294	26900242	1.03e-13	87.9
ptg000006l_rc_rotated	ptg000004l_1_1_1	96.226	53	2	0	9605	9657	26900294	26900242	1.03e-13	87.9
ptg000006l_rc_rotated	ptg000004l_1_1_1	96.226	53	2	0	9459	9511	26900294	26900242	1.03e-13	87.9
ptg000006l_rc_rotated	ptg000004l_1_1_1	96.226	53	2	0	9438	9490	26900294	26900242	1.03e-13	87.9
ptg000006l_rc_rotated	ptg000004l_1_1_1	96.226	53	2	0	9417	9469	26900294	26900242	1.03e-13	87.9
ptg000006l_rc_rotated	ptg000004l_1_1_1	96.226	53	2	0	9313	9365	26900294	26900242	1.03e-13	87.9
ptg000006l_rc_rotated	ptg000004l_1_1_1	96.226	53	2	0	9292	9344	26900294	26900242	1.03e-13	87.9
ptg000006l_rc_rotated	ptg000004l_1_1_1	96.226	53	2	0	9271	9323	26900294	26900242	1.03e-13	87.9
ptg000006l_rc_rotated	ptg000004l_1_1_1	96.226	53	2	0	9167	9219	26900294	26900242	1.03e-13	87.9
ptg000006l_rc_rotated	ptg000004l_1_1_1	96.226	53	2	0	9146	9198	26900294	26900242	1.03e-13	87.9
ptg000006l_rc_rotated	ptg000004l_1_1_1	96.226	53	2	0	9125	9177	26900294	26900242	1.03e-13	87.9
ptg000006l_rc_rotated	ptg000004l_1_1_1	96.226	53	2	0	8979	9031	26900294	26900242	1.03e-13	87.9
ptg000006l_rc_rotated	ptg000004l_1_1_1	96.226	53	2	0	8875	8927	26900294	26900242	1.03e-13	87.9
ptg000006l_rc_rotated	ptg000004l_1_1_1	96.226	53	2	0	8854	8906	26900294	26900242	1.03e-13	87.9
ptg000006l_rc_rotated	ptg000004l_1_1_1	96.226	53	2	0	8833	8885	26900294	26900242	1.03e-13	87.9
ptg000006l_rc_rotated	ptg000004l_1_1_1	96.226	53	2	0	8729	8781	26900294	26900242	1.03e-13	87.9
ptg000006l_rc_rotated	ptg000004l_1_1_1	96.226	53	2	0	8708	8760	26900294	26900242	1.03e-13	87.9
ptg000006l_rc_rotated	ptg000004l_1_1_1	96.226	53	2	0	8687	8739	26900294	26900242	1.03e-13	87.9
ptg000006l_rc_rotated	ptg000004l_1_1_1	96.226	53	2	0	8541	8593	26900294	26900242	1.03e-13	87.9
ptg000006l_rc_rotated	ptg000004l_1_1_1	96.226	53	2	0	8291	8343	26900294	26900242	1.03e-13	87.9
ptg000006l_rc_rotated	ptg000004l_1_1_1	96.226	53	2	0	8297	8349	55291173	55291225	1.03e-13	87.9
ptg000006l_rc_rotated	ptg000004l_1_1_1	96.226	53	2	0	8735	8787	55291173	55291225	1.03e-13	87.9
ptg000006l_rc_rotated	ptg000004l_1_1_1	96.226	53	2	0	8881	8933	55291173	55291225	1.03e-13	87.9
ptg000006l_rc_rotated	ptg000004l_1_1_1	96.226	53	2	0	9173	9225	55291173	55291225	1.03e-13	87.9
ptg000006l_rc_rotated	ptg000004l_1_1_1	96.226	53	2	0	9319	9371	55291173	55291225	1.03e-13	87.9
ptg000006l_rc_rotated	ptg000004l_1_1_1	96.226	53	2	0	9465	9517	55291173	55291225	1.03e-13	87.9
ptg000006l_rc_rotated	ptg000004l_1_1_1	96.226	53	2	0	9611	9663	55291173	55291225	1.03e-13	87.9
ptg000006l_rc_rotated	ptg000004l_1_1_1	96.226	53	2	0	9757	9809	55291173	55291225	1.03e-13	87.9
ptg000006l_rc_rotated	ptg000004l_1_1_1	96.226	53	2	0	9903	9955	55291173	55291225	1.03e-13	87.9
ptg000006l_rc_rotated	ptg000004l_1_1_1	96.226	53	2	0	10049	10101	55291173	55291225	1.03e-13	87.9
ptg000006l_rc_rotated	ptg000004l_1_1_1	97.959	49	1	0	10130	10178	26900290	26900242	3.70e-13	86.1
ptg000006l_rc_rotated	ptg000004l_1_1_1	97.959	49	1	0	10026	10074	26900290	26900242	3.70e-13	86.1
ptg000006l_rc_rotated	ptg000004l_1_1_1	97.959	49	1	0	9838	9886	26900290	26900242	3.70e-13	86.1
ptg000006l_rc_rotated	ptg000004l_1_1_1	97.959	49	1	0	9692	9740	26900290	26900242	3.70e-13	86.1
ptg000006l_rc_rotated	ptg000004l_1_1_1	97.959	49	1	0	9588	9636	26900290	26900242	3.70e-13	86.1
ptg000006l_rc_rotated	ptg000004l_1_1_1	97.959	49	1	0	9400	9448	26900290	26900242	3.70e-13	86.1
ptg000006l_rc_rotated	ptg000004l_1_1_1	97.959	49	1	0	9254	9302	26900290	26900242	3.70e-13	86.1
ptg000006l_rc_rotated	ptg000004l_1_1_1	97.959	49	1	0	8962	9010	26900290	26900242	3.70e-13	86.1
ptg000006l_rc_rotated	ptg000004l_1_1_1	97.959	49	1	0	8670	8718	26900290	26900242	3.70e-13	86.1
ptg000006l_rc_rotated	ptg000004l_1_1_1	96.154	52	2	0	9000	9051	26900294	26900243	3.70e-13	86.1
ptg000006l_rc_rotated	ptg000004l_1_1_1	96.154	52	2	0	8562	8613	26900294	26900243	3.70e-13	86.1
ptg000006l_rc_rotated	ptg000004l_1_1_1	96.154	52	2	0	8395	8446	26900294	26900243	3.70e-13	86.1
ptg000006l_rc_rotated	ptg000004l_1_1_1	96.154	52	2	0	7938	7989	50673220	50673169	3.70e-13	86.1
ptg000006l_rc_rotated	ptg000004l_1_1_1	96.154	52	2	0	7723	7774	50673220	50673169	3.70e-13	86.1
ptg000006l_rc_rotated	ptg000004l_1_1_1	81.553	103	18	1	9046	9147	44772860	44772758	1.33e-12	84.2
ptg000006l_rc_rotated	ptg000004l_1_1_1	80.909	110	18	3	10057	10165	50673487	50673380	1.33e-12	84.2
ptg000006l_rc_rotated	ptg000004l_1_1_1	80.909	110	18	3	9911	10019	50673487	50673380	1.33e-12	84.2
ptg000006l_rc_rotated	ptg000004l_1_1_1	80.909	110	18	3	9765	9873	50673487	50673380	1.33e-12	84.2
ptg000006l_rc_rotated	ptg000004l_1_1_1	80.909	110	18	3	9619	9727	50673487	50673380	1.33e-12	84.2
ptg000006l_rc_rotated	ptg000004l_1_1_1	80.909	110	18	3	9473	9581	50673487	50673380	1.33e-12	84.2
ptg000006l_rc_rotated	ptg000004l_1_1_1	80.909	110	18	3	9327	9435	50673487	50673380	1.33e-12	84.2
ptg000006l_rc_rotated	ptg000004l_1_1_1	80.909	110	18	3	9181	9289	50673487	50673380	1.33e-12	84.2
ptg000006l_rc_rotated	ptg000004l_1_1_1	80.909	110	18	3	8889	8997	50673487	50673380	1.33e-12	84.2
ptg000006l_rc_rotated	ptg000004l_1_1_1	80.909	110	18	3	8597	8705	50673487	50673380	1.33e-12	84.2
ptg000006l_rc_rotated	ptg000004l_1_1_1	94.340	53	3	0	8443	8495	55291173	55291225	4.79e-12	82.4
ptg000006l_rc_rotated	ptg000004l_1_1_1	96.000	50	2	0	10195	10244	55291173	55291222	4.79e-12	82.4
ptg000006l_rc_rotated	ptg000004l_1_1_1	95.918	49	2	0	9984	10032	26900290	26900242	1.72e-11	80.5
ptg000006l_rc_rotated	ptg000004l_1_1_1	95.918	49	2	0	9546	9594	26900290	26900242	1.72e-11	80.5
ptg000006l_rc_rotated	ptg000004l_1_1_1	80.000	110	19	3	8743	8851	50673487	50673380	6.19e-11	78.7
ptg000006l_rc_rotated	ptg000004l_1_1_1	80.000	110	19	3	8451	8559	50673487	50673380	6.19e-11	78.7
ptg000006l_rc_rotated	ptg000004l_1_1_1	80.000	110	19	3	8305	8413	50673487	50673380	6.19e-11	78.7
ptg000006l_rc_rotated	ptg000004l_1_1_1	79.091	110	20	3	9035	9143	50673487	50673380	2.88e-09	73.1
ptg000006l_rc_rotated	ptg000004l_1_1_1	100.000	39	0	0	8271	8309	50673418	50673380	2.88e-09	73.1
ptg000006l_rc_rotated	ptg000004l_1_1_1	92.000	50	4	0	10064	10113	37096411	37096362	1.04e-08	71.3
ptg000006l_rc_rotated	ptg000004l_1_1_1	92.000	50	4	0	9918	9967	37096411	37096362	1.04e-08	71.3
ptg000006l_rc_rotated	ptg000004l_1_1_1	92.000	50	4	0	9772	9821	37096411	37096362	1.04e-08	71.3
ptg000006l_rc_rotated	ptg000004l_1_1_1	92.000	50	4	0	9626	9675	37096411	37096362	1.04e-08	71.3
ptg000006l_rc_rotated	ptg000004l_1_1_1	92.000	50	4	0	9480	9529	37096411	37096362	1.04e-08	71.3
ptg000006l_rc_rotated	ptg000004l_1_1_1	92.000	50	4	0	9334	9383	37096411	37096362	1.04e-08	71.3
ptg000006l_rc_rotated	ptg000004l_1_1_1	92.000	50	4	0	9188	9237	37096411	37096362	1.04e-08	71.3
ptg000006l_rc_rotated	ptg000004l_1_1_1	92.000	50	4	0	8896	8945	37096411	37096362	1.04e-08	71.3
ptg000006l_rc_rotated	ptg000004l_1_1_1	92.000	50	4	0	8750	8799	37096411	37096362	1.04e-08	71.3
ptg000006l_rc_rotated	ptg000004l_1_1_1	92.000	50	4	0	8458	8507	37096411	37096362	1.04e-08	71.3
ptg000006l_rc_rotated	ptg000004l_1_1_1	92.000	50	4	0	8312	8361	37096411	37096362	1.04e-08	71.3
ptg000006l_rc_rotated	ptg000004l_1_1_1	100.000	37	0	0	10192	10228	21750044	21750008	3.73e-08	69.4
ptg000006l_rc_rotated	ptg000004l_1_1_1	100.000	37	0	0	10171	10207	21750044	21750008	3.73e-08	69.4
ptg000006l_rc_rotated	ptg000004l_1_1_1	100.000	37	0	0	10150	10186	21750044	21750008	3.73e-08	69.4
ptg000006l_rc_rotated	ptg000004l_1_1_1	100.000	37	0	0	10046	10082	21750044	21750008	3.73e-08	69.4
ptg000006l_rc_rotated	ptg000004l_1_1_1	100.000	37	0	0	10025	10061	21750044	21750008	3.73e-08	69.4
ptg000006l_rc_rotated	ptg000004l_1_1_1	100.000	37	0	0	9900	9936	21750044	21750008	3.73e-08	69.4
ptg000006l_rc_rotated	ptg000004l_1_1_1	100.000	37	0	0	9879	9915	21750044	21750008	3.73e-08	69.4
ptg000006l_rc_rotated	ptg000004l_1_1_1	100.000	37	0	0	9858	9894	21750044	21750008	3.73e-08	69.4
ptg000006l_rc_rotated	ptg000004l_1_1_1	100.000	37	0	0	9754	9790	21750044	21750008	3.73e-08	69.4
ptg000006l_rc_rotated	ptg000004l_1_1_1	100.000	37	0	0	9733	9769	21750044	21750008	3.73e-08	69.4
ptg000006l_rc_rotated	ptg000004l_1_1_1	100.000	37	0	0	9712	9748	21750044	21750008	3.73e-08	69.4
ptg000006l_rc_rotated	ptg000004l_1_1_1	100.000	37	0	0	9608	9644	21750044	21750008	3.73e-08	69.4
ptg000006l_rc_rotated	ptg000004l_1_1_1	100.000	37	0	0	9587	9623	21750044	21750008	3.73e-08	69.4
ptg000006l_rc_rotated	ptg000004l_1_1_1	100.000	37	0	0	9462	9498	21750044	21750008	3.73e-08	69.4
ptg000006l_rc_rotated	ptg000004l_1_1_1	100.000	37	0	0	9441	9477	21750044	21750008	3.73e-08	69.4
ptg000006l_rc_rotated	ptg000004l_1_1_1	100.000	37	0	0	9420	9456	21750044	21750008	3.73e-08	69.4
ptg000006l_rc_rotated	ptg000004l_1_1_1	100.000	37	0	0	9316	9352	21750044	21750008	3.73e-08	69.4
ptg000006l_rc_rotated	ptg000004l_1_1_1	100.000	37	0	0	9295	9331	21750044	21750008	3.73e-08	69.4
ptg000006l_rc_rotated	ptg000004l_1_1_1	100.000	37	0	0	9274	9310	21750044	21750008	3.73e-08	69.4
ptg000006l_rc_rotated	ptg000004l_1_1_1	100.000	37	0	0	9170	9206	21750044	21750008	3.73e-08	69.4
ptg000006l_rc_rotated	ptg000004l_1_1_1	100.000	37	0	0	9149	9185	21750044	21750008	3.73e-08	69.4
ptg000006l_rc_rotated	ptg000004l_1_1_1	100.000	37	0	0	9128	9164	21750044	21750008	3.73e-08	69.4
ptg000006l_rc_rotated	ptg000004l_1_1_1	100.000	37	0	0	9003	9039	21750044	21750008	3.73e-08	69.4
ptg000006l_rc_rotated	ptg000004l_1_1_1	100.000	37	0	0	8982	9018	21750044	21750008	3.73e-08	69.4
ptg000006l_rc_rotated	ptg000004l_1_1_1	100.000	37	0	0	8878	8914	21750044	21750008	3.73e-08	69.4
ptg000006l_rc_rotated	ptg000004l_1_1_1	100.000	37	0	0	8857	8893	21750044	21750008	3.73e-08	69.4
ptg000006l_rc_rotated	ptg000004l_1_1_1	100.000	37	0	0	8836	8872	21750044	21750008	3.73e-08	69.4
ptg000006l_rc_rotated	ptg000004l_1_1_1	100.000	37	0	0	8732	8768	21750044	21750008	3.73e-08	69.4
ptg000006l_rc_rotated	ptg000004l_1_1_1	100.000	37	0	0	8711	8747	21750044	21750008	3.73e-08	69.4
ptg000006l_rc_rotated	ptg000004l_1_1_1	100.000	37	0	0	8690	8726	21750044	21750008	3.73e-08	69.4
ptg000006l_rc_rotated	ptg000004l_1_1_1	100.000	37	0	0	8565	8601	21750044	21750008	3.73e-08	69.4
ptg000006l_rc_rotated	ptg000004l_1_1_1	100.000	37	0	0	8544	8580	21750044	21750008	3.73e-08	69.4
ptg000006l_rc_rotated	ptg000004l_1_1_1	100.000	37	0	0	8398	8434	21750044	21750008	3.73e-08	69.4
ptg000006l_rc_rotated	ptg000004l_1_1_1	100.000	37	0	0	8294	8330	21750044	21750008	3.73e-08	69.4
ptg000006l_rc_rotated	ptg000004l_1_1_1	100.000	37	0	0	8273	8309	21750044	21750008	3.73e-08	69.4
ptg000006l_rc_rotated	ptg000004l_1_1_1	95.349	43	1	1	11358	11400	13864572	13864531	1.34e-07	67.6
ptg000006l_rc_rotated	ptg000004l_1_1_1	100.000	36	0	0	10130	10165	21750043	21750008	1.34e-07	67.6
ptg000006l_rc_rotated	ptg000004l_1_1_1	100.000	36	0	0	9984	10019	21750043	21750008	1.34e-07	67.6
ptg000006l_rc_rotated	ptg000004l_1_1_1	100.000	36	0	0	9838	9873	21750043	21750008	1.34e-07	67.6
ptg000006l_rc_rotated	ptg000004l_1_1_1	100.000	36	0	0	9692	9727	21750043	21750008	1.34e-07	67.6
ptg000006l_rc_rotated	ptg000004l_1_1_1	100.000	36	0	0	9546	9581	21750043	21750008	1.34e-07	67.6
ptg000006l_rc_rotated	ptg000004l_1_1_1	100.000	36	0	0	9400	9435	21750043	21750008	1.34e-07	67.6
ptg000006l_rc_rotated	ptg000004l_1_1_1	100.000	36	0	0	9254	9289	21750043	21750008	1.34e-07	67.6
ptg000006l_rc_rotated	ptg000004l_1_1_1	100.000	36	0	0	8962	8997	21750043	21750008	1.34e-07	67.6
ptg000006l_rc_rotated	ptg000004l_1_1_1	100.000	36	0	0	8670	8705	21750043	21750008	1.34e-07	67.6
ptg000006l_rc_rotated	ptg000004l_1_1_1	100.000	36	0	0	10067	10102	21750044	21750009	1.34e-07	67.6
ptg000006l_rc_rotated	ptg000004l_1_1_1	100.000	36	0	0	9921	9956	21750044	21750009	1.34e-07	67.6
ptg000006l_rc_rotated	ptg000004l_1_1_1	100.000	36	0	0	9775	9810	21750044	21750009	1.34e-07	67.6
ptg000006l_rc_rotated	ptg000004l_1_1_1	100.000	36	0	0	9629	9664	21750044	21750009	1.34e-07	67.6
ptg000006l_rc_rotated	ptg000004l_1_1_1	100.000	36	0	0	9483	9518	21750044	21750009	1.34e-07	67.6
ptg000006l_rc_rotated	ptg000004l_1_1_1	100.000	36	0	0	9337	9372	21750044	21750009	1.34e-07	67.6
ptg000006l_rc_rotated	ptg000004l_1_1_1	100.000	36	0	0	9191	9226	21750044	21750009	1.34e-07	67.6
ptg000006l_rc_rotated	ptg000004l_1_1_1	100.000	36	0	0	8899	8934	21750044	21750009	1.34e-07	67.6
ptg000006l_rc_rotated	ptg000004l_1_1_1	100.000	36	0	0	8753	8788	21750044	21750009	1.34e-07	67.6
ptg000006l_rc_rotated	ptg000004l_1_1_1	100.000	36	0	0	8461	8496	21750044	21750009	1.34e-07	67.6
ptg000006l_rc_rotated	ptg000004l_1_1_1	100.000	36	0	0	8315	8350	21750044	21750009	1.34e-07	67.6
ptg000006l_rc_rotated	ptg000004l_1_1_1	100.000	36	0	0	8271	8306	37096389	37096354	1.34e-07	67.6
ptg000006l_rc_rotated	ptg000004l_1_1_1	90.000	50	5	0	10064	10113	26900294	26900245	4.82e-07	65.8
ptg000006l_rc_rotated	ptg000004l_1_1_1	90.000	50	5	0	9918	9967	26900294	26900245	4.82e-07	65.8
ptg000006l_rc_rotated	ptg000004l_1_1_1	90.000	50	5	0	9772	9821	26900294	26900245	4.82e-07	65.8
ptg000006l_rc_rotated	ptg000004l_1_1_1	90.000	50	5	0	9626	9675	26900294	26900245	4.82e-07	65.8
ptg000006l_rc_rotated	ptg000004l_1_1_1	90.000	50	5	0	9480	9529	26900294	26900245	4.82e-07	65.8
ptg000006l_rc_rotated	ptg000004l_1_1_1	90.000	50	5	0	9334	9383	26900294	26900245	4.82e-07	65.8
ptg000006l_rc_rotated	ptg000004l_1_1_1	90.000	50	5	0	9188	9237	26900294	26900245	4.82e-07	65.8
ptg000006l_rc_rotated	ptg000004l_1_1_1	90.000	50	5	0	8896	8945	26900294	26900245	4.82e-07	65.8
ptg000006l_rc_rotated	ptg000004l_1_1_1	90.000	50	5	0	8750	8799	26900294	26900245	4.82e-07	65.8
ptg000006l_rc_rotated	ptg000004l_1_1_1	90.000	50	5	0	8458	8507	26900294	26900245	4.82e-07	65.8
ptg000006l_rc_rotated	ptg000004l_1_1_1	90.000	50	5	0	8312	8361	26900294	26900245	4.82e-07	65.8
ptg000006l_rc_rotated	ptg000004l_1_1_1	90.000	50	5	0	9042	9091	37096411	37096362	4.82e-07	65.8
ptg000006l_rc_rotated	ptg000004l_1_1_1	93.333	45	1	2	8318	8361	55291173	55291216	4.82e-07	65.8
ptg000006l_rc_rotated	ptg000004l_1_1_1	93.333	45	1	2	8464	8507	55291173	55291216	4.82e-07	65.8
ptg000006l_rc_rotated	ptg000004l_1_1_1	93.333	45	1	2	8756	8799	55291173	55291216	4.82e-07	65.8
ptg000006l_rc_rotated	ptg000004l_1_1_1	93.333	45	1	2	8902	8945	55291173	55291216	4.82e-07	65.8
ptg000006l_rc_rotated	ptg000004l_1_1_1	93.333	45	1	2	9194	9237	55291173	55291216	4.82e-07	65.8
ptg000006l_rc_rotated	ptg000004l_1_1_1	93.333	45	1	2	9340	9383	55291173	55291216	4.82e-07	65.8
ptg000006l_rc_rotated	ptg000004l_1_1_1	93.333	45	1	2	9486	9529	55291173	55291216	4.82e-07	65.8
ptg000006l_rc_rotated	ptg000004l_1_1_1	93.333	45	1	2	9632	9675	55291173	55291216	4.82e-07	65.8
ptg000006l_rc_rotated	ptg000004l_1_1_1	93.333	45	1	2	9778	9821	55291173	55291216	4.82e-07	65.8
ptg000006l_rc_rotated	ptg000004l_1_1_1	93.333	45	1	2	9924	9967	55291173	55291216	4.82e-07	65.8
ptg000006l_rc_rotated	ptg000004l_1_1_1	93.333	45	1	2	10070	10113	55291173	55291216	4.82e-07	65.8
ptg000006l_rc_rotated	ptg000004l_1_1_1	97.297	37	1	0	9024	9060	21750044	21750008	1.73e-06	63.9
ptg000006l_rc_rotated	ptg000004l_1_1_1	97.297	37	1	0	8586	8622	21750044	21750008	1.73e-06	63.9
ptg000006l_rc_rotated	ptg000004l_1_1_1	97.297	37	1	0	8440	8476	21750044	21750008	1.73e-06	63.9
ptg000006l_rc_rotated	ptg000004l_1_1_1	97.297	37	1	0	8419	8455	21750044	21750008	1.73e-06	63.9
ptg000006l_rc_rotated	ptg000004l_1_1_1	100.000	34	0	0	8818	8851	21750041	21750008	1.73e-06	63.9
ptg000006l_rc_rotated	ptg000004l_1_1_1	100.000	34	0	0	8380	8413	21750041	21750008	1.73e-06	63.9
ptg000006l_rc_rotated	ptg000004l_1_1_1	100.000	33	0	0	11371	11403	21679627	21679659	6.24e-06	62.1
ptg000006l_rc_rotated	ptg000004l_1_1_1	97.222	36	1	0	9108	9143	21750043	21750008	6.24e-06	62.1
ptg000006l_rc_rotated	ptg000004l_1_1_1	97.222	36	1	0	8524	8559	21750043	21750008	6.24e-06	62.1
ptg000006l_rc_rotated	ptg000004l_1_1_1	97.222	36	1	0	9045	9080	21750044	21750009	6.24e-06	62.1
ptg000006l_rc_rotated	ptg000004l_1_1_1	100.000	33	0	0	10130	10162	37096386	37096354	6.24e-06	62.1
ptg000006l_rc_rotated	ptg000004l_1_1_1	100.000	33	0	0	9984	10016	37096386	37096354	6.24e-06	62.1
ptg000006l_rc_rotated	ptg000004l_1_1_1	100.000	33	0	0	9838	9870	37096386	37096354	6.24e-06	62.1
ptg000006l_rc_rotated	ptg000004l_1_1_1	100.000	33	0	0	9692	9724	37096386	37096354	6.24e-06	62.1
ptg000006l_rc_rotated	ptg000004l_1_1_1	100.000	33	0	0	9546	9578	37096386	37096354	6.24e-06	62.1
ptg000006l_rc_rotated	ptg000004l_1_1_1	100.000	33	0	0	9400	9432	37096386	37096354	6.24e-06	62.1
ptg000006l_rc_rotated	ptg000004l_1_1_1	100.000	33	0	0	9254	9286	37096386	37096354	6.24e-06	62.1
ptg000006l_rc_rotated	ptg000004l_1_1_1	100.000	33	0	0	8962	8994	37096386	37096354	6.24e-06	62.1
ptg000006l_rc_rotated	ptg000004l_1_1_1	100.000	33	0	0	8670	8702	37096386	37096354	6.24e-06	62.1
ptg000006l_rc_rotated	ptg000004l_1_1_1	100.000	33	0	0	4962	4994	41107191	41107159	6.24e-06	62.1
ptg000006l_rc_rotated	ptg000004l_1_1_1	100.000	32	0	0	10009	10040	2839466	2839435	2.24e-05	60.2
ptg000006l_rc_rotated	ptg000004l_1_1_1	100.000	32	0	0	9571	9602	2839466	2839435	2.24e-05	60.2
ptg000006l_rc_rotated	ptg000004l_1_1_1	100.000	32	0	0	10213	10244	21750044	21750013	2.24e-05	60.2
ptg000006l_rc_rotated	ptg000004l_1_1_1	97.143	35	1	0	10210	10244	37096411	37096377	2.24e-05	60.2
ptg000006l_rc_rotated	ptg000004l_1_1_1	91.111	45	2	2	9048	9091	55291173	55291216	2.24e-05	60.2
ptg000006l_rc_rotated	ptg000004l_1_1_1	100.000	31	0	0	8818	8848	37096384	37096354	8.07e-05	58.4
ptg000006l_rc_rotated	ptg000004l_1_1_1	100.000	31	0	0	8380	8410	37096384	37096354	8.07e-05	58.4
ptg000006l_rc_rotated	ptg000004l_1_1_1	100.000	31	0	0	10214	10244	44772860	44772830	8.07e-05	58.4
ptg000006l_rc_rotated	ptg000004l_1_1_1	96.970	33	1	0	10210	10242	26900294	26900262	2.90e-04	56.5
ptg000006l_rc_rotated	ptg000004l_1_1_1	100.000	29	0	0	10216	10244	55291173	55291201	0.001	54.7
ptg000006l_rc_rotated	ptg000004l_1_1_1	92.105	38	3	0	4511	4548	56912987	56912950	0.001	54.7
ptg000006l_rc_rotated	ptg000004l_1_1_1	100.000	28	0	0	10211	10238	2125369	2125342	0.004	52.8
ptg000006l_rc_rotated	ptg000004l_1_1_1	100.000	28	0	0	10190	10217	2125369	2125342	0.004	52.8
ptg000006l_rc_rotated	ptg000004l_1_1_1	100.000	28	0	0	10169	10196	2125369	2125342	0.004	52.8
ptg000006l_rc_rotated	ptg000004l_1_1_1	100.000	28	0	0	10148	10175	2125369	2125342	0.004	52.8
ptg000006l_rc_rotated	ptg000004l_1_1_1	100.000	28	0	0	10065	10092	2125369	2125342	0.004	52.8
ptg000006l_rc_rotated	ptg000004l_1_1_1	100.000	28	0	0	10044	10071	2125369	2125342	0.004	52.8
ptg000006l_rc_rotated	ptg000004l_1_1_1	100.000	28	0	0	10023	10050	2125369	2125342	0.004	52.8
ptg000006l_rc_rotated	ptg000004l_1_1_1	100.000	28	0	0	9919	9946	2125369	2125342	0.004	52.8
ptg000006l_rc_rotated	ptg000004l_1_1_1	100.000	28	0	0	9898	9925	2125369	2125342	0.004	52.8
ptg000006l_rc_rotated	ptg000004l_1_1_1	100.000	28	0	0	9877	9904	2125369	2125342	0.004	52.8
ptg000006l_rc_rotated	ptg000004l_1_1_1	100.000	28	0	0	9856	9883	2125369	2125342	0.004	52.8
ptg000006l_rc_rotated	ptg000004l_1_1_1	100.000	28	0	0	9773	9800	2125369	2125342	0.004	52.8
ptg000006l_rc_rotated	ptg000004l_1_1_1	100.000	28	0	0	9752	9779	2125369	2125342	0.004	52.8
ptg000006l_rc_rotated	ptg000004l_1_1_1	100.000	28	0	0	9731	9758	2125369	2125342	0.004	52.8
ptg000006l_rc_rotated	ptg000004l_1_1_1	100.000	28	0	0	9710	9737	2125369	2125342	0.004	52.8
ptg000006l_rc_rotated	ptg000004l_1_1_1	100.000	28	0	0	9627	9654	2125369	2125342	0.004	52.8
ptg000006l_rc_rotated	ptg000004l_1_1_1	100.000	28	0	0	9606	9633	2125369	2125342	0.004	52.8
ptg000006l_rc_rotated	ptg000004l_1_1_1	100.000	28	0	0	9585	9612	2125369	2125342	0.004	52.8
ptg000006l_rc_rotated	ptg000004l_1_1_1	100.000	28	0	0	9481	9508	2125369	2125342	0.004	52.8
ptg000006l_rc_rotated	ptg000004l_1_1_1	100.000	28	0	0	9460	9487	2125369	2125342	0.004	52.8
ptg000006l_rc_rotated	ptg000004l_1_1_1	100.000	28	0	0	9439	9466	2125369	2125342	0.004	52.8
ptg000006l_rc_rotated	ptg000004l_1_1_1	100.000	28	0	0	9418	9445	2125369	2125342	0.004	52.8
ptg000006l_rc_rotated	ptg000004l_1_1_1	100.000	28	0	0	9335	9362	2125369	2125342	0.004	52.8
ptg000006l_rc_rotated	ptg000004l_1_1_1	100.000	28	0	0	9314	9341	2125369	2125342	0.004	52.8
ptg000006l_rc_rotated	ptg000004l_1_1_1	100.000	28	0	0	9293	9320	2125369	2125342	0.004	52.8
ptg000006l_rc_rotated	ptg000004l_1_1_1	100.000	28	0	0	9272	9299	2125369	2125342	0.004	52.8
ptg000006l_rc_rotated	ptg000004l_1_1_1	100.000	28	0	0	9189	9216	2125369	2125342	0.004	52.8
ptg000006l_rc_rotated	ptg000004l_1_1_1	100.000	28	0	0	9168	9195	2125369	2125342	0.004	52.8
ptg000006l_rc_rotated	ptg000004l_1_1_1	100.000	28	0	0	9147	9174	2125369	2125342	0.004	52.8
ptg000006l_rc_rotated	ptg000004l_1_1_1	100.000	28	0	0	9126	9153	2125369	2125342	0.004	52.8
ptg000006l_rc_rotated	ptg000004l_1_1_1	100.000	28	0	0	9022	9049	2125369	2125342	0.004	52.8
ptg000006l_rc_rotated	ptg000004l_1_1_1	100.000	28	0	0	9001	9028	2125369	2125342	0.004	52.8
ptg000006l_rc_rotated	ptg000004l_1_1_1	100.000	28	0	0	8980	9007	2125369	2125342	0.004	52.8
ptg000006l_rc_rotated	ptg000004l_1_1_1	100.000	28	0	0	8897	8924	2125369	2125342	0.004	52.8
ptg000006l_rc_rotated	ptg000004l_1_1_1	100.000	28	0	0	8876	8903	2125369	2125342	0.004	52.8
ptg000006l_rc_rotated	ptg000004l_1_1_1	100.000	28	0	0	8855	8882	2125369	2125342	0.004	52.8
ptg000006l_rc_rotated	ptg000004l_1_1_1	100.000	28	0	0	8834	8861	2125369	2125342	0.004	52.8
ptg000006l_rc_rotated	ptg000004l_1_1_1	100.000	28	0	0	8751	8778	2125369	2125342	0.004	52.8
ptg000006l_rc_rotated	ptg000004l_1_1_1	100.000	28	0	0	8730	8757	2125369	2125342	0.004	52.8
ptg000006l_rc_rotated	ptg000004l_1_1_1	100.000	28	0	0	8709	8736	2125369	2125342	0.004	52.8
ptg000006l_rc_rotated	ptg000004l_1_1_1	100.000	28	0	0	8688	8715	2125369	2125342	0.004	52.8
ptg000006l_rc_rotated	ptg000004l_1_1_1	100.000	28	0	0	8584	8611	2125369	2125342	0.004	52.8
ptg000006l_rc_rotated	ptg000004l_1_1_1	100.000	28	0	0	8563	8590	2125369	2125342	0.004	52.8
ptg000006l_rc_rotated	ptg000004l_1_1_1	100.000	28	0	0	8542	8569	2125369	2125342	0.004	52.8
ptg000006l_rc_rotated	ptg000004l_1_1_1	100.000	28	0	0	8459	8486	2125369	2125342	0.004	52.8
ptg000006l_rc_rotated	ptg000004l_1_1_1	100.000	28	0	0	8417	8444	2125369	2125342	0.004	52.8
ptg000006l_rc_rotated	ptg000004l_1_1_1	100.000	28	0	0	8396	8423	2125369	2125342	0.004	52.8
ptg000006l_rc_rotated	ptg000004l_1_1_1	100.000	28	0	0	8313	8340	2125369	2125342	0.004	52.8
ptg000006l_rc_rotated	ptg000004l_1_1_1	100.000	28	0	0	8292	8319	2125369	2125342	0.004	52.8
ptg000006l_rc_rotated	ptg000038l_1_1_1	88.776	392	42	2	2337	2728	17678610	17678221	1.45e-131	479
ptg000006l_rc_rotated	ptg000038l_1_1_1	87.097	217	22	5	12904	13118	22837842	22838054	7.46e-60	241
ptg000006l_rc_rotated	ptg000038l_1_1_1	85.714	217	31	0	951	1167	16647938	16647722	1.62e-56	230
ptg000006l_rc_rotated	ptg000038l_1_1_1	90.909	165	13	2	12085	12248	25195326	25195489	9.72e-54	220
ptg000006l_rc_rotated	ptg000038l_1_1_1	89.634	164	14	3	10043	10204	16647623	16647461	2.72e-49	206
ptg000006l_rc_rotated	ptg000038l_1_1_1	89.634	164	14	3	9751	9912	16647623	16647461	2.72e-49	206
ptg000006l_rc_rotated	ptg000038l_1_1_1	89.634	164	14	3	9605	9766	16647623	16647461	2.72e-49	206
ptg000006l_rc_rotated	ptg000038l_1_1_1	89.634	164	14	3	9313	9474	16647623	16647461	2.72e-49	206
ptg000006l_rc_rotated	ptg000038l_1_1_1	89.634	164	14	3	9167	9328	16647623	16647461	2.72e-49	206
ptg000006l_rc_rotated	ptg000038l_1_1_1	89.634	164	14	3	8875	9036	16647623	16647461	2.72e-49	206
ptg000006l_rc_rotated	ptg000038l_1_1_1	89.024	164	15	3	9897	10058	16647623	16647461	1.27e-47	200
ptg000006l_rc_rotated	ptg000038l_1_1_1	89.024	164	15	3	9459	9620	16647623	16647461	1.27e-47	200
ptg000006l_rc_rotated	ptg000038l_1_1_1	89.024	164	15	3	8729	8890	16647623	16647461	1.27e-47	200
ptg000006l_rc_rotated	ptg000038l_1_1_1	89.024	164	15	3	8437	8598	16647623	16647461	1.27e-47	200
ptg000006l_rc_rotated	ptg000038l_1_1_1	88.415	164	16	3	8291	8452	16647623	16647461	5.89e-46	195
ptg000006l_rc_rotated	ptg000038l_1_1_1	94.393	107	5	1	2483	2588	11189910	11190016	1.66e-36	163
ptg000006l_rc_rotated	ptg000038l_1_1_1	82.424	165	24	5	10064	10225	16647623	16647461	2.80e-29	139
ptg000006l_rc_rotated	ptg000038l_1_1_1	82.424	165	24	5	9772	9933	16647623	16647461	2.80e-29	139
ptg000006l_rc_rotated	ptg000038l_1_1_1	82.424	165	24	5	9626	9787	16647623	16647461	2.80e-29	139
ptg000006l_rc_rotated	ptg000038l_1_1_1	82.424	165	24	5	9334	9495	16647623	16647461	2.80e-29	139
ptg000006l_rc_rotated	ptg000038l_1_1_1	82.424	165	24	5	9188	9349	16647623	16647461	2.80e-29	139
ptg000006l_rc_rotated	ptg000038l_1_1_1	82.530	166	22	7	9042	9203	16647623	16647461	2.80e-29	139
ptg000006l_rc_rotated	ptg000038l_1_1_1	82.424	165	24	5	8458	8619	16647623	16647461	2.80e-29	139
ptg000006l_rc_rotated	ptg000038l_1_1_1	92.473	93	7	0	2433	2525	5454998	5455090	1.30e-27	134
ptg000006l_rc_rotated	ptg000038l_1_1_1	81.818	165	25	5	9918	10079	16647623	16647461	1.30e-27	134
ptg000006l_rc_rotated	ptg000038l_1_1_1	81.818	165	25	5	9480	9641	16647623	16647461	1.30e-27	134
ptg000006l_rc_rotated	ptg000038l_1_1_1	81.818	165	25	5	8896	9057	16647623	16647461	1.30e-27	134
ptg000006l_rc_rotated	ptg000038l_1_1_1	81.818	165	25	5	8750	8911	16647623	16647461	1.30e-27	134
ptg000006l_rc_rotated	ptg000038l_1_1_1	81.212	165	26	5	8312	8473	16647623	16647461	6.06e-26	128
ptg000006l_rc_rotated	ptg000038l_1_1_1	93.023	86	6	0	4043	4128	24008058	24008143	2.18e-25	126
ptg000006l_rc_rotated	ptg000038l_1_1_1	80.435	184	14	9	8562	8744	16647623	16647461	1.01e-23	121
ptg000006l_rc_rotated	ptg000038l_1_1_1	95.890	73	3	0	8195	8267	4223523	4223595	3.65e-23	119
ptg000006l_rc_rotated	ptg000038l_1_1_1	95.890	73	2	1	8281	8353	16571674	16571745	1.31e-22	117
ptg000006l_rc_rotated	ptg000038l_1_1_1	95.890	73	2	1	8719	8791	16571674	16571745	1.31e-22	117
ptg000006l_rc_rotated	ptg000038l_1_1_1	95.890	73	2	1	8865	8937	16571674	16571745	1.31e-22	117
ptg000006l_rc_rotated	ptg000038l_1_1_1	95.890	73	2	1	9157	9229	16571674	16571745	1.31e-22	117
ptg000006l_rc_rotated	ptg000038l_1_1_1	95.890	73	2	1	9303	9375	16571674	16571745	1.31e-22	117
ptg000006l_rc_rotated	ptg000038l_1_1_1	95.890	73	2	1	9449	9521	16571674	16571745	1.31e-22	117
ptg000006l_rc_rotated	ptg000038l_1_1_1	95.890	73	2	1	9595	9667	16571674	16571745	1.31e-22	117
ptg000006l_rc_rotated	ptg000038l_1_1_1	95.890	73	2	1	9741	9813	16571674	16571745	1.31e-22	117
ptg000006l_rc_rotated	ptg000038l_1_1_1	95.890	73	2	1	9887	9959	16571674	16571745	1.31e-22	117
ptg000006l_rc_rotated	ptg000038l_1_1_1	95.890	73	2	1	10033	10105	16571674	16571745	1.31e-22	117
ptg000006l_rc_rotated	ptg000038l_1_1_1	97.101	69	1	1	8531	8599	16571674	16571741	4.72e-22	115
ptg000006l_rc_rotated	ptg000038l_1_1_1	97.101	69	1	1	8677	8745	16571674	16571741	4.72e-22	115
ptg000006l_rc_rotated	ptg000038l_1_1_1	97.101	69	1	1	8698	8766	16571674	16571741	4.72e-22	115
ptg000006l_rc_rotated	ptg000038l_1_1_1	97.101	69	1	1	8823	8891	16571674	16571741	4.72e-22	115
ptg000006l_rc_rotated	ptg000038l_1_1_1	97.101	69	1	1	8844	8912	16571674	16571741	4.72e-22	115
ptg000006l_rc_rotated	ptg000038l_1_1_1	97.101	69	1	1	8969	9037	16571674	16571741	4.72e-22	115
ptg000006l_rc_rotated	ptg000038l_1_1_1	97.101	69	1	1	9136	9204	16571674	16571741	4.72e-22	115
ptg000006l_rc_rotated	ptg000038l_1_1_1	97.101	69	1	1	9261	9329	16571674	16571741	4.72e-22	115
ptg000006l_rc_rotated	ptg000038l_1_1_1	97.101	69	1	1	9282	9350	16571674	16571741	4.72e-22	115
ptg000006l_rc_rotated	ptg000038l_1_1_1	97.101	69	1	1	9407	9475	16571674	16571741	4.72e-22	115
ptg000006l_rc_rotated	ptg000038l_1_1_1	97.101	69	1	1	9428	9496	16571674	16571741	4.72e-22	115
ptg000006l_rc_rotated	ptg000038l_1_1_1	97.101	69	1	1	9699	9767	16571674	16571741	4.72e-22	115
ptg000006l_rc_rotated	ptg000038l_1_1_1	97.101	69	1	1	9720	9788	16571674	16571741	4.72e-22	115
ptg000006l_rc_rotated	ptg000038l_1_1_1	97.101	69	1	1	9845	9913	16571674	16571741	4.72e-22	115
ptg000006l_rc_rotated	ptg000038l_1_1_1	97.101	69	1	1	9866	9934	16571674	16571741	4.72e-22	115
ptg000006l_rc_rotated	ptg000038l_1_1_1	97.101	69	1	1	10137	10205	16571674	16571741	4.72e-22	115
ptg000006l_rc_rotated	ptg000038l_1_1_1	97.101	69	1	1	10158	10226	16571674	16571741	4.72e-22	115
ptg000006l_rc_rotated	ptg000038l_1_1_1	80.000	185	13	11	9000	9182	16647623	16647461	4.72e-22	115
ptg000006l_rc_rotated	ptg000038l_1_1_1	84.615	117	17	1	8380	8496	16647616	16647501	4.72e-22	115
ptg000006l_rc_rotated	ptg000038l_1_1_1	97.059	68	1	1	9116	9183	16571675	16571741	1.70e-21	113
ptg000006l_rc_rotated	ptg000038l_1_1_1	84.034	119	18	1	9838	9956	16647618	16647501	1.70e-21	113
ptg000006l_rc_rotated	ptg000038l_1_1_1	84.034	119	18	1	9692	9810	16647618	16647501	1.70e-21	113
ptg000006l_rc_rotated	ptg000038l_1_1_1	84.034	119	18	1	9400	9518	16647618	16647501	1.70e-21	113
ptg000006l_rc_rotated	ptg000038l_1_1_1	84.034	119	18	1	9254	9372	16647618	16647501	1.70e-21	113
ptg000006l_rc_rotated	ptg000038l_1_1_1	84.034	119	18	1	8670	8788	16647618	16647501	1.70e-21	113
ptg000006l_rc_rotated	ptg000038l_1_1_1	94.521	73	3	1	9011	9083	16571674	16571745	6.10e-21	111
ptg000006l_rc_rotated	ptg000038l_1_1_1	79.268	164	31	3	9876	10037	16647623	16647461	6.10e-21	111
ptg000006l_rc_rotated	ptg000038l_1_1_1	79.268	164	31	3	9438	9599	16647623	16647461	6.10e-21	111
ptg000006l_rc_rotated	ptg000038l_1_1_1	95.652	69	2	1	8385	8453	16571674	16571741	2.20e-20	110
ptg000006l_rc_rotated	ptg000038l_1_1_1	95.652	69	2	1	8406	8474	16571674	16571741	2.20e-20	110
ptg000006l_rc_rotated	ptg000038l_1_1_1	95.652	69	2	1	8552	8620	16571674	16571741	2.20e-20	110
ptg000006l_rc_rotated	ptg000038l_1_1_1	95.652	69	2	1	8990	9058	16571674	16571741	2.20e-20	110
ptg000006l_rc_rotated	ptg000038l_1_1_1	95.652	69	2	1	9553	9621	16571674	16571741	2.20e-20	110
ptg000006l_rc_rotated	ptg000038l_1_1_1	95.652	69	2	1	9991	10059	16571674	16571741	2.20e-20	110
ptg000006l_rc_rotated	ptg000038l_1_1_1	96.970	66	1	1	10179	10244	16571674	16571738	2.20e-20	110
ptg000006l_rc_rotated	ptg000038l_1_1_1	83.761	117	18	1	8818	8934	16647616	16647501	2.20e-20	110
ptg000006l_rc_rotated	ptg000038l_1_1_1	93.333	75	3	2	216	288	24669371	24669445	2.20e-20	110
ptg000006l_rc_rotated	ptg000038l_1_1_1	83.193	119	19	1	9984	10102	16647618	16647501	7.90e-20	108
ptg000006l_rc_rotated	ptg000038l_1_1_1	83.193	119	19	1	9546	9664	16647618	16647501	7.90e-20	108
ptg000006l_rc_rotated	ptg000038l_1_1_1	83.193	119	19	1	9108	9226	16647618	16647501	7.90e-20	108
ptg000006l_rc_rotated	ptg000038l_1_1_1	83.193	119	19	1	8962	9080	16647618	16647501	7.90e-20	108
ptg000006l_rc_rotated	ptg000038l_1_1_1	84.071	113	17	1	10130	10242	16647618	16647507	7.90e-20	108
ptg000006l_rc_rotated	ptg000038l_1_1_1	93.151	73	4	1	8573	8645	16571674	16571745	2.84e-19	106
ptg000006l_rc_rotated	ptg000038l_1_1_1	78.659	164	32	3	9855	10016	16647623	16647461	2.84e-19	106
ptg000006l_rc_rotated	ptg000038l_1_1_1	78.659	164	32	3	9709	9870	16647623	16647461	2.84e-19	106
ptg000006l_rc_rotated	ptg000038l_1_1_1	78.659	164	32	3	9417	9578	16647623	16647461	2.84e-19	106
ptg000006l_rc_rotated	ptg000038l_1_1_1	78.659	164	32	3	9271	9432	16647623	16647461	2.84e-19	106
ptg000006l_rc_rotated	ptg000038l_1_1_1	78.659	164	32	3	9125	9286	16647623	16647461	2.84e-19	106
ptg000006l_rc_rotated	ptg000038l_1_1_1	78.659	164	32	3	8979	9140	16647623	16647461	2.84e-19	106
ptg000006l_rc_rotated	ptg000038l_1_1_1	78.659	164	32	3	8833	8994	16647623	16647461	2.84e-19	106
ptg000006l_rc_rotated	ptg000038l_1_1_1	78.659	164	32	3	8541	8702	16647623	16647461	2.84e-19	106
ptg000006l_rc_rotated	ptg000038l_1_1_1	78.659	164	32	3	8395	8556	16647623	16647461	2.84e-19	106
ptg000006l_rc_rotated	ptg000038l_1_1_1	82.353	119	20	1	8524	8642	16647618	16647501	3.67e-18	102
ptg000006l_rc_rotated	ptg000038l_1_1_1	78.049	164	33	3	8687	8848	16647623	16647461	1.32e-17	100
ptg000006l_rc_rotated	ptg000038l_1_1_1	90.411	73	4	3	12989	13060	1125945	1125875	2.21e-15	93.5
ptg000006l_rc_rotated	ptg000038l_1_1_1	94.737	57	1	2	12454	12508	23689279	23689223	1.03e-13	87.9
ptg000006l_rc_rotated	ptg000038l_1_1_1	97.959	49	1	0	8302	8350	16571674	16571722	3.70e-13	86.1
ptg000006l_rc_rotated	ptg000038l_1_1_1	97.959	49	1	0	8448	8496	16571674	16571722	3.70e-13	86.1
ptg000006l_rc_rotated	ptg000038l_1_1_1	97.959	49	1	0	8740	8788	16571674	16571722	3.70e-13	86.1
ptg000006l_rc_rotated	ptg000038l_1_1_1	97.959	49	1	0	8886	8934	16571674	16571722	3.70e-13	86.1
ptg000006l_rc_rotated	ptg000038l_1_1_1	97.959	49	1	0	9178	9226	16571674	16571722	3.70e-13	86.1
ptg000006l_rc_rotated	ptg000038l_1_1_1	97.959	49	1	0	9324	9372	16571674	16571722	3.70e-13	86.1
ptg000006l_rc_rotated	ptg000038l_1_1_1	97.959	49	1	0	9470	9518	16571674	16571722	3.70e-13	86.1
ptg000006l_rc_rotated	ptg000038l_1_1_1	97.959	49	1	0	9616	9664	16571674	16571722	3.70e-13	86.1
ptg000006l_rc_rotated	ptg000038l_1_1_1	97.959	49	1	0	9762	9810	16571674	16571722	3.70e-13	86.1
ptg000006l_rc_rotated	ptg000038l_1_1_1	97.959	49	1	0	9908	9956	16571674	16571722	3.70e-13	86.1
ptg000006l_rc_rotated	ptg000038l_1_1_1	97.959	49	1	0	10054	10102	16571674	16571722	3.70e-13	86.1
ptg000006l_rc_rotated	ptg000038l_1_1_1	86.667	75	10	0	2138	2212	2270152	2270226	1.33e-12	84.2
ptg000006l_rc_rotated	ptg000038l_1_1_1	85.185	81	11	1	10147	10226	16647623	16647543	4.79e-12	82.4
ptg000006l_rc_rotated	ptg000038l_1_1_1	87.500	72	8	1	10168	10238	16647623	16647552	4.79e-12	82.4
ptg000006l_rc_rotated	ptg000038l_1_1_1	100.000	43	0	0	8273	8315	16647420	16647462	1.72e-11	80.5
ptg000006l_rc_rotated	ptg000038l_1_1_1	100.000	43	0	0	8294	8336	16647420	16647462	1.72e-11	80.5
ptg000006l_rc_rotated	ptg000038l_1_1_1	100.000	43	0	0	8398	8440	16647420	16647462	1.72e-11	80.5
ptg000006l_rc_rotated	ptg000038l_1_1_1	100.000	43	0	0	8544	8586	16647420	16647462	1.72e-11	80.5
ptg000006l_rc_rotated	ptg000038l_1_1_1	100.000	43	0	0	8565	8607	16647420	16647462	1.72e-11	80.5
ptg000006l_rc_rotated	ptg000038l_1_1_1	100.000	43	0	0	8690	8732	16647420	16647462	1.72e-11	80.5
ptg000006l_rc_rotated	ptg000038l_1_1_1	100.000	43	0	0	8711	8753	16647420	16647462	1.72e-11	80.5
ptg000006l_rc_rotated	ptg000038l_1_1_1	100.000	43	0	0	8732	8774	16647420	16647462	1.72e-11	80.5
ptg000006l_rc_rotated	ptg000038l_1_1_1	100.000	43	0	0	8836	8878	16647420	16647462	1.72e-11	80.5
ptg000006l_rc_rotated	ptg000038l_1_1_1	100.000	43	0	0	8857	8899	16647420	16647462	1.72e-11	80.5
ptg000006l_rc_rotated	ptg000038l_1_1_1	100.000	43	0	0	8878	8920	16647420	16647462	1.72e-11	80.5
ptg000006l_rc_rotated	ptg000038l_1_1_1	100.000	43	0	0	8982	9024	16647420	16647462	1.72e-11	80.5
ptg000006l_rc_rotated	ptg000038l_1_1_1	100.000	43	0	0	9003	9045	16647420	16647462	1.72e-11	80.5
ptg000006l_rc_rotated	ptg000038l_1_1_1	100.000	43	0	0	9128	9170	16647420	16647462	1.72e-11	80.5
ptg000006l_rc_rotated	ptg000038l_1_1_1	100.000	43	0	0	9149	9191	16647420	16647462	1.72e-11	80.5
ptg000006l_rc_rotated	ptg000038l_1_1_1	100.000	43	0	0	9170	9212	16647420	16647462	1.72e-11	80.5
ptg000006l_rc_rotated	ptg000038l_1_1_1	100.000	43	0	0	9274	9316	16647420	16647462	1.72e-11	80.5
ptg000006l_rc_rotated	ptg000038l_1_1_1	100.000	43	0	0	9295	9337	16647420	16647462	1.72e-11	80.5
ptg000006l_rc_rotated	ptg000038l_1_1_1	100.000	43	0	0	9316	9358	16647420	16647462	1.72e-11	80.5
ptg000006l_rc_rotated	ptg000038l_1_1_1	100.000	43	0	0	9420	9462	16647420	16647462	1.72e-11	80.5
ptg000006l_rc_rotated	ptg000038l_1_1_1	100.000	43	0	0	9441	9483	16647420	16647462	1.72e-11	80.5
ptg000006l_rc_rotated	ptg000038l_1_1_1	100.000	43	0	0	9462	9504	16647420	16647462	1.72e-11	80.5
ptg000006l_rc_rotated	ptg000038l_1_1_1	100.000	43	0	0	9587	9629	16647420	16647462	1.72e-11	80.5
ptg000006l_rc_rotated	ptg000038l_1_1_1	100.000	43	0	0	9608	9650	16647420	16647462	1.72e-11	80.5
ptg000006l_rc_rotated	ptg000038l_1_1_1	100.000	43	0	0	9712	9754	16647420	16647462	1.72e-11	80.5
ptg000006l_rc_rotated	ptg000038l_1_1_1	100.000	43	0	0	9733	9775	16647420	16647462	1.72e-11	80.5
ptg000006l_rc_rotated	ptg000038l_1_1_1	100.000	43	0	0	9754	9796	16647420	16647462	1.72e-11	80.5
ptg000006l_rc_rotated	ptg000038l_1_1_1	100.000	43	0	0	9858	9900	16647420	16647462	1.72e-11	80.5
ptg000006l_rc_rotated	ptg000038l_1_1_1	100.000	43	0	0	9879	9921	16647420	16647462	1.72e-11	80.5
ptg000006l_rc_rotated	ptg000038l_1_1_1	100.000	43	0	0	9900	9942	16647420	16647462	1.72e-11	80.5
ptg000006l_rc_rotated	ptg000038l_1_1_1	100.000	43	0	0	10025	10067	16647420	16647462	1.72e-11	80.5
ptg000006l_rc_rotated	ptg000038l_1_1_1	100.000	43	0	0	10046	10088	16647420	16647462	1.72e-11	80.5
ptg000006l_rc_rotated	ptg000038l_1_1_1	100.000	43	0	0	10150	10192	16647420	16647462	1.72e-11	80.5
ptg000006l_rc_rotated	ptg000038l_1_1_1	100.000	43	0	0	10171	10213	16647420	16647462	1.72e-11	80.5
ptg000006l_rc_rotated	ptg000038l_1_1_1	100.000	43	0	0	10192	10234	16647420	16647462	1.72e-11	80.5
ptg000006l_rc_rotated	ptg000038l_1_1_1	95.833	48	2	0	11085	11132	7456780	7456733	6.19e-11	78.7
ptg000006l_rc_rotated	ptg000038l_1_1_1	97.778	45	1	0	10200	10244	16571674	16571718	6.19e-11	78.7
ptg000006l_rc_rotated	ptg000038l_1_1_1	100.000	42	0	0	8670	8711	16647421	16647462	6.19e-11	78.7
ptg000006l_rc_rotated	ptg000038l_1_1_1	100.000	42	0	0	8962	9003	16647421	16647462	6.19e-11	78.7
ptg000006l_rc_rotated	ptg000038l_1_1_1	100.000	42	0	0	9254	9295	16647421	16647462	6.19e-11	78.7
ptg000006l_rc_rotated	ptg000038l_1_1_1	100.000	42	0	0	9400	9441	16647421	16647462	6.19e-11	78.7
ptg000006l_rc_rotated	ptg000038l_1_1_1	100.000	42	0	0	9692	9733	16647421	16647462	6.19e-11	78.7
ptg000006l_rc_rotated	ptg000038l_1_1_1	100.000	42	0	0	9838	9879	16647421	16647462	6.19e-11	78.7
ptg000006l_rc_rotated	ptg000038l_1_1_1	100.000	42	0	0	10130	10171	16647421	16647462	6.19e-11	78.7
ptg000006l_rc_rotated	ptg000038l_1_1_1	91.228	57	4	1	10189	10244	16647623	16647567	2.23e-10	76.8
ptg000006l_rc_rotated	ptg000038l_1_1_1	97.674	43	1	0	8419	8461	16647420	16647462	8.01e-10	75.0
ptg000006l_rc_rotated	ptg000038l_1_1_1	97.674	43	1	0	8440	8482	16647420	16647462	8.01e-10	75.0
ptg000006l_rc_rotated	ptg000038l_1_1_1	97.674	43	1	0	8586	8628	16647420	16647462	8.01e-10	75.0
ptg000006l_rc_rotated	ptg000038l_1_1_1	97.674	43	1	0	9024	9066	16647420	16647462	8.01e-10	75.0
ptg000006l_rc_rotated	ptg000038l_1_1_1	100.000	40	0	0	8380	8419	16647423	16647462	8.01e-10	75.0
ptg000006l_rc_rotated	ptg000038l_1_1_1	100.000	40	0	0	8818	8857	16647423	16647462	8.01e-10	75.0
ptg000006l_rc_rotated	ptg000038l_1_1_1	97.619	42	1	0	8524	8565	16647421	16647462	2.88e-09	73.1
ptg000006l_rc_rotated	ptg000038l_1_1_1	97.619	42	1	0	9108	9149	16647421	16647462	2.88e-09	73.1
ptg000006l_rc_rotated	ptg000038l_1_1_1	97.619	42	1	0	9546	9587	16647421	16647462	2.88e-09	73.1
ptg000006l_rc_rotated	ptg000038l_1_1_1	97.619	42	1	0	9984	10025	16647421	16647462	2.88e-09	73.1
ptg000006l_rc_rotated	ptg000038l_1_1_1	100.000	36	0	0	8315	8350	16647420	16647455	1.34e-07	67.6
ptg000006l_rc_rotated	ptg000038l_1_1_1	100.000	36	0	0	8461	8496	16647420	16647455	1.34e-07	67.6
ptg000006l_rc_rotated	ptg000038l_1_1_1	100.000	36	0	0	8753	8788	16647420	16647455	1.34e-07	67.6
ptg000006l_rc_rotated	ptg000038l_1_1_1	100.000	36	0	0	8899	8934	16647420	16647455	1.34e-07	67.6
ptg000006l_rc_rotated	ptg000038l_1_1_1	100.000	36	0	0	9191	9226	16647420	16647455	1.34e-07	67.6
ptg000006l_rc_rotated	ptg000038l_1_1_1	100.000	36	0	0	9337	9372	16647420	16647455	1.34e-07	67.6
ptg000006l_rc_rotated	ptg000038l_1_1_1	100.000	36	0	0	9483	9518	16647420	16647455	1.34e-07	67.6
ptg000006l_rc_rotated	ptg000038l_1_1_1	100.000	36	0	0	9629	9664	16647420	16647455	1.34e-07	67.6
ptg000006l_rc_rotated	ptg000038l_1_1_1	100.000	36	0	0	9775	9810	16647420	16647455	1.34e-07	67.6
ptg000006l_rc_rotated	ptg000038l_1_1_1	100.000	36	0	0	9921	9956	16647420	16647455	1.34e-07	67.6
ptg000006l_rc_rotated	ptg000038l_1_1_1	100.000	36	0	0	10067	10102	16647420	16647455	1.34e-07	67.6
ptg000006l_rc_rotated	ptg000038l_1_1_1	97.222	36	1	0	9045	9080	16647420	16647455	6.24e-06	62.1
ptg000006l_rc_rotated	ptg000038l_1_1_1	100.000	32	0	0	10213	10244	16647420	16647451	2.24e-05	60.2
ptg000006l_rc_rotated	ptg000038l_1_1_1	100.000	28	0	0	8323	8350	16571674	16571701	0.004	52.8
ptg000006l_rc_rotated	ptg000038l_1_1_1	100.000	28	0	0	8469	8496	16571674	16571701	0.004	52.8
ptg000006l_rc_rotated	ptg000038l_1_1_1	100.000	28	0	0	8761	8788	16571674	16571701	0.004	52.8
ptg000006l_rc_rotated	ptg000038l_1_1_1	100.000	28	0	0	8907	8934	16571674	16571701	0.004	52.8
ptg000006l_rc_rotated	ptg000038l_1_1_1	100.000	28	0	0	9053	9080	16571674	16571701	0.004	52.8
ptg000006l_rc_rotated	ptg000038l_1_1_1	100.000	28	0	0	9199	9226	16571674	16571701	0.004	52.8
ptg000006l_rc_rotated	ptg000038l_1_1_1	100.000	28	0	0	9345	9372	16571674	16571701	0.004	52.8
ptg000006l_rc_rotated	ptg000038l_1_1_1	100.000	28	0	0	9491	9518	16571674	16571701	0.004	52.8
ptg000006l_rc_rotated	ptg000038l_1_1_1	100.000	28	0	0	9637	9664	16571674	16571701	0.004	52.8
ptg000006l_rc_rotated	ptg000038l_1_1_1	100.000	28	0	0	9783	9810	16571674	16571701	0.004	52.8
ptg000006l_rc_rotated	ptg000038l_1_1_1	100.000	28	0	0	9929	9956	16571674	16571701	0.004	52.8
ptg000006l_rc_rotated	ptg000038l_1_1_1	100.000	28	0	0	10075	10102	16571674	16571701	0.004	52.8
ptg000006l_rc_rotated	ptg000013l_1_1_1	90.027	371	34	3	5535	5903	57388657	57389026	5.22e-131	477
ptg000006l_rc_rotated	ptg000013l_1_1_1	86.508	378	33	12	11013	11386	35071227	35071590	1.16e-107	399
ptg000006l_rc_rotated	ptg000013l_1_1_1	81.299	385	57	8	2867	3242	27539476	27539098	4.37e-77	298
ptg000006l_rc_rotated	ptg000013l_1_1_1	84.252	254	38	2	2512	2763	11898172	11897919	1.60e-61	246
ptg000006l_rc_rotated	ptg000013l_1_1_1	89.385	179	18	1	11453	11631	12147407	12147584	7.51e-55	224
ptg000006l_rc_rotated	ptg000013l_1_1_1	92.617	149	5	3	231	376	15738551	15738406	2.10e-50	209
ptg000006l_rc_rotated	ptg000013l_1_1_1	81.301	246	32	5	3210	3455	28084502	28084271	9.86e-44	187
ptg000006l_rc_rotated	ptg000013l_1_1_1	92.188	128	10	0	18354	18481	46605394	46605521	4.59e-42	182
ptg000006l_rc_rotated	ptg000013l_1_1_1	86.503	163	22	0	3307	3469	7051622	7051784	1.65e-41	180
ptg000006l_rc_rotated	ptg000013l_1_1_1	87.500	136	14	2	12405	12537	512736	512871	1.00e-33	154
ptg000006l_rc_rotated	ptg000013l_1_1_1	86.957	138	14	3	8879	9014	58270239	58270374	3.60e-33	152
ptg000006l_rc_rotated	ptg000013l_1_1_1	86.957	138	14	3	9025	9160	58270239	58270374	3.60e-33	152
ptg000006l_rc_rotated	ptg000013l_1_1_1	86.957	138	14	3	9171	9306	58270239	58270374	3.60e-33	152
ptg000006l_rc_rotated	ptg000013l_1_1_1	86.957	138	14	3	9317	9452	58270239	58270374	3.60e-33	152
ptg000006l_rc_rotated	ptg000013l_1_1_1	86.957	138	14	3	9609	9744	58270239	58270374	3.60e-33	152
ptg000006l_rc_rotated	ptg000013l_1_1_1	86.957	138	14	3	9755	9890	58270239	58270374	3.60e-33	152
ptg000006l_rc_rotated	ptg000013l_1_1_1	86.957	138	14	3	10047	10182	58270239	58270374	3.60e-33	152
ptg000006l_rc_rotated	ptg000013l_1_1_1	87.313	134	13	4	12611	12741	23276488	23276356	1.29e-32	150
ptg000006l_rc_rotated	ptg000013l_1_1_1	86.232	138	15	3	8295	8430	58270239	58270374	1.67e-31	147
ptg000006l_rc_rotated	ptg000013l_1_1_1	86.232	138	15	3	8733	8868	58270239	58270374	1.67e-31	147
ptg000006l_rc_rotated	ptg000013l_1_1_1	86.232	138	15	3	9463	9598	58270239	58270374	1.67e-31	147
ptg000006l_rc_rotated	ptg000013l_1_1_1	86.232	138	15	3	9901	10036	58270239	58270374	1.67e-31	147
ptg000006l_rc_rotated	ptg000013l_1_1_1	85.507	138	16	3	8441	8576	58270239	58270374	7.79e-30	141
ptg000006l_rc_rotated	ptg000013l_1_1_1	85.827	127	12	5	4	127	14530407	14530284	1.69e-26	130
ptg000006l_rc_rotated	ptg000013l_1_1_1	91.860	86	6	1	13453	13538	11187694	11187610	3.65e-23	119
ptg000006l_rc_rotated	ptg000013l_1_1_1	95.775	71	3	0	4583	4653	55966108	55966038	4.72e-22	115
ptg000006l_rc_rotated	ptg000013l_1_1_1	98.438	64	1	0	8273	8336	6113606	6113669	1.70e-21	113
ptg000006l_rc_rotated	ptg000013l_1_1_1	98.438	64	1	0	8544	8607	6113606	6113669	1.70e-21	113
ptg000006l_rc_rotated	ptg000013l_1_1_1	98.438	64	1	0	8690	8753	6113606	6113669	1.70e-21	113
ptg000006l_rc_rotated	ptg000013l_1_1_1	98.438	64	1	0	8711	8774	6113606	6113669	1.70e-21	113
ptg000006l_rc_rotated	ptg000013l_1_1_1	98.438	64	1	0	8836	8899	6113606	6113669	1.70e-21	113
ptg000006l_rc_rotated	ptg000013l_1_1_1	98.438	64	1	0	8857	8920	6113606	6113669	1.70e-21	113
ptg000006l_rc_rotated	ptg000013l_1_1_1	98.438	64	1	0	8982	9045	6113606	6113669	1.70e-21	113
ptg000006l_rc_rotated	ptg000013l_1_1_1	98.438	64	1	0	9128	9191	6113606	6113669	1.70e-21	113
ptg000006l_rc_rotated	ptg000013l_1_1_1	98.438	64	1	0	9149	9212	6113606	6113669	1.70e-21	113
ptg000006l_rc_rotated	ptg000013l_1_1_1	98.438	64	1	0	9274	9337	6113606	6113669	1.70e-21	113
ptg000006l_rc_rotated	ptg000013l_1_1_1	98.438	64	1	0	9295	9358	6113606	6113669	1.70e-21	113
ptg000006l_rc_rotated	ptg000013l_1_1_1	98.438	64	1	0	9420	9483	6113606	6113669	1.70e-21	113
ptg000006l_rc_rotated	ptg000013l_1_1_1	98.438	64	1	0	9441	9504	6113606	6113669	1.70e-21	113
ptg000006l_rc_rotated	ptg000013l_1_1_1	98.438	64	1	0	9587	9650	6113606	6113669	1.70e-21	113
ptg000006l_rc_rotated	ptg000013l_1_1_1	98.438	64	1	0	9712	9775	6113606	6113669	1.70e-21	113
ptg000006l_rc_rotated	ptg000013l_1_1_1	98.438	64	1	0	9733	9796	6113606	6113669	1.70e-21	113
ptg000006l_rc_rotated	ptg000013l_1_1_1	98.438	64	1	0	9858	9921	6113606	6113669	1.70e-21	113
ptg000006l_rc_rotated	ptg000013l_1_1_1	98.438	64	1	0	9879	9942	6113606	6113669	1.70e-21	113
ptg000006l_rc_rotated	ptg000013l_1_1_1	98.438	64	1	0	10025	10088	6113606	6113669	1.70e-21	113
ptg000006l_rc_rotated	ptg000013l_1_1_1	98.438	64	1	0	10150	10213	6113606	6113669	1.70e-21	113
ptg000006l_rc_rotated	ptg000013l_1_1_1	98.438	64	1	0	10171	10234	6113606	6113669	1.70e-21	113
ptg000006l_rc_rotated	ptg000013l_1_1_1	94.444	72	4	0	8661	8732	6113598	6113669	6.10e-21	111
ptg000006l_rc_rotated	ptg000013l_1_1_1	94.444	72	4	0	8953	9024	6113598	6113669	6.10e-21	111
ptg000006l_rc_rotated	ptg000013l_1_1_1	94.444	72	4	0	9245	9316	6113598	6113669	6.10e-21	111
ptg000006l_rc_rotated	ptg000013l_1_1_1	94.444	72	4	0	9391	9462	6113598	6113669	6.10e-21	111
ptg000006l_rc_rotated	ptg000013l_1_1_1	94.444	72	4	0	9683	9754	6113598	6113669	6.10e-21	111
ptg000006l_rc_rotated	ptg000013l_1_1_1	94.444	72	4	0	9829	9900	6113598	6113669	6.10e-21	111
ptg000006l_rc_rotated	ptg000013l_1_1_1	94.444	72	4	0	10121	10192	6113598	6113669	6.10e-21	111
ptg000006l_rc_rotated	ptg000013l_1_1_1	96.875	64	2	0	8294	8357	6113606	6113669	7.90e-20	108
ptg000006l_rc_rotated	ptg000013l_1_1_1	96.875	64	2	0	8398	8461	6113606	6113669	7.90e-20	108
ptg000006l_rc_rotated	ptg000013l_1_1_1	96.875	64	2	0	8419	8482	6113606	6113669	7.90e-20	108
ptg000006l_rc_rotated	ptg000013l_1_1_1	96.875	64	2	0	8565	8628	6113606	6113669	7.90e-20	108
ptg000006l_rc_rotated	ptg000013l_1_1_1	96.875	64	2	0	8732	8795	6113606	6113669	7.90e-20	108
ptg000006l_rc_rotated	ptg000013l_1_1_1	96.875	64	2	0	8878	8941	6113606	6113669	7.90e-20	108
ptg000006l_rc_rotated	ptg000013l_1_1_1	96.875	64	2	0	9003	9066	6113606	6113669	7.90e-20	108
ptg000006l_rc_rotated	ptg000013l_1_1_1	96.875	64	2	0	9170	9233	6113606	6113669	7.90e-20	108
ptg000006l_rc_rotated	ptg000013l_1_1_1	96.875	64	2	0	9316	9379	6113606	6113669	7.90e-20	108
ptg000006l_rc_rotated	ptg000013l_1_1_1	96.875	64	2	0	9462	9525	6113606	6113669	7.90e-20	108
ptg000006l_rc_rotated	ptg000013l_1_1_1	96.875	64	2	0	9566	9629	6113606	6113669	7.90e-20	108
ptg000006l_rc_rotated	ptg000013l_1_1_1	96.875	64	2	0	9608	9671	6113606	6113669	7.90e-20	108
ptg000006l_rc_rotated	ptg000013l_1_1_1	96.875	64	2	0	9754	9817	6113606	6113669	7.90e-20	108
ptg000006l_rc_rotated	ptg000013l_1_1_1	96.875	64	2	0	9900	9963	6113606	6113669	7.90e-20	108
ptg000006l_rc_rotated	ptg000013l_1_1_1	96.875	64	2	0	10004	10067	6113606	6113669	7.90e-20	108
ptg000006l_rc_rotated	ptg000013l_1_1_1	96.875	64	2	0	10046	10109	6113606	6113669	7.90e-20	108
ptg000006l_rc_rotated	ptg000013l_1_1_1	98.361	61	1	0	8380	8440	6113609	6113669	7.90e-20	108
ptg000006l_rc_rotated	ptg000013l_1_1_1	98.361	61	1	0	8818	8878	6113609	6113669	7.90e-20	108
ptg000006l_rc_rotated	ptg000013l_1_1_1	100.000	58	0	0	4016	4073	17111371	17111428	7.90e-20	108
ptg000006l_rc_rotated	ptg000013l_1_1_1	93.056	72	5	0	8515	8586	6113598	6113669	2.84e-19	106
ptg000006l_rc_rotated	ptg000013l_1_1_1	93.056	72	5	0	9099	9170	6113598	6113669	2.84e-19	106
ptg000006l_rc_rotated	ptg000013l_1_1_1	93.056	72	5	0	9537	9608	6113598	6113669	2.84e-19	106
ptg000006l_rc_rotated	ptg000013l_1_1_1	93.056	72	5	0	9975	10046	6113598	6113669	2.84e-19	106
ptg000006l_rc_rotated	ptg000013l_1_1_1	95.312	64	3	0	8440	8503	6113606	6113669	3.67e-18	102
ptg000006l_rc_rotated	ptg000013l_1_1_1	95.312	64	3	0	9024	9087	6113606	6113669	3.67e-18	102
ptg000006l_rc_rotated	ptg000013l_1_1_1	96.667	60	2	0	8423	8482	41011611	41011670	1.32e-17	100
ptg000006l_rc_rotated	ptg000013l_1_1_1	96.667	60	2	0	8527	8586	41011611	41011670	1.32e-17	100
ptg000006l_rc_rotated	ptg000013l_1_1_1	100.000	53	0	0	10192	10244	6113606	6113658	4.75e-17	99.0
ptg000006l_rc_rotated	ptg000013l_1_1_1	93.750	64	4	0	8586	8649	6113606	6113669	1.71e-16	97.1
ptg000006l_rc_rotated	ptg000013l_1_1_1	96.552	58	2	0	2432	2489	19751494	19751437	1.71e-16	97.1
ptg000006l_rc_rotated	ptg000013l_1_1_1	90.411	73	7	0	9953	10025	46272533	46272461	1.71e-16	97.1
ptg000006l_rc_rotated	ptg000013l_1_1_1	90.411	73	7	0	9515	9587	46272533	46272461	1.71e-16	97.1
ptg000006l_rc_rotated	ptg000013l_1_1_1	93.750	64	4	0	10099	10162	46272533	46272470	1.71e-16	97.1
ptg000006l_rc_rotated	ptg000013l_1_1_1	93.750	64	4	0	9807	9870	46272533	46272470	1.71e-16	97.1
ptg000006l_rc_rotated	ptg000013l_1_1_1	93.750	64	4	0	9661	9724	46272533	46272470	1.71e-16	97.1
ptg000006l_rc_rotated	ptg000013l_1_1_1	93.750	64	4	0	9369	9432	46272533	46272470	1.71e-16	97.1
ptg000006l_rc_rotated	ptg000013l_1_1_1	93.750	64	4	0	9223	9286	46272533	46272470	1.71e-16	97.1
ptg000006l_rc_rotated	ptg000013l_1_1_1	93.750	64	4	0	8931	8994	46272533	46272470	1.71e-16	97.1
ptg000006l_rc_rotated	ptg000013l_1_1_1	93.750	64	4	0	8639	8702	46272533	46272470	1.71e-16	97.1
ptg000006l_rc_rotated	ptg000013l_1_1_1	79.710	138	24	4	8462	8597	58270239	58270374	1.71e-16	97.1
ptg000006l_rc_rotated	ptg000013l_1_1_1	95.000	60	3	0	11326	11385	31255937	31255878	6.15e-16	95.3
ptg000006l_rc_rotated	ptg000013l_1_1_1	93.750	64	3	1	8378	8440	41011607	41011670	6.15e-16	95.3
ptg000006l_rc_rotated	ptg000013l_1_1_1	93.750	64	3	1	8816	8878	41011607	41011670	6.15e-16	95.3
ptg000006l_rc_rotated	ptg000013l_1_1_1	95.000	60	3	0	8277	8336	41011611	41011670	6.15e-16	95.3
ptg000006l_rc_rotated	ptg000013l_1_1_1	95.000	60	3	0	8548	8607	41011611	41011670	6.15e-16	95.3
ptg000006l_rc_rotated	ptg000013l_1_1_1	95.000	60	3	0	8673	8732	41011611	41011670	6.15e-16	95.3
ptg000006l_rc_rotated	ptg000013l_1_1_1	95.000	60	3	0	8694	8753	41011611	41011670	6.15e-16	95.3
ptg000006l_rc_rotated	ptg000013l_1_1_1	95.000	60	3	0	8715	8774	41011611	41011670	6.15e-16	95.3
ptg000006l_rc_rotated	ptg000013l_1_1_1	95.000	60	3	0	8840	8899	41011611	41011670	6.15e-16	95.3
ptg000006l_rc_rotated	ptg000013l_1_1_1	95.000	60	3	0	8861	8920	41011611	41011670	6.15e-16	95.3
ptg000006l_rc_rotated	ptg000013l_1_1_1	95.000	60	3	0	8965	9024	41011611	41011670	6.15e-16	95.3
ptg000006l_rc_rotated	ptg000013l_1_1_1	95.000	60	3	0	8986	9045	41011611	41011670	6.15e-16	95.3
ptg000006l_rc_rotated	ptg000013l_1_1_1	95.000	60	3	0	9132	9191	41011611	41011670	6.15e-16	95.3
ptg000006l_rc_rotated	ptg000013l_1_1_1	95.000	60	3	0	9153	9212	41011611	41011670	6.15e-16	95.3
ptg000006l_rc_rotated	ptg000013l_1_1_1	95.000	60	3	0	9257	9316	41011611	41011670	6.15e-16	95.3
ptg000006l_rc_rotated	ptg000013l_1_1_1	95.000	60	3	0	9278	9337	41011611	41011670	6.15e-16	95.3
ptg000006l_rc_rotated	ptg000013l_1_1_1	95.000	60	3	0	9299	9358	41011611	41011670	6.15e-16	95.3
ptg000006l_rc_rotated	ptg000013l_1_1_1	95.000	60	3	0	9403	9462	41011611	41011670	6.15e-16	95.3
ptg000006l_rc_rotated	ptg000013l_1_1_1	95.000	60	3	0	9424	9483	41011611	41011670	6.15e-16	95.3
ptg000006l_rc_rotated	ptg000013l_1_1_1	95.000	60	3	0	9445	9504	41011611	41011670	6.15e-16	95.3
ptg000006l_rc_rotated	ptg000013l_1_1_1	95.000	60	3	0	9591	9650	41011611	41011670	6.15e-16	95.3
ptg000006l_rc_rotated	ptg000013l_1_1_1	95.000	60	3	0	9695	9754	41011611	41011670	6.15e-16	95.3
ptg000006l_rc_rotated	ptg000013l_1_1_1	95.000	60	3	0	9716	9775	41011611	41011670	6.15e-16	95.3
ptg000006l_rc_rotated	ptg000013l_1_1_1	95.000	60	3	0	9737	9796	41011611	41011670	6.15e-16	95.3
ptg000006l_rc_rotated	ptg000013l_1_1_1	95.000	60	3	0	9841	9900	41011611	41011670	6.15e-16	95.3
ptg000006l_rc_rotated	ptg000013l_1_1_1	95.000	60	3	0	9862	9921	41011611	41011670	6.15e-16	95.3
ptg000006l_rc_rotated	ptg000013l_1_1_1	95.000	60	3	0	9883	9942	41011611	41011670	6.15e-16	95.3
ptg000006l_rc_rotated	ptg000013l_1_1_1	95.000	60	3	0	10029	10088	41011611	41011670	6.15e-16	95.3
ptg000006l_rc_rotated	ptg000013l_1_1_1	95.000	60	3	0	10133	10192	41011611	41011670	6.15e-16	95.3
ptg000006l_rc_rotated	ptg000013l_1_1_1	95.000	60	3	0	10154	10213	41011611	41011670	6.15e-16	95.3
ptg000006l_rc_rotated	ptg000013l_1_1_1	95.000	60	3	0	10175	10234	41011611	41011670	6.15e-16	95.3
ptg000006l_rc_rotated	ptg000013l_1_1_1	96.364	55	2	0	9116	9170	41011616	41011670	7.95e-15	91.6
ptg000006l_rc_rotated	ptg000013l_1_1_1	92.188	64	5	0	8785	8848	46272533	46272470	7.95e-15	91.6
ptg000006l_rc_rotated	ptg000013l_1_1_1	92.188	64	5	0	8347	8410	46272533	46272470	7.95e-15	91.6
ptg000006l_rc_rotated	ptg000013l_1_1_1	78.986	138	25	4	8316	8451	58270239	58270374	7.95e-15	91.6
ptg000006l_rc_rotated	ptg000013l_1_1_1	78.986	138	25	4	8900	9035	58270239	58270374	7.95e-15	91.6
ptg000006l_rc_rotated	ptg000013l_1_1_1	78.986	138	25	4	9046	9181	58270239	58270374	7.95e-15	91.6
ptg000006l_rc_rotated	ptg000013l_1_1_1	78.986	138	25	4	9192	9327	58270239	58270374	7.95e-15	91.6
ptg000006l_rc_rotated	ptg000013l_1_1_1	78.986	138	25	4	9338	9473	58270239	58270374	7.95e-15	91.6
ptg000006l_rc_rotated	ptg000013l_1_1_1	78.986	138	25	4	9630	9765	58270239	58270374	7.95e-15	91.6
ptg000006l_rc_rotated	ptg000013l_1_1_1	78.986	138	25	4	9776	9911	58270239	58270374	7.95e-15	91.6
ptg000006l_rc_rotated	ptg000013l_1_1_1	78.986	138	25	4	10068	10203	58270239	58270374	7.95e-15	91.6
ptg000006l_rc_rotated	ptg000013l_1_1_1	96.364	55	2	0	8399	8453	58270239	58270293	7.95e-15	91.6
ptg000006l_rc_rotated	ptg000013l_1_1_1	96.364	55	2	0	8566	8620	58270239	58270293	7.95e-15	91.6
ptg000006l_rc_rotated	ptg000013l_1_1_1	96.364	55	2	0	9004	9058	58270239	58270293	7.95e-15	91.6
ptg000006l_rc_rotated	ptg000013l_1_1_1	80.000	130	21	5	8380	8507	58270241	58270367	7.95e-15	91.6
ptg000006l_rc_rotated	ptg000013l_1_1_1	93.333	60	4	0	9570	9629	41011611	41011670	2.86e-14	89.8
ptg000006l_rc_rotated	ptg000013l_1_1_1	93.333	60	4	0	10008	10067	41011611	41011670	2.86e-14	89.8
ptg000006l_rc_rotated	ptg000013l_1_1_1	79.545	132	22	5	8670	8799	58270239	58270367	2.86e-14	89.8
ptg000006l_rc_rotated	ptg000013l_1_1_1	79.545	132	22	5	9254	9383	58270239	58270367	2.86e-14	89.8
ptg000006l_rc_rotated	ptg000013l_1_1_1	79.545	132	22	5	9400	9529	58270239	58270367	2.86e-14	89.8
ptg000006l_rc_rotated	ptg000013l_1_1_1	79.545	132	22	5	9692	9821	58270239	58270367	2.86e-14	89.8
ptg000006l_rc_rotated	ptg000013l_1_1_1	79.545	132	22	5	9838	9967	58270239	58270367	2.86e-14	89.8
ptg000006l_rc_rotated	ptg000013l_1_1_1	78.846	156	14	14	6302	6440	40914976	40915129	1.03e-13	87.9
ptg000006l_rc_rotated	ptg000013l_1_1_1	78.846	156	14	15	7482	7620	40914976	40915129	1.03e-13	87.9
ptg000006l_rc_rotated	ptg000013l_1_1_1	96.226	53	2	0	8444	8496	41011611	41011663	1.03e-13	87.9
ptg000006l_rc_rotated	ptg000013l_1_1_1	96.226	53	2	0	9028	9080	41011611	41011663	1.03e-13	87.9
ptg000006l_rc_rotated	ptg000013l_1_1_1	78.261	138	26	4	8754	8889	58270239	58270374	3.70e-13	86.1
ptg000006l_rc_rotated	ptg000013l_1_1_1	78.261	138	26	4	9484	9619	58270239	58270374	3.70e-13	86.1
ptg000006l_rc_rotated	ptg000013l_1_1_1	78.261	138	26	4	9922	10057	58270239	58270374	3.70e-13	86.1
ptg000006l_rc_rotated	ptg000013l_1_1_1	94.545	55	3	0	8274	8328	58270239	58270293	3.70e-13	86.1
ptg000006l_rc_rotated	ptg000013l_1_1_1	94.545	55	3	0	8545	8599	58270239	58270293	3.70e-13	86.1
ptg000006l_rc_rotated	ptg000013l_1_1_1	94.545	55	3	0	8691	8745	58270239	58270293	3.70e-13	86.1
ptg000006l_rc_rotated	ptg000013l_1_1_1	94.545	55	3	0	8712	8766	58270239	58270293	3.70e-13	86.1
ptg000006l_rc_rotated	ptg000013l_1_1_1	94.545	55	3	0	8837	8891	58270239	58270293	3.70e-13	86.1
ptg000006l_rc_rotated	ptg000013l_1_1_1	94.545	55	3	0	8858	8912	58270239	58270293	3.70e-13	86.1
ptg000006l_rc_rotated	ptg000013l_1_1_1	94.545	55	3	0	8962	9016	58270239	58270293	3.70e-13	86.1
ptg000006l_rc_rotated	ptg000013l_1_1_1	94.545	55	3	0	8983	9037	58270239	58270293	3.70e-13	86.1
ptg000006l_rc_rotated	ptg000013l_1_1_1	94.545	55	3	0	9129	9183	58270239	58270293	3.70e-13	86.1
ptg000006l_rc_rotated	ptg000013l_1_1_1	94.545	55	3	0	9150	9204	58270239	58270293	3.70e-13	86.1
ptg000006l_rc_rotated	ptg000013l_1_1_1	94.545	55	3	0	9275	9329	58270239	58270293	3.70e-13	86.1
ptg000006l_rc_rotated	ptg000013l_1_1_1	94.545	55	3	0	9296	9350	58270239	58270293	3.70e-13	86.1
ptg000006l_rc_rotated	ptg000013l_1_1_1	94.545	55	3	0	9421	9475	58270239	58270293	3.70e-13	86.1
ptg000006l_rc_rotated	ptg000013l_1_1_1	94.545	55	3	0	9442	9496	58270239	58270293	3.70e-13	86.1
ptg000006l_rc_rotated	ptg000013l_1_1_1	94.545	55	3	0	9588	9642	58270239	58270293	3.70e-13	86.1
ptg000006l_rc_rotated	ptg000013l_1_1_1	94.545	55	3	0	9713	9767	58270239	58270293	3.70e-13	86.1
ptg000006l_rc_rotated	ptg000013l_1_1_1	94.545	55	3	0	9734	9788	58270239	58270293	3.70e-13	86.1
ptg000006l_rc_rotated	ptg000013l_1_1_1	94.545	55	3	0	9859	9913	58270239	58270293	3.70e-13	86.1
ptg000006l_rc_rotated	ptg000013l_1_1_1	94.545	55	3	0	9880	9934	58270239	58270293	3.70e-13	86.1
ptg000006l_rc_rotated	ptg000013l_1_1_1	94.545	55	3	0	10026	10080	58270239	58270293	3.70e-13	86.1
ptg000006l_rc_rotated	ptg000013l_1_1_1	94.545	55	3	0	10130	10184	58270239	58270293	3.70e-13	86.1
ptg000006l_rc_rotated	ptg000013l_1_1_1	94.545	55	3	0	10151	10205	58270239	58270293	3.70e-13	86.1
ptg000006l_rc_rotated	ptg000013l_1_1_1	94.545	55	3	0	10172	10226	58270239	58270293	3.70e-13	86.1
ptg000006l_rc_rotated	ptg000013l_1_1_1	79.231	130	22	5	8818	8945	58270241	58270367	3.70e-13	86.1
ptg000006l_rc_rotated	ptg000013l_1_1_1	78.788	132	23	5	9108	9237	58270239	58270367	1.33e-12	84.2
ptg000006l_rc_rotated	ptg000013l_1_1_1	78.788	132	23	5	9546	9675	58270239	58270367	1.33e-12	84.2
ptg000006l_rc_rotated	ptg000013l_1_1_1	78.788	132	23	5	9984	10113	58270239	58270367	1.33e-12	84.2
ptg000006l_rc_rotated	ptg000013l_1_1_1	96.000	50	2	0	15164	15213	16684606	16684655	4.79e-12	82.4
ptg000006l_rc_rotated	ptg000013l_1_1_1	78.205	156	15	15	7837	7975	40914976	40915129	4.79e-12	82.4
ptg000006l_rc_rotated	ptg000013l_1_1_1	97.917	48	0	1	9025	9072	40955183	40955137	4.79e-12	82.4
ptg000006l_rc_rotated	ptg000013l_1_1_1	97.917	48	0	1	8587	8634	40955183	40955137	4.79e-12	82.4
ptg000006l_rc_rotated	ptg000013l_1_1_1	97.917	48	0	1	8420	8467	40955183	40955137	4.79e-12	82.4
ptg000006l_rc_rotated	ptg000013l_1_1_1	94.340	53	3	0	8298	8350	41011611	41011663	4.79e-12	82.4
ptg000006l_rc_rotated	ptg000013l_1_1_1	94.340	53	3	0	8590	8642	41011611	41011663	4.79e-12	82.4
ptg000006l_rc_rotated	ptg000013l_1_1_1	94.340	53	3	0	8736	8788	41011611	41011663	4.79e-12	82.4
ptg000006l_rc_rotated	ptg000013l_1_1_1	94.340	53	3	0	8882	8934	41011611	41011663	4.79e-12	82.4
ptg000006l_rc_rotated	ptg000013l_1_1_1	94.340	53	3	0	9174	9226	41011611	41011663	4.79e-12	82.4
ptg000006l_rc_rotated	ptg000013l_1_1_1	94.340	53	3	0	9320	9372	41011611	41011663	4.79e-12	82.4
ptg000006l_rc_rotated	ptg000013l_1_1_1	94.340	53	3	0	9466	9518	41011611	41011663	4.79e-12	82.4
ptg000006l_rc_rotated	ptg000013l_1_1_1	94.340	53	3	0	9612	9664	41011611	41011663	4.79e-12	82.4
ptg000006l_rc_rotated	ptg000013l_1_1_1	94.340	53	3	0	9758	9810	41011611	41011663	4.79e-12	82.4
ptg000006l_rc_rotated	ptg000013l_1_1_1	94.340	53	3	0	9904	9956	41011611	41011663	4.79e-12	82.4
ptg000006l_rc_rotated	ptg000013l_1_1_1	94.340	53	3	0	10050	10102	41011611	41011663	4.79e-12	82.4
ptg000006l_rc_rotated	ptg000013l_1_1_1	96.000	50	1	1	6182	6230	23896915	23896964	1.72e-11	80.5
ptg000006l_rc_rotated	ptg000013l_1_1_1	85.714	77	9	2	8608	8683	40955183	40955108	1.72e-11	80.5
ptg000006l_rc_rotated	ptg000013l_1_1_1	92.727	55	4	0	8524	8578	58270239	58270293	1.72e-11	80.5
ptg000006l_rc_rotated	ptg000013l_1_1_1	94.231	52	3	0	10193	10244	58270239	58270290	1.72e-11	80.5
ptg000006l_rc_rotated	ptg000013l_1_1_1	97.778	45	1	0	8271	8315	6113625	6113669	6.19e-11	78.7
ptg000006l_rc_rotated	ptg000013l_1_1_1	97.778	45	1	0	8271	8315	41011626	41011670	6.19e-11	78.7
ptg000006l_rc_rotated	ptg000013l_1_1_1	100.000	42	0	0	8524	8565	41011629	41011670	6.19e-11	78.7
ptg000006l_rc_rotated	ptg000013l_1_1_1	91.071	56	4	1	17933	17988	23084814	23084760	8.01e-10	75.0
ptg000006l_rc_rotated	ptg000013l_1_1_1	97.619	42	1	0	8670	8711	6113628	6113669	2.88e-09	73.1
ptg000006l_rc_rotated	ptg000013l_1_1_1	97.619	42	1	0	8962	9003	6113628	6113669	2.88e-09	73.1
ptg000006l_rc_rotated	ptg000013l_1_1_1	97.619	42	1	0	9254	9295	6113628	6113669	2.88e-09	73.1
ptg000006l_rc_rotated	ptg000013l_1_1_1	97.619	42	1	0	9400	9441	6113628	6113669	2.88e-09	73.1
ptg000006l_rc_rotated	ptg000013l_1_1_1	97.619	42	1	0	9692	9733	6113628	6113669	2.88e-09	73.1
ptg000006l_rc_rotated	ptg000013l_1_1_1	97.619	42	1	0	9838	9879	6113628	6113669	2.88e-09	73.1
ptg000006l_rc_rotated	ptg000013l_1_1_1	97.619	42	1	0	10130	10171	6113628	6113669	2.88e-09	73.1
ptg000006l_rc_rotated	ptg000013l_1_1_1	87.692	65	5	3	6377	6440	40914976	40915038	2.88e-09	73.1
ptg000006l_rc_rotated	ptg000013l_1_1_1	87.692	65	5	3	7557	7620	40914976	40915038	2.88e-09	73.1
ptg000006l_rc_rotated	ptg000013l_1_1_1	87.692	65	5	3	7912	7975	40914976	40915038	2.88e-09	73.1
ptg000006l_rc_rotated	ptg000013l_1_1_1	97.619	42	1	0	8670	8711	41011629	41011670	2.88e-09	73.1
ptg000006l_rc_rotated	ptg000013l_1_1_1	97.619	42	1	0	8962	9003	41011629	41011670	2.88e-09	73.1
ptg000006l_rc_rotated	ptg000013l_1_1_1	97.619	42	1	0	9254	9295	41011629	41011670	2.88e-09	73.1
ptg000006l_rc_rotated	ptg000013l_1_1_1	97.619	42	1	0	9400	9441	41011629	41011670	2.88e-09	73.1
ptg000006l_rc_rotated	ptg000013l_1_1_1	97.619	42	1	0	9692	9733	41011629	41011670	2.88e-09	73.1
ptg000006l_rc_rotated	ptg000013l_1_1_1	97.619	42	1	0	9838	9879	41011629	41011670	2.88e-09	73.1
ptg000006l_rc_rotated	ptg000013l_1_1_1	97.619	42	1	0	10130	10171	41011629	41011670	2.88e-09	73.1
ptg000006l_rc_rotated	ptg000013l_1_1_1	93.617	47	3	0	8315	8361	6113606	6113652	1.04e-08	71.3
ptg000006l_rc_rotated	ptg000013l_1_1_1	93.617	47	3	0	8461	8507	6113606	6113652	1.04e-08	71.3
ptg000006l_rc_rotated	ptg000013l_1_1_1	93.617	47	3	0	8753	8799	6113606	6113652	1.04e-08	71.3
ptg000006l_rc_rotated	ptg000013l_1_1_1	93.617	47	3	0	8899	8945	6113606	6113652	1.04e-08	71.3
ptg000006l_rc_rotated	ptg000013l_1_1_1	93.617	47	3	0	9191	9237	6113606	6113652	1.04e-08	71.3
ptg000006l_rc_rotated	ptg000013l_1_1_1	93.617	47	3	0	9337	9383	6113606	6113652	1.04e-08	71.3
ptg000006l_rc_rotated	ptg000013l_1_1_1	93.617	47	3	0	9483	9529	6113606	6113652	1.04e-08	71.3
ptg000006l_rc_rotated	ptg000013l_1_1_1	93.617	47	3	0	9629	9675	6113606	6113652	1.04e-08	71.3
ptg000006l_rc_rotated	ptg000013l_1_1_1	93.617	47	3	0	9775	9821	6113606	6113652	1.04e-08	71.3
ptg000006l_rc_rotated	ptg000013l_1_1_1	93.617	47	3	0	9921	9967	6113606	6113652	1.04e-08	71.3
ptg000006l_rc_rotated	ptg000013l_1_1_1	93.617	47	3	0	10067	10113	6113606	6113652	1.04e-08	71.3
ptg000006l_rc_rotated	ptg000013l_1_1_1	97.500	40	1	0	8380	8419	6113630	6113669	3.73e-08	69.4
ptg000006l_rc_rotated	ptg000013l_1_1_1	97.500	40	1	0	8818	8857	6113630	6113669	3.73e-08	69.4
ptg000006l_rc_rotated	ptg000013l_1_1_1	97.500	40	1	0	8380	8419	41011631	41011670	3.73e-08	69.4
ptg000006l_rc_rotated	ptg000013l_1_1_1	97.500	40	1	0	8818	8857	41011631	41011670	3.73e-08	69.4
ptg000006l_rc_rotated	ptg000013l_1_1_1	95.238	42	2	0	8524	8565	6113628	6113669	1.34e-07	67.6
ptg000006l_rc_rotated	ptg000013l_1_1_1	95.238	42	2	0	9108	9149	6113628	6113669	1.34e-07	67.6
ptg000006l_rc_rotated	ptg000013l_1_1_1	100.000	36	0	0	9546	9581	6113628	6113663	1.34e-07	67.6
ptg000006l_rc_rotated	ptg000013l_1_1_1	100.000	36	0	0	9984	10019	6113628	6113663	1.34e-07	67.6
ptg000006l_rc_rotated	ptg000013l_1_1_1	95.238	42	2	0	9108	9149	41011629	41011670	1.34e-07	67.6
ptg000006l_rc_rotated	ptg000013l_1_1_1	95.238	42	2	0	9546	9587	41011629	41011670	1.34e-07	67.6
ptg000006l_rc_rotated	ptg000013l_1_1_1	95.238	42	2	0	9984	10025	41011629	41011670	1.34e-07	67.6
ptg000006l_rc_rotated	ptg000013l_1_1_1	91.489	47	4	0	9045	9091	6113606	6113652	4.82e-07	65.8
ptg000006l_rc_rotated	ptg000013l_1_1_1	88.679	53	6	0	1568	1620	24216948	24216896	4.82e-07	65.8
ptg000006l_rc_rotated	ptg000013l_1_1_1	97.368	38	1	0	10021	10058	46272507	46272470	4.82e-07	65.8
ptg000006l_rc_rotated	ptg000013l_1_1_1	97.368	38	1	0	9583	9620	46272507	46272470	4.82e-07	65.8
ptg000006l_rc_rotated	ptg000013l_1_1_1	93.023	43	3	0	10067	10109	46272503	46272461	1.73e-06	63.9
ptg000006l_rc_rotated	ptg000013l_1_1_1	93.023	43	3	0	9921	9963	46272503	46272461	1.73e-06	63.9
ptg000006l_rc_rotated	ptg000013l_1_1_1	93.023	43	3	0	9775	9817	46272503	46272461	1.73e-06	63.9
ptg000006l_rc_rotated	ptg000013l_1_1_1	93.023	43	3	0	9629	9671	46272503	46272461	1.73e-06	63.9
ptg000006l_rc_rotated	ptg000013l_1_1_1	93.023	43	3	0	9483	9525	46272503	46272461	1.73e-06	63.9
ptg000006l_rc_rotated	ptg000013l_1_1_1	93.023	43	3	0	9337	9379	46272503	46272461	1.73e-06	63.9
ptg000006l_rc_rotated	ptg000013l_1_1_1	93.023	43	3	0	9191	9233	46272503	46272461	1.73e-06	63.9
ptg000006l_rc_rotated	ptg000013l_1_1_1	93.023	43	3	0	8899	8941	46272503	46272461	1.73e-06	63.9
ptg000006l_rc_rotated	ptg000013l_1_1_1	93.023	43	3	0	8753	8795	46272503	46272461	1.73e-06	63.9
ptg000006l_rc_rotated	ptg000013l_1_1_1	93.023	43	3	0	8461	8503	46272503	46272461	1.73e-06	63.9
ptg000006l_rc_rotated	ptg000013l_1_1_1	93.023	43	3	0	8315	8357	46272503	46272461	1.73e-06	63.9
ptg000006l_rc_rotated	ptg000013l_1_1_1	100.000	34	0	0	10192	10225	46272503	46272470	1.73e-06	63.9
ptg000006l_rc_rotated	ptg000013l_1_1_1	100.000	34	0	0	10171	10204	46272503	46272470	1.73e-06	63.9
ptg000006l_rc_rotated	ptg000013l_1_1_1	100.000	34	0	0	10150	10183	46272503	46272470	1.73e-06	63.9
ptg000006l_rc_rotated	ptg000013l_1_1_1	100.000	34	0	0	10046	10079	46272503	46272470	1.73e-06	63.9
ptg000006l_rc_rotated	ptg000013l_1_1_1	100.000	34	0	0	9900	9933	46272503	46272470	1.73e-06	63.9
ptg000006l_rc_rotated	ptg000013l_1_1_1	100.000	34	0	0	9879	9912	46272503	46272470	1.73e-06	63.9
ptg000006l_rc_rotated	ptg000013l_1_1_1	100.000	34	0	0	9858	9891	46272503	46272470	1.73e-06	63.9
ptg000006l_rc_rotated	ptg000013l_1_1_1	100.000	34	0	0	9754	9787	46272503	46272470	1.73e-06	63.9
ptg000006l_rc_rotated	ptg000013l_1_1_1	100.000	34	0	0	9733	9766	46272503	46272470	1.73e-06	63.9
ptg000006l_rc_rotated	ptg000013l_1_1_1	100.000	34	0	0	9712	9745	46272503	46272470	1.73e-06	63.9
ptg000006l_rc_rotated	ptg000013l_1_1_1	100.000	34	0	0	9608	9641	46272503	46272470	1.73e-06	63.9
ptg000006l_rc_rotated	ptg000013l_1_1_1	100.000	34	0	0	9462	9495	46272503	46272470	1.73e-06	63.9
ptg000006l_rc_rotated	ptg000013l_1_1_1	100.000	34	0	0	9441	9474	46272503	46272470	1.73e-06	63.9
ptg000006l_rc_rotated	ptg000013l_1_1_1	100.000	34	0	0	9420	9453	46272503	46272470	1.73e-06	63.9
ptg000006l_rc_rotated	ptg000013l_1_1_1	100.000	34	0	0	9316	9349	46272503	46272470	1.73e-06	63.9
ptg000006l_rc_rotated	ptg000013l_1_1_1	100.000	34	0	0	9295	9328	46272503	46272470	1.73e-06	63.9
ptg000006l_rc_rotated	ptg000013l_1_1_1	100.000	34	0	0	9274	9307	46272503	46272470	1.73e-06	63.9
ptg000006l_rc_rotated	ptg000013l_1_1_1	100.000	34	0	0	9170	9203	46272503	46272470	1.73e-06	63.9
ptg000006l_rc_rotated	ptg000013l_1_1_1	100.000	34	0	0	9149	9182	46272503	46272470	1.73e-06	63.9
ptg000006l_rc_rotated	ptg000013l_1_1_1	100.000	34	0	0	9128	9161	46272503	46272470	1.73e-06	63.9
ptg000006l_rc_rotated	ptg000013l_1_1_1	100.000	34	0	0	9003	9036	46272503	46272470	1.73e-06	63.9
ptg000006l_rc_rotated	ptg000013l_1_1_1	100.000	34	0	0	8982	9015	46272503	46272470	1.73e-06	63.9
ptg000006l_rc_rotated	ptg000013l_1_1_1	100.000	34	0	0	8878	8911	46272503	46272470	1.73e-06	63.9
ptg000006l_rc_rotated	ptg000013l_1_1_1	100.000	34	0	0	8857	8890	46272503	46272470	1.73e-06	63.9
ptg000006l_rc_rotated	ptg000013l_1_1_1	100.000	34	0	0	8836	8869	46272503	46272470	1.73e-06	63.9
ptg000006l_rc_rotated	ptg000013l_1_1_1	100.000	34	0	0	8732	8765	46272503	46272470	1.73e-06	63.9
ptg000006l_rc_rotated	ptg000013l_1_1_1	100.000	34	0	0	8711	8744	46272503	46272470	1.73e-06	63.9
ptg000006l_rc_rotated	ptg000013l_1_1_1	100.000	34	0	0	8690	8723	46272503	46272470	1.73e-06	63.9
ptg000006l_rc_rotated	ptg000013l_1_1_1	100.000	34	0	0	8565	8598	46272503	46272470	1.73e-06	63.9
ptg000006l_rc_rotated	ptg000013l_1_1_1	100.000	34	0	0	8544	8577	46272503	46272470	1.73e-06	63.9
ptg000006l_rc_rotated	ptg000013l_1_1_1	100.000	34	0	0	8398	8431	46272503	46272470	1.73e-06	63.9
ptg000006l_rc_rotated	ptg000013l_1_1_1	100.000	34	0	0	8294	8327	46272503	46272470	1.73e-06	63.9
ptg000006l_rc_rotated	ptg000013l_1_1_1	100.000	34	0	0	8273	8306	46272503	46272470	1.73e-06	63.9
ptg000006l_rc_rotated	ptg000013l_1_1_1	85.484	62	6	3	4924	4983	19576893	19576833	6.24e-06	62.1
ptg000006l_rc_rotated	ptg000013l_1_1_1	100.000	32	0	0	10213	10244	6113606	6113637	2.24e-05	60.2
ptg000006l_rc_rotated	ptg000013l_1_1_1	100.000	32	0	0	10213	10244	46272503	46272472	2.24e-05	60.2
ptg000006l_rc_rotated	ptg000013l_1_1_1	100.000	31	0	0	8669	8699	14729768	14729798	8.07e-05	58.4
ptg000006l_rc_rotated	ptg000013l_1_1_1	100.000	31	0	0	8961	8991	14729768	14729798	8.07e-05	58.4
ptg000006l_rc_rotated	ptg000013l_1_1_1	100.000	31	0	0	9253	9283	14729768	14729798	8.07e-05	58.4
ptg000006l_rc_rotated	ptg000013l_1_1_1	100.000	31	0	0	9399	9429	14729768	14729798	8.07e-05	58.4
ptg000006l_rc_rotated	ptg000013l_1_1_1	100.000	31	0	0	9545	9575	14729768	14729798	8.07e-05	58.4
ptg000006l_rc_rotated	ptg000013l_1_1_1	100.000	31	0	0	9691	9721	14729768	14729798	8.07e-05	58.4
ptg000006l_rc_rotated	ptg000013l_1_1_1	100.000	31	0	0	9837	9867	14729768	14729798	8.07e-05	58.4
ptg000006l_rc_rotated	ptg000013l_1_1_1	100.000	31	0	0	9983	10013	14729768	14729798	8.07e-05	58.4
ptg000006l_rc_rotated	ptg000013l_1_1_1	100.000	31	0	0	10129	10159	14729768	14729798	8.07e-05	58.4
ptg000006l_rc_rotated	ptg000013l_1_1_1	97.059	34	1	0	9024	9057	46272503	46272470	8.07e-05	58.4
ptg000006l_rc_rotated	ptg000013l_1_1_1	97.059	34	1	0	8586	8619	46272503	46272470	8.07e-05	58.4
ptg000006l_rc_rotated	ptg000013l_1_1_1	97.059	34	1	0	8419	8452	46272503	46272470	8.07e-05	58.4
ptg000006l_rc_rotated	ptg000013l_1_1_1	100.000	31	0	0	10214	10244	58270239	58270269	8.07e-05	58.4
ptg000006l_rc_rotated	ptg000013l_1_1_1	100.000	30	0	0	8274	8303	14729769	14729798	2.90e-04	56.5
ptg000006l_rc_rotated	ptg000013l_1_1_1	100.000	30	0	0	8295	8324	14729769	14729798	2.90e-04	56.5
ptg000006l_rc_rotated	ptg000013l_1_1_1	100.000	30	0	0	8316	8345	14729769	14729798	2.90e-04	56.5
ptg000006l_rc_rotated	ptg000013l_1_1_1	100.000	30	0	0	8399	8428	14729769	14729798	2.90e-04	56.5
ptg000006l_rc_rotated	ptg000013l_1_1_1	100.000	30	0	0	8462	8491	14729769	14729798	2.90e-04	56.5
ptg000006l_rc_rotated	ptg000013l_1_1_1	100.000	30	0	0	8545	8574	14729769	14729798	2.90e-04	56.5
ptg000006l_rc_rotated	ptg000013l_1_1_1	100.000	30	0	0	8566	8595	14729769	14729798	2.90e-04	56.5
ptg000006l_rc_rotated	ptg000013l_1_1_1	100.000	30	0	0	8691	8720	14729769	14729798	2.90e-04	56.5
ptg000006l_rc_rotated	ptg000013l_1_1_1	100.000	30	0	0	8712	8741	14729769	14729798	2.90e-04	56.5
ptg000006l_rc_rotated	ptg000013l_1_1_1	100.000	30	0	0	8733	8762	14729769	14729798	2.90e-04	56.5
ptg000006l_rc_rotated	ptg000013l_1_1_1	100.000	30	0	0	8754	8783	14729769	14729798	2.90e-04	56.5
ptg000006l_rc_rotated	ptg000013l_1_1_1	100.000	30	0	0	8837	8866	14729769	14729798	2.90e-04	56.5
ptg000006l_rc_rotated	ptg000013l_1_1_1	100.000	30	0	0	8858	8887	14729769	14729798	2.90e-04	56.5
ptg000006l_rc_rotated	ptg000013l_1_1_1	100.000	30	0	0	8879	8908	14729769	14729798	2.90e-04	56.5
ptg000006l_rc_rotated	ptg000013l_1_1_1	100.000	30	0	0	8900	8929	14729769	14729798	2.90e-04	56.5
ptg000006l_rc_rotated	ptg000013l_1_1_1	100.000	30	0	0	8983	9012	14729769	14729798	2.90e-04	56.5
ptg000006l_rc_rotated	ptg000013l_1_1_1	100.000	30	0	0	9004	9033	14729769	14729798	2.90e-04	56.5
ptg000006l_rc_rotated	ptg000013l_1_1_1	100.000	30	0	0	9129	9158	14729769	14729798	2.90e-04	56.5
ptg000006l_rc_rotated	ptg000013l_1_1_1	100.000	30	0	0	9150	9179	14729769	14729798	2.90e-04	56.5
ptg000006l_rc_rotated	ptg000013l_1_1_1	100.000	30	0	0	9171	9200	14729769	14729798	2.90e-04	56.5
ptg000006l_rc_rotated	ptg000013l_1_1_1	100.000	30	0	0	9192	9221	14729769	14729798	2.90e-04	56.5
ptg000006l_rc_rotated	ptg000013l_1_1_1	100.000	30	0	0	9275	9304	14729769	14729798	2.90e-04	56.5
ptg000006l_rc_rotated	ptg000013l_1_1_1	100.000	30	0	0	9296	9325	14729769	14729798	2.90e-04	56.5
ptg000006l_rc_rotated	ptg000013l_1_1_1	100.000	30	0	0	9317	9346	14729769	14729798	2.90e-04	56.5
ptg000006l_rc_rotated	ptg000013l_1_1_1	100.000	30	0	0	9338	9367	14729769	14729798	2.90e-04	56.5
ptg000006l_rc_rotated	ptg000013l_1_1_1	100.000	30	0	0	9421	9450	14729769	14729798	2.90e-04	56.5
ptg000006l_rc_rotated	ptg000013l_1_1_1	100.000	30	0	0	9442	9471	14729769	14729798	2.90e-04	56.5
ptg000006l_rc_rotated	ptg000013l_1_1_1	100.000	30	0	0	9463	9492	14729769	14729798	2.90e-04	56.5
ptg000006l_rc_rotated	ptg000013l_1_1_1	100.000	30	0	0	9484	9513	14729769	14729798	2.90e-04	56.5
ptg000006l_rc_rotated	ptg000013l_1_1_1	100.000	30	0	0	9588	9617	14729769	14729798	2.90e-04	56.5
ptg000006l_rc_rotated	ptg000013l_1_1_1	100.000	30	0	0	9609	9638	14729769	14729798	2.90e-04	56.5
ptg000006l_rc_rotated	ptg000013l_1_1_1	100.000	30	0	0	9630	9659	14729769	14729798	2.90e-04	56.5
ptg000006l_rc_rotated	ptg000013l_1_1_1	100.000	30	0	0	9713	9742	14729769	14729798	2.90e-04	56.5
ptg000006l_rc_rotated	ptg000013l_1_1_1	100.000	30	0	0	9734	9763	14729769	14729798	2.90e-04	56.5
ptg000006l_rc_rotated	ptg000013l_1_1_1	100.000	30	0	0	9755	9784	14729769	14729798	2.90e-04	56.5
ptg000006l_rc_rotated	ptg000013l_1_1_1	100.000	30	0	0	9776	9805	14729769	14729798	2.90e-04	56.5
ptg000006l_rc_rotated	ptg000013l_1_1_1	100.000	30	0	0	9859	9888	14729769	14729798	2.90e-04	56.5
ptg000006l_rc_rotated	ptg000013l_1_1_1	100.000	30	0	0	9880	9909	14729769	14729798	2.90e-04	56.5
ptg000006l_rc_rotated	ptg000013l_1_1_1	100.000	30	0	0	9901	9930	14729769	14729798	2.90e-04	56.5
ptg000006l_rc_rotated	ptg000013l_1_1_1	100.000	30	0	0	9922	9951	14729769	14729798	2.90e-04	56.5
ptg000006l_rc_rotated	ptg000013l_1_1_1	100.000	30	0	0	10026	10055	14729769	14729798	2.90e-04	56.5
ptg000006l_rc_rotated	ptg000013l_1_1_1	100.000	30	0	0	10047	10076	14729769	14729798	2.90e-04	56.5
ptg000006l_rc_rotated	ptg000013l_1_1_1	100.000	30	0	0	10068	10097	14729769	14729798	2.90e-04	56.5
ptg000006l_rc_rotated	ptg000013l_1_1_1	100.000	30	0	0	10151	10180	14729769	14729798	2.90e-04	56.5
ptg000006l_rc_rotated	ptg000013l_1_1_1	100.000	30	0	0	10172	10201	14729769	14729798	2.90e-04	56.5
ptg000006l_rc_rotated	ptg000013l_1_1_1	100.000	30	0	0	10193	10222	14729769	14729798	2.90e-04	56.5
ptg000006l_rc_rotated	ptg000013l_1_1_1	100.000	30	0	0	10214	10243	14729769	14729798	2.90e-04	56.5
ptg000006l_rc_rotated	ptg000013l_1_1_1	96.774	31	1	0	8377	8407	14729768	14729798	0.004	52.8
ptg000006l_rc_rotated	ptg000013l_1_1_1	96.774	31	1	0	8815	8845	14729768	14729798	0.004	52.8
ptg000006l_rc_rotated	ptg000013l_1_1_1	96.774	31	1	0	18	48	55519144	55519114	0.004	52.8
ptg000006l_rc_rotated	ptg000040l_1_1_1	94.667	300	15	1	10593	10891	4159246	4159545	4.07e-127	464
ptg000006l_rc_rotated	ptg000040l_1_1_1	87.273	275	23	7	12939	13210	8884086	8883821	9.38e-79	303
ptg000006l_rc_rotated	ptg000040l_1_1_1	95.833	120	5	0	1998	2117	1584890	1585009	5.89e-46	195
ptg000006l_rc_rotated	ptg000040l_1_1_1	87.705	122	12	3	4894	5013	4312507	4312627	2.80e-29	139
ptg000006l_rc_rotated	ptg000040l_1_1_1	98.413	63	0	1	10182	10244	12031600	12031539	2.20e-20	110
ptg000006l_rc_rotated	ptg000040l_1_1_1	98.413	63	0	1	10161	10223	12031600	12031539	2.20e-20	110
ptg000006l_rc_rotated	ptg000040l_1_1_1	98.413	63	0	1	10140	10202	12031600	12031539	2.20e-20	110
ptg000006l_rc_rotated	ptg000040l_1_1_1	98.413	63	0	1	10036	10098	12031600	12031539	2.20e-20	110
ptg000006l_rc_rotated	ptg000040l_1_1_1	98.413	63	0	1	9890	9952	12031600	12031539	2.20e-20	110
ptg000006l_rc_rotated	ptg000040l_1_1_1	98.413	63	0	1	9869	9931	12031600	12031539	2.20e-20	110
ptg000006l_rc_rotated	ptg000040l_1_1_1	98.413	63	0	1	9848	9910	12031600	12031539	2.20e-20	110
ptg000006l_rc_rotated	ptg000040l_1_1_1	98.413	63	0	1	9744	9806	12031600	12031539	2.20e-20	110
ptg000006l_rc_rotated	ptg000040l_1_1_1	98.413	63	0	1	9723	9785	12031600	12031539	2.20e-20	110
ptg000006l_rc_rotated	ptg000040l_1_1_1	98.413	63	0	1	9702	9764	12031600	12031539	2.20e-20	110
ptg000006l_rc_rotated	ptg000040l_1_1_1	98.413	63	0	1	9598	9660	12031600	12031539	2.20e-20	110
ptg000006l_rc_rotated	ptg000040l_1_1_1	98.413	63	0	1	9452	9514	12031600	12031539	2.20e-20	110
ptg000006l_rc_rotated	ptg000040l_1_1_1	98.413	63	0	1	9431	9493	12031600	12031539	2.20e-20	110
ptg000006l_rc_rotated	ptg000040l_1_1_1	98.413	63	0	1	9410	9472	12031600	12031539	2.20e-20	110
ptg000006l_rc_rotated	ptg000040l_1_1_1	98.413	63	0	1	9306	9368	12031600	12031539	2.20e-20	110
ptg000006l_rc_rotated	ptg000040l_1_1_1	98.413	63	0	1	9285	9347	12031600	12031539	2.20e-20	110
ptg000006l_rc_rotated	ptg000040l_1_1_1	98.413	63	0	1	9264	9326	12031600	12031539	2.20e-20	110
ptg000006l_rc_rotated	ptg000040l_1_1_1	98.413	63	0	1	9160	9222	12031600	12031539	2.20e-20	110
ptg000006l_rc_rotated	ptg000040l_1_1_1	98.413	63	0	1	9139	9201	12031600	12031539	2.20e-20	110
ptg000006l_rc_rotated	ptg000040l_1_1_1	98.413	63	0	1	9118	9180	12031600	12031539	2.20e-20	110
ptg000006l_rc_rotated	ptg000040l_1_1_1	98.413	63	0	1	8972	9034	12031600	12031539	2.20e-20	110
ptg000006l_rc_rotated	ptg000040l_1_1_1	98.413	63	0	1	8868	8930	12031600	12031539	2.20e-20	110
ptg000006l_rc_rotated	ptg000040l_1_1_1	98.413	63	0	1	8847	8909	12031600	12031539	2.20e-20	110
ptg000006l_rc_rotated	ptg000040l_1_1_1	98.413	63	0	1	8826	8888	12031600	12031539	2.20e-20	110
ptg000006l_rc_rotated	ptg000040l_1_1_1	98.413	63	0	1	8722	8784	12031600	12031539	2.20e-20	110
ptg000006l_rc_rotated	ptg000040l_1_1_1	98.413	63	0	1	8701	8763	12031600	12031539	2.20e-20	110
ptg000006l_rc_rotated	ptg000040l_1_1_1	98.413	63	0	1	8680	8742	12031600	12031539	2.20e-20	110
ptg000006l_rc_rotated	ptg000040l_1_1_1	98.413	63	0	1	8534	8596	12031600	12031539	2.20e-20	110
ptg000006l_rc_rotated	ptg000040l_1_1_1	98.413	63	0	1	8284	8346	12031600	12031539	2.20e-20	110
ptg000006l_rc_rotated	ptg000040l_1_1_1	96.825	63	1	1	10015	10077	12031600	12031539	1.02e-18	104
ptg000006l_rc_rotated	ptg000040l_1_1_1	96.825	63	1	1	9994	10056	12031600	12031539	1.02e-18	104
ptg000006l_rc_rotated	ptg000040l_1_1_1	96.825	63	1	1	9577	9639	12031600	12031539	1.02e-18	104
ptg000006l_rc_rotated	ptg000040l_1_1_1	96.825	63	1	1	9556	9618	12031600	12031539	1.02e-18	104
ptg000006l_rc_rotated	ptg000040l_1_1_1	96.825	63	1	1	9014	9076	12031600	12031539	1.02e-18	104
ptg000006l_rc_rotated	ptg000040l_1_1_1	96.825	63	1	1	8993	9055	12031600	12031539	1.02e-18	104
ptg000006l_rc_rotated	ptg000040l_1_1_1	96.825	63	1	1	8555	8617	12031600	12031539	1.02e-18	104
ptg000006l_rc_rotated	ptg000040l_1_1_1	96.825	63	1	1	8430	8492	12031600	12031539	1.02e-18	104
ptg000006l_rc_rotated	ptg000040l_1_1_1	96.825	63	1	1	8409	8471	12031600	12031539	1.02e-18	104
ptg000006l_rc_rotated	ptg000040l_1_1_1	96.825	63	1	1	8388	8450	12031600	12031539	1.02e-18	104
ptg000006l_rc_rotated	ptg000040l_1_1_1	100.000	55	0	0	8271	8325	12031593	12031539	3.67e-18	102
ptg000006l_rc_rotated	ptg000040l_1_1_1	95.238	63	2	1	8576	8638	12031600	12031539	4.75e-17	99.0
ptg000006l_rc_rotated	ptg000040l_1_1_1	100.000	52	0	0	10130	10181	12031590	12031539	1.71e-16	97.1
ptg000006l_rc_rotated	ptg000040l_1_1_1	100.000	52	0	0	9838	9889	12031590	12031539	1.71e-16	97.1
ptg000006l_rc_rotated	ptg000040l_1_1_1	100.000	52	0	0	9692	9743	12031590	12031539	1.71e-16	97.1
ptg000006l_rc_rotated	ptg000040l_1_1_1	100.000	52	0	0	9400	9451	12031590	12031539	1.71e-16	97.1
ptg000006l_rc_rotated	ptg000040l_1_1_1	100.000	52	0	0	9254	9305	12031590	12031539	1.71e-16	97.1
ptg000006l_rc_rotated	ptg000040l_1_1_1	100.000	52	0	0	8962	9013	12031590	12031539	1.71e-16	97.1
ptg000006l_rc_rotated	ptg000040l_1_1_1	100.000	52	0	0	8670	8721	12031590	12031539	1.71e-16	97.1
ptg000006l_rc_rotated	ptg000040l_1_1_1	100.000	50	0	0	8818	8867	12031588	12031539	2.21e-15	93.5
ptg000006l_rc_rotated	ptg000040l_1_1_1	100.000	50	0	0	8380	8429	12031588	12031539	2.21e-15	93.5
ptg000006l_rc_rotated	ptg000040l_1_1_1	98.077	52	1	0	9984	10035	12031590	12031539	7.95e-15	91.6
ptg000006l_rc_rotated	ptg000040l_1_1_1	98.077	52	1	0	9546	9597	12031590	12031539	7.95e-15	91.6
ptg000006l_rc_rotated	ptg000040l_1_1_1	98.077	52	1	0	9108	9159	12031590	12031539	7.95e-15	91.6
ptg000006l_rc_rotated	ptg000040l_1_1_1	98.077	52	1	0	8524	8575	12031590	12031539	7.95e-15	91.6
ptg000006l_rc_rotated	ptg000040l_1_1_1	92.982	57	3	1	10057	10113	12031600	12031545	4.79e-12	82.4
ptg000006l_rc_rotated	ptg000040l_1_1_1	92.982	57	3	1	9911	9967	12031600	12031545	4.79e-12	82.4
ptg000006l_rc_rotated	ptg000040l_1_1_1	92.982	57	3	1	9765	9821	12031600	12031545	4.79e-12	82.4
ptg000006l_rc_rotated	ptg000040l_1_1_1	92.982	57	3	1	9619	9675	12031600	12031545	4.79e-12	82.4
ptg000006l_rc_rotated	ptg000040l_1_1_1	92.982	57	3	1	9473	9529	12031600	12031545	4.79e-12	82.4
ptg000006l_rc_rotated	ptg000040l_1_1_1	92.982	57	3	1	9327	9383	12031600	12031545	4.79e-12	82.4
ptg000006l_rc_rotated	ptg000040l_1_1_1	92.982	57	3	1	9181	9237	12031600	12031545	4.79e-12	82.4
ptg000006l_rc_rotated	ptg000040l_1_1_1	92.982	57	3	1	8889	8945	12031600	12031545	4.79e-12	82.4
ptg000006l_rc_rotated	ptg000040l_1_1_1	92.982	57	3	1	8743	8799	12031600	12031545	4.79e-12	82.4
ptg000006l_rc_rotated	ptg000040l_1_1_1	92.982	57	3	1	8451	8507	12031600	12031545	4.79e-12	82.4
ptg000006l_rc_rotated	ptg000040l_1_1_1	92.982	57	3	1	8305	8361	12031600	12031545	4.79e-12	82.4
ptg000006l_rc_rotated	ptg000040l_1_1_1	91.228	57	4	1	9035	9091	12031600	12031545	2.23e-10	76.8
ptg000006l_rc_rotated	ptg000040l_1_1_1	90.909	55	5	0	2456	2510	17172821	17172875	8.01e-10	75.0
ptg000006l_rc_rotated	ptg000040l_1_1_1	97.619	42	0	1	10203	10244	12031600	12031560	1.04e-08	71.3
ptg000006l_rc_rotated	ptg000040l_1_1_1	87.931	58	7	0	6378	6435	13129629	13129686	3.73e-08	69.4
ptg000006l_rc_rotated	ptg000040l_1_1_1	87.931	58	7	0	7558	7615	13129629	13129686	3.73e-08	69.4
ptg000006l_rc_rotated	ptg000040l_1_1_1	87.931	58	7	0	7913	7970	13129629	13129686	3.73e-08	69.4
ptg000006l_rc_rotated	ptg000040l_1_1_1	100.000	34	0	0	8271	8304	12031572	12031539	1.73e-06	63.9
ptg000006l_rc_rotated	ptg000040l_1_1_1	100.000	31	0	0	10130	10160	12031569	12031539	8.07e-05	58.4
ptg000006l_rc_rotated	ptg000040l_1_1_1	100.000	31	0	0	9984	10014	12031569	12031539	8.07e-05	58.4
ptg000006l_rc_rotated	ptg000040l_1_1_1	100.000	31	0	0	9838	9868	12031569	12031539	8.07e-05	58.4
ptg000006l_rc_rotated	ptg000040l_1_1_1	100.000	31	0	0	9692	9722	12031569	12031539	8.07e-05	58.4
ptg000006l_rc_rotated	ptg000040l_1_1_1	100.000	31	0	0	9546	9576	12031569	12031539	8.07e-05	58.4
ptg000006l_rc_rotated	ptg000040l_1_1_1	100.000	31	0	0	9400	9430	12031569	12031539	8.07e-05	58.4
ptg000006l_rc_rotated	ptg000040l_1_1_1	100.000	31	0	0	9254	9284	12031569	12031539	8.07e-05	58.4
ptg000006l_rc_rotated	ptg000040l_1_1_1	100.000	31	0	0	8962	8992	12031569	12031539	8.07e-05	58.4
ptg000006l_rc_rotated	ptg000040l_1_1_1	100.000	31	0	0	8670	8700	12031569	12031539	8.07e-05	58.4
ptg000006l_rc_rotated	ptg000040l_1_1_1	100.000	29	0	0	8818	8846	12031567	12031539	0.001	54.7
ptg000006l_rc_rotated	ptg000040l_1_1_1	100.000	29	0	0	8380	8408	12031567	12031539	0.001	54.7
ptg000006l_rc_rotated	ptg000034l_1_1_1	83.745	486	74	3	5244	5729	24883662	24883182	2.45e-124	455
ptg000006l_rc_rotated	ptg000034l_1_1_1	90.816	294	27	0	14644	14937	4173869	4174162	5.41e-106	394
ptg000006l_rc_rotated	ptg000034l_1_1_1	85.570	298	39	2	5923	6220	4729653	4729360	2.02e-80	309
ptg000006l_rc_rotated	ptg000034l_1_1_1	86.940	268	29	4	11528	11795	30945415	30945676	1.57e-76	296
ptg000006l_rc_rotated	ptg000034l_1_1_1	90.576	191	18	0	5647	5837	28573788	28573978	9.58e-64	254
ptg000006l_rc_rotated	ptg000034l_1_1_1	89.873	158	11	4	4695	4849	10516961	10517116	4.55e-47	198
ptg000006l_rc_rotated	ptg000034l_1_1_1	90.132	152	12	2	12413	12561	30026257	30026408	5.89e-46	195
ptg000006l_rc_rotated	ptg000034l_1_1_1	93.694	111	7	0	11324	11434	7110215	7110105	1.28e-37	167
ptg000006l_rc_rotated	ptg000034l_1_1_1	95.699	93	4	0	11585	11677	15070901	15070993	1.29e-32	150
ptg000006l_rc_rotated	ptg000034l_1_1_1	86.014	143	10	7	11098	11237	22895197	22895062	6.02e-31	145
ptg000006l_rc_rotated	ptg000034l_1_1_1	92.208	77	6	0	12488	12564	38612964	38612888	2.20e-20	110
ptg000006l_rc_rotated	ptg000034l_1_1_1	96.774	62	2	0	11276	11337	21875131	21875192	1.02e-18	104
ptg000006l_rc_rotated	ptg000034l_1_1_1	77.841	176	28	7	11124	11298	19121567	19121402	4.75e-17	99.0
ptg000006l_rc_rotated	ptg000034l_1_1_1	98.214	56	1	0	4664	4719	25699065	25699120	4.75e-17	99.0
ptg000006l_rc_rotated	ptg000034l_1_1_1	100.000	53	0	0	8409	8461	42467457	42467509	4.75e-17	99.0
ptg000006l_rc_rotated	ptg000034l_1_1_1	100.000	53	0	0	8576	8628	42467457	42467509	4.75e-17	99.0
ptg000006l_rc_rotated	ptg000034l_1_1_1	100.000	53	0	0	9014	9066	42467457	42467509	4.75e-17	99.0
ptg000006l_rc_rotated	ptg000034l_1_1_1	98.113	53	1	0	8284	8336	42467457	42467509	2.21e-15	93.5
ptg000006l_rc_rotated	ptg000034l_1_1_1	98.113	53	1	0	8388	8440	42467457	42467509	2.21e-15	93.5
ptg000006l_rc_rotated	ptg000034l_1_1_1	98.113	53	1	0	8534	8586	42467457	42467509	2.21e-15	93.5
ptg000006l_rc_rotated	ptg000034l_1_1_1	98.113	53	1	0	8555	8607	42467457	42467509	2.21e-15	93.5
ptg000006l_rc_rotated	ptg000034l_1_1_1	98.113	53	1	0	8680	8732	42467457	42467509	2.21e-15	93.5
ptg000006l_rc_rotated	ptg000034l_1_1_1	98.113	53	1	0	8701	8753	42467457	42467509	2.21e-15	93.5
ptg000006l_rc_rotated	ptg000034l_1_1_1	98.113	53	1	0	8722	8774	42467457	42467509	2.21e-15	93.5
ptg000006l_rc_rotated	ptg000034l_1_1_1	98.113	53	1	0	8826	8878	42467457	42467509	2.21e-15	93.5
ptg000006l_rc_rotated	ptg000034l_1_1_1	98.113	53	1	0	8847	8899	42467457	42467509	2.21e-15	93.5
ptg000006l_rc_rotated	ptg000034l_1_1_1	98.113	53	1	0	8868	8920	42467457	42467509	2.21e-15	93.5
ptg000006l_rc_rotated	ptg000034l_1_1_1	98.113	53	1	0	8972	9024	42467457	42467509	2.21e-15	93.5
ptg000006l_rc_rotated	ptg000034l_1_1_1	98.113	53	1	0	8993	9045	42467457	42467509	2.21e-15	93.5
ptg000006l_rc_rotated	ptg000034l_1_1_1	98.113	53	1	0	9118	9170	42467457	42467509	2.21e-15	93.5
ptg000006l_rc_rotated	ptg000034l_1_1_1	98.113	53	1	0	9139	9191	42467457	42467509	2.21e-15	93.5
ptg000006l_rc_rotated	ptg000034l_1_1_1	98.113	53	1	0	9160	9212	42467457	42467509	2.21e-15	93.5
ptg000006l_rc_rotated	ptg000034l_1_1_1	98.113	53	1	0	9264	9316	42467457	42467509	2.21e-15	93.5
ptg000006l_rc_rotated	ptg000034l_1_1_1	98.113	53	1	0	9285	9337	42467457	42467509	2.21e-15	93.5
ptg000006l_rc_rotated	ptg000034l_1_1_1	98.113	53	1	0	9306	9358	42467457	42467509	2.21e-15	93.5
ptg000006l_rc_rotated	ptg000034l_1_1_1	98.113	53	1	0	9410	9462	42467457	42467509	2.21e-15	93.5
ptg000006l_rc_rotated	ptg000034l_1_1_1	98.113	53	1	0	9431	9483	42467457	42467509	2.21e-15	93.5
ptg000006l_rc_rotated	ptg000034l_1_1_1	98.113	53	1	0	9452	9504	42467457	42467509	2.21e-15	93.5
ptg000006l_rc_rotated	ptg000034l_1_1_1	98.113	53	1	0	9598	9650	42467457	42467509	2.21e-15	93.5
ptg000006l_rc_rotated	ptg000034l_1_1_1	98.113	53	1	0	9702	9754	42467457	42467509	2.21e-15	93.5
ptg000006l_rc_rotated	ptg000034l_1_1_1	98.113	53	1	0	9723	9775	42467457	42467509	2.21e-15	93.5
ptg000006l_rc_rotated	ptg000034l_1_1_1	98.113	53	1	0	9744	9796	42467457	42467509	2.21e-15	93.5
ptg000006l_rc_rotated	ptg000034l_1_1_1	98.113	53	1	0	9848	9900	42467457	42467509	2.21e-15	93.5
ptg000006l_rc_rotated	ptg000034l_1_1_1	98.113	53	1	0	9869	9921	42467457	42467509	2.21e-15	93.5
ptg000006l_rc_rotated	ptg000034l_1_1_1	98.113	53	1	0	9890	9942	42467457	42467509	2.21e-15	93.5
ptg000006l_rc_rotated	ptg000034l_1_1_1	98.113	53	1	0	10036	10088	42467457	42467509	2.21e-15	93.5
ptg000006l_rc_rotated	ptg000034l_1_1_1	98.113	53	1	0	10140	10192	42467457	42467509	2.21e-15	93.5
ptg000006l_rc_rotated	ptg000034l_1_1_1	98.113	53	1	0	10161	10213	42467457	42467509	2.21e-15	93.5
ptg000006l_rc_rotated	ptg000034l_1_1_1	98.113	53	1	0	10182	10234	42467457	42467509	2.21e-15	93.5
ptg000006l_rc_rotated	ptg000034l_1_1_1	93.443	61	3	1	8422	8482	24263987	24263928	2.86e-14	89.8
ptg000006l_rc_rotated	ptg000034l_1_1_1	96.226	53	2	0	9556	9608	42467457	42467509	1.03e-13	87.9
ptg000006l_rc_rotated	ptg000034l_1_1_1	96.226	53	2	0	9577	9629	42467457	42467509	1.03e-13	87.9
ptg000006l_rc_rotated	ptg000034l_1_1_1	96.226	53	2	0	9994	10046	42467457	42467509	1.03e-13	87.9
ptg000006l_rc_rotated	ptg000034l_1_1_1	96.226	53	2	0	10015	10067	42467457	42467509	1.03e-13	87.9
ptg000006l_rc_rotated	ptg000034l_1_1_1	90.625	64	6	0	18567	18630	27726239	27726302	3.70e-13	86.1
ptg000006l_rc_rotated	ptg000034l_1_1_1	91.803	61	4	1	9027	9087	24263987	24263928	1.33e-12	84.2
ptg000006l_rc_rotated	ptg000034l_1_1_1	85.185	81	10	1	12831	12911	19729728	19729806	4.79e-12	82.4
ptg000006l_rc_rotated	ptg000034l_1_1_1	94.231	52	3	0	11621	11672	27888789	27888840	1.72e-11	80.5
ptg000006l_rc_rotated	ptg000034l_1_1_1	97.826	46	1	0	8305	8350	42467457	42467502	1.72e-11	80.5
ptg000006l_rc_rotated	ptg000034l_1_1_1	97.826	46	1	0	8451	8496	42467457	42467502	1.72e-11	80.5
ptg000006l_rc_rotated	ptg000034l_1_1_1	97.826	46	1	0	8597	8642	42467457	42467502	1.72e-11	80.5
ptg000006l_rc_rotated	ptg000034l_1_1_1	97.826	46	1	0	8743	8788	42467457	42467502	1.72e-11	80.5
ptg000006l_rc_rotated	ptg000034l_1_1_1	97.826	46	1	0	8889	8934	42467457	42467502	1.72e-11	80.5
ptg000006l_rc_rotated	ptg000034l_1_1_1	97.826	46	1	0	9181	9226	42467457	42467502	1.72e-11	80.5
ptg000006l_rc_rotated	ptg000034l_1_1_1	97.826	46	1	0	9327	9372	42467457	42467502	1.72e-11	80.5
ptg000006l_rc_rotated	ptg000034l_1_1_1	97.826	46	1	0	9473	9518	42467457	42467502	1.72e-11	80.5
ptg000006l_rc_rotated	ptg000034l_1_1_1	97.826	46	1	0	9619	9664	42467457	42467502	1.72e-11	80.5
ptg000006l_rc_rotated	ptg000034l_1_1_1	97.826	46	1	0	9765	9810	42467457	42467502	1.72e-11	80.5
ptg000006l_rc_rotated	ptg000034l_1_1_1	97.826	46	1	0	9911	9956	42467457	42467502	1.72e-11	80.5
ptg000006l_rc_rotated	ptg000034l_1_1_1	97.826	46	1	0	10057	10102	42467457	42467502	1.72e-11	80.5
ptg000006l_rc_rotated	ptg000034l_1_1_1	90.164	61	4	2	3812	3871	8151613	8151672	6.19e-11	78.7
ptg000006l_rc_rotated	ptg000034l_1_1_1	90.164	61	5	1	8589	8649	24263987	24263928	6.19e-11	78.7
ptg000006l_rc_rotated	ptg000034l_1_1_1	97.619	42	1	0	10203	10244	42467457	42467498	2.88e-09	73.1
ptg000006l_rc_rotated	ptg000034l_1_1_1	88.136	59	7	0	3012	3070	24492193	24492135	1.04e-08	71.3
ptg000006l_rc_rotated	ptg000034l_1_1_1	100.000	33	0	0	8610	8642	24263987	24263955	6.24e-06	62.1
ptg000006l_rc_rotated	ptg000034l_1_1_1	100.000	29	0	0	16998	17026	4366606	4366634	0.001	54.7
ptg000006l_rc_rotated	ptg000034l_1_1_1	83.333	60	8	2	3177	3235	29039772	29039830	0.001	54.7
ptg000006l_rc_rotated	ptg000020l_1_1_1	75.531	989	203	28	2921	3887	63233003	63233974	1.14e-122	449
ptg000006l_rc_rotated	ptg000020l_1_1_1	93.833	227	14	0	2603	2829	34296485	34296711	1.99e-90	342
ptg000006l_rc_rotated	ptg000020l_1_1_1	87.383	214	23	3	8879	9091	26165684	26165894	2.07e-60	243
ptg000006l_rc_rotated	ptg000020l_1_1_1	86.916	214	24	3	8295	8507	26165684	26165894	9.65e-59	237
ptg000006l_rc_rotated	ptg000020l_1_1_1	86.916	214	24	3	8587	8799	26165684	26165894	9.65e-59	237
ptg000006l_rc_rotated	ptg000020l_1_1_1	86.916	214	24	3	9171	9383	26165684	26165894	9.65e-59	237
ptg000006l_rc_rotated	ptg000020l_1_1_1	86.916	214	24	3	9317	9529	26165684	26165894	9.65e-59	237
ptg000006l_rc_rotated	ptg000020l_1_1_1	86.916	214	24	3	9609	9821	26165684	26165894	9.65e-59	237
ptg000006l_rc_rotated	ptg000020l_1_1_1	86.916	214	24	3	9755	9967	26165684	26165894	9.65e-59	237
ptg000006l_rc_rotated	ptg000020l_1_1_1	86.449	214	25	3	8733	8945	26165684	26165894	4.49e-57	231
ptg000006l_rc_rotated	ptg000020l_1_1_1	86.449	214	25	3	9463	9675	26165684	26165894	4.49e-57	231
ptg000006l_rc_rotated	ptg000020l_1_1_1	86.449	214	25	3	9901	10113	26165684	26165894	4.49e-57	231
ptg000006l_rc_rotated	ptg000020l_1_1_1	90.055	181	15	2	10047	10226	26165684	26165862	4.49e-57	231
ptg000006l_rc_rotated	ptg000020l_1_1_1	84.615	221	30	4	8566	8785	26165684	26165901	1.26e-52	217
ptg000006l_rc_rotated	ptg000020l_1_1_1	88.827	179	16	3	8524	8701	26165726	26165901	1.26e-52	217
ptg000006l_rc_rotated	ptg000020l_1_1_1	84.163	221	31	3	8274	8493	26165684	26165901	5.85e-51	211
ptg000006l_rc_rotated	ptg000020l_1_1_1	83.710	221	32	4	8712	8931	26165684	26165901	2.72e-49	206
ptg000006l_rc_rotated	ptg000020l_1_1_1	83.710	221	32	4	9004	9223	26165684	26165901	2.72e-49	206
ptg000006l_rc_rotated	ptg000020l_1_1_1	83.710	221	32	4	9150	9369	26165684	26165901	2.72e-49	206
ptg000006l_rc_rotated	ptg000020l_1_1_1	83.710	221	32	4	9296	9515	26165684	26165901	2.72e-49	206
ptg000006l_rc_rotated	ptg000020l_1_1_1	83.710	221	32	4	9588	9807	26165684	26165901	2.72e-49	206
ptg000006l_rc_rotated	ptg000020l_1_1_1	83.710	221	32	4	9734	9953	26165684	26165901	2.72e-49	206
ptg000006l_rc_rotated	ptg000020l_1_1_1	87.709	179	18	4	9546	9723	26165726	26165901	2.72e-49	206
ptg000006l_rc_rotated	ptg000020l_1_1_1	87.709	179	18	4	9984	10161	26165726	26165901	2.72e-49	206
ptg000006l_rc_rotated	ptg000020l_1_1_1	83.636	220	32	4	10026	10244	26165684	26165900	9.79e-49	204
ptg000006l_rc_rotated	ptg000020l_1_1_1	83.258	221	33	4	8858	9077	26165684	26165901	1.27e-47	200
ptg000006l_rc_rotated	ptg000020l_1_1_1	83.258	221	33	4	9442	9661	26165684	26165901	1.27e-47	200
ptg000006l_rc_rotated	ptg000020l_1_1_1	83.258	221	33	4	9880	10099	26165684	26165901	1.27e-47	200
ptg000006l_rc_rotated	ptg000020l_1_1_1	87.151	179	19	3	8962	9139	26165726	26165901	1.27e-47	200
ptg000006l_rc_rotated	ptg000020l_1_1_1	87.151	179	19	3	9254	9431	26165726	26165901	1.27e-47	200
ptg000006l_rc_rotated	ptg000020l_1_1_1	87.151	179	19	3	9400	9577	26165726	26165901	1.27e-47	200
ptg000006l_rc_rotated	ptg000020l_1_1_1	87.151	179	19	3	9692	9869	26165726	26165901	1.27e-47	200
ptg000006l_rc_rotated	ptg000020l_1_1_1	87.151	179	19	3	9838	10015	26165726	26165901	1.27e-47	200
ptg000006l_rc_rotated	ptg000020l_1_1_1	81.743	241	38	5	8359	8597	26165665	26165901	1.64e-46	196
ptg000006l_rc_rotated	ptg000020l_1_1_1	81.743	241	38	6	9381	9619	26165665	26165901	1.64e-46	196
ptg000006l_rc_rotated	ptg000020l_1_1_1	81.743	241	38	6	9819	10057	26165665	26165901	1.64e-46	196
ptg000006l_rc_rotated	ptg000020l_1_1_1	87.006	177	19	3	8818	8993	26165728	26165901	1.64e-46	196
ptg000006l_rc_rotated	ptg000020l_1_1_1	82.805	221	34	4	8399	8618	26165684	26165901	5.89e-46	195
ptg000006l_rc_rotated	ptg000020l_1_1_1	82.805	221	34	4	9421	9640	26165684	26165901	5.89e-46	195
ptg000006l_rc_rotated	ptg000020l_1_1_1	82.805	221	34	4	9859	10078	26165684	26165901	5.89e-46	195
ptg000006l_rc_rotated	ptg000020l_1_1_1	86.592	179	20	3	8670	8847	26165726	26165901	5.89e-46	195
ptg000006l_rc_rotated	ptg000020l_1_1_1	86.592	179	20	3	9108	9285	26165726	26165901	5.89e-46	195
ptg000006l_rc_rotated	ptg000020l_1_1_1	81.328	241	39	6	9235	9473	26165665	26165901	7.62e-45	191
ptg000006l_rc_rotated	ptg000020l_1_1_1	81.328	241	39	6	9673	9911	26165665	26165901	7.62e-45	191
ptg000006l_rc_rotated	ptg000020l_1_1_1	82.353	221	35	4	8545	8764	26165684	26165901	2.74e-44	189
ptg000006l_rc_rotated	ptg000020l_1_1_1	82.353	221	35	4	8983	9202	26165684	26165901	2.74e-44	189
ptg000006l_rc_rotated	ptg000020l_1_1_1	82.353	221	35	4	9129	9348	26165684	26165901	2.74e-44	189
ptg000006l_rc_rotated	ptg000020l_1_1_1	82.353	221	35	4	9275	9494	26165684	26165901	2.74e-44	189
ptg000006l_rc_rotated	ptg000020l_1_1_1	82.353	221	35	4	9713	9932	26165684	26165901	2.74e-44	189
ptg000006l_rc_rotated	ptg000020l_1_1_1	80.913	241	40	6	8651	8889	26165665	26165901	3.55e-43	185
ptg000006l_rc_rotated	ptg000020l_1_1_1	80.913	241	40	5	8797	9035	26165665	26165901	3.55e-43	185
ptg000006l_rc_rotated	ptg000020l_1_1_1	80.913	241	40	5	9089	9327	26165665	26165901	3.55e-43	185
ptg000006l_rc_rotated	ptg000020l_1_1_1	80.913	241	40	6	9527	9765	26165665	26165901	3.55e-43	185
ptg000006l_rc_rotated	ptg000020l_1_1_1	80.913	241	40	6	9965	10203	26165665	26165901	3.55e-43	185
ptg000006l_rc_rotated	ptg000020l_1_1_1	81.900	221	36	4	8691	8910	26165684	26165901	1.28e-42	183
ptg000006l_rc_rotated	ptg000020l_1_1_1	81.900	221	36	4	8837	9056	26165684	26165901	1.28e-42	183
ptg000006l_rc_rotated	ptg000020l_1_1_1	81.900	221	36	3	9567	9786	26165684	26165901	1.28e-42	183
ptg000006l_rc_rotated	ptg000020l_1_1_1	81.900	221	36	3	10005	10224	26165684	26165901	1.28e-42	183
ptg000006l_rc_rotated	ptg000020l_1_1_1	85.632	174	25	0	4296	4469	36728067	36728240	1.28e-42	183
ptg000006l_rc_rotated	ptg000020l_1_1_1	85.083	181	24	2	8462	8641	26165684	26165862	4.59e-42	182
ptg000006l_rc_rotated	ptg000020l_1_1_1	80.498	241	41	6	8943	9181	26165665	26165901	1.65e-41	180
ptg000006l_rc_rotated	ptg000020l_1_1_1	90.511	137	11	2	8274	8409	26165766	26165901	1.65e-41	180
ptg000006l_rc_rotated	ptg000020l_1_1_1	91.603	131	9	2	69	198	35561590	35561461	1.65e-41	180
ptg000006l_rc_rotated	ptg000020l_1_1_1	83.000	200	30	3	9108	9306	26165705	26165901	5.93e-41	178
ptg000006l_rc_rotated	ptg000020l_1_1_1	95.495	111	5	0	18836	18946	26837386	26837276	5.93e-41	178
ptg000006l_rc_rotated	ptg000020l_1_1_1	80.083	241	42	5	8505	8743	26165665	26165901	7.68e-40	174
ptg000006l_rc_rotated	ptg000020l_1_1_1	82.500	200	31	3	9254	9452	26165705	26165901	2.76e-39	172
ptg000006l_rc_rotated	ptg000020l_1_1_1	82.500	200	31	3	9692	9890	26165705	26165901	2.76e-39	172
ptg000006l_rc_rotated	ptg000020l_1_1_1	78.840	293	32	16	4567	4856	22404724	22404459	9.93e-39	171
ptg000006l_rc_rotated	ptg000020l_1_1_1	83.978	181	26	2	8900	9079	26165684	26165862	9.93e-39	171
ptg000006l_rc_rotated	ptg000020l_1_1_1	82.266	203	30	4	12272	12474	52584623	52584819	9.93e-39	171
ptg000006l_rc_rotated	ptg000020l_1_1_1	82.323	198	31	3	8380	8576	26165707	26165901	3.57e-38	169
ptg000006l_rc_rotated	ptg000020l_1_1_1	82.323	198	31	3	8818	9014	26165707	26165901	3.57e-38	169
ptg000006l_rc_rotated	ptg000020l_1_1_1	82.000	200	32	3	8524	8722	26165705	26165901	1.28e-37	167
ptg000006l_rc_rotated	ptg000020l_1_1_1	82.000	200	32	3	8670	8868	26165705	26165901	1.28e-37	167
ptg000006l_rc_rotated	ptg000020l_1_1_1	82.000	200	32	3	9546	9744	26165705	26165901	1.28e-37	167
ptg000006l_rc_rotated	ptg000020l_1_1_1	82.000	200	32	3	9984	10182	26165705	26165901	1.28e-37	167
ptg000006l_rc_rotated	ptg000020l_1_1_1	83.425	181	27	2	8316	8495	26165684	26165862	4.62e-37	165
ptg000006l_rc_rotated	ptg000020l_1_1_1	81.500	200	33	3	8962	9160	26165705	26165901	5.98e-36	161
ptg000006l_rc_rotated	ptg000020l_1_1_1	83.146	178	27	3	10068	10244	26165684	26165859	2.15e-35	159
ptg000006l_rc_rotated	ptg000020l_1_1_1	97.802	91	1	1	11578	11668	47445670	47445759	2.78e-34	156
ptg000006l_rc_rotated	ptg000020l_1_1_1	87.407	135	10	5	264	395	6070139	6070269	4.65e-32	148
ptg000006l_rc_rotated	ptg000020l_1_1_1	88.000	125	7	5	11530	11650	28258585	28258465	7.79e-30	141
ptg000006l_rc_rotated	ptg000020l_1_1_1	79.245	212	36	3	2444	2650	63443109	63442901	7.79e-30	141
ptg000006l_rc_rotated	ptg000020l_1_1_1	96.386	83	3	0	12960	13042	54293290	54293208	1.01e-28	137
ptg000006l_rc_rotated	ptg000020l_1_1_1	85.185	135	16	4	10111	10244	26165665	26165796	3.62e-28	135
ptg000006l_rc_rotated	ptg000020l_1_1_1	97.436	78	2	0	8418	8495	27052984	27052907	1.30e-27	134
ptg000006l_rc_rotated	ptg000020l_1_1_1	88.889	108	12	0	4292	4399	61390252	61390145	1.30e-27	134
ptg000006l_rc_rotated	ptg000020l_1_1_1	98.649	74	1	0	9110	9183	27052980	27052907	4.69e-27	132
ptg000006l_rc_rotated	ptg000020l_1_1_1	100.000	71	0	0	10042	10112	56459003	56458933	4.69e-27	132
ptg000006l_rc_rotated	ptg000020l_1_1_1	100.000	71	0	0	9896	9966	56459003	56458933	4.69e-27	132
ptg000006l_rc_rotated	ptg000020l_1_1_1	100.000	71	0	0	9750	9820	56459003	56458933	4.69e-27	132
ptg000006l_rc_rotated	ptg000020l_1_1_1	100.000	71	0	0	9604	9674	56459003	56458933	4.69e-27	132
ptg000006l_rc_rotated	ptg000020l_1_1_1	100.000	71	0	0	9458	9528	56459003	56458933	4.69e-27	132
ptg000006l_rc_rotated	ptg000020l_1_1_1	100.000	71	0	0	9312	9382	56459003	56458933	4.69e-27	132
ptg000006l_rc_rotated	ptg000020l_1_1_1	100.000	71	0	0	9166	9236	56459003	56458933	4.69e-27	132
ptg000006l_rc_rotated	ptg000020l_1_1_1	100.000	71	0	0	8874	8944	56459003	56458933	4.69e-27	132
ptg000006l_rc_rotated	ptg000020l_1_1_1	100.000	71	0	0	8728	8798	56459003	56458933	4.69e-27	132
ptg000006l_rc_rotated	ptg000020l_1_1_1	100.000	71	0	0	8290	8360	56459003	56458933	4.69e-27	132
ptg000006l_rc_rotated	ptg000020l_1_1_1	96.154	78	3	0	10149	10226	27052984	27052907	6.06e-26	128
ptg000006l_rc_rotated	ptg000020l_1_1_1	96.154	78	3	0	10024	10101	27052984	27052907	6.06e-26	128
ptg000006l_rc_rotated	ptg000020l_1_1_1	96.154	78	3	0	9878	9955	27052984	27052907	6.06e-26	128
ptg000006l_rc_rotated	ptg000020l_1_1_1	96.154	78	3	0	9857	9934	27052984	27052907	6.06e-26	128
ptg000006l_rc_rotated	ptg000020l_1_1_1	96.154	78	3	0	9732	9809	27052984	27052907	6.06e-26	128
ptg000006l_rc_rotated	ptg000020l_1_1_1	96.154	78	3	0	9711	9788	27052984	27052907	6.06e-26	128
ptg000006l_rc_rotated	ptg000020l_1_1_1	96.154	78	3	0	9586	9663	27052984	27052907	6.06e-26	128
ptg000006l_rc_rotated	ptg000020l_1_1_1	96.154	78	3	0	9440	9517	27052984	27052907	6.06e-26	128
ptg000006l_rc_rotated	ptg000020l_1_1_1	96.154	78	3	0	9419	9496	27052984	27052907	6.06e-26	128
ptg000006l_rc_rotated	ptg000020l_1_1_1	96.154	78	3	0	9294	9371	27052984	27052907	6.06e-26	128
ptg000006l_rc_rotated	ptg000020l_1_1_1	96.154	78	3	0	9273	9350	27052984	27052907	6.06e-26	128
ptg000006l_rc_rotated	ptg000020l_1_1_1	96.154	78	3	0	9148	9225	27052984	27052907	6.06e-26	128
ptg000006l_rc_rotated	ptg000020l_1_1_1	96.154	78	3	0	9127	9204	27052984	27052907	6.06e-26	128
ptg000006l_rc_rotated	ptg000020l_1_1_1	96.154	78	3	0	8856	8933	27052984	27052907	6.06e-26	128
ptg000006l_rc_rotated	ptg000020l_1_1_1	96.154	78	3	0	8835	8912	27052984	27052907	6.06e-26	128
ptg000006l_rc_rotated	ptg000020l_1_1_1	96.154	78	3	0	8710	8787	27052984	27052907	6.06e-26	128
ptg000006l_rc_rotated	ptg000020l_1_1_1	96.154	78	3	0	8689	8766	27052984	27052907	6.06e-26	128
ptg000006l_rc_rotated	ptg000020l_1_1_1	96.154	78	3	0	8272	8349	27052984	27052907	6.06e-26	128
ptg000006l_rc_rotated	ptg000020l_1_1_1	90.625	96	9	0	11317	11412	33345578	33345483	6.06e-26	128
ptg000006l_rc_rotated	ptg000020l_1_1_1	97.297	74	2	0	10132	10205	27052980	27052907	2.18e-25	126
ptg000006l_rc_rotated	ptg000020l_1_1_1	97.297	74	2	0	9840	9913	27052980	27052907	2.18e-25	126
ptg000006l_rc_rotated	ptg000020l_1_1_1	97.297	74	2	0	9694	9767	27052980	27052907	2.18e-25	126
ptg000006l_rc_rotated	ptg000020l_1_1_1	97.297	74	2	0	9402	9475	27052980	27052907	2.18e-25	126
ptg000006l_rc_rotated	ptg000020l_1_1_1	97.297	74	2	0	9256	9329	27052980	27052907	2.18e-25	126
ptg000006l_rc_rotated	ptg000020l_1_1_1	97.297	74	2	0	8964	9037	27052980	27052907	2.18e-25	126
ptg000006l_rc_rotated	ptg000020l_1_1_1	97.297	74	2	0	8818	8891	27052980	27052907	2.18e-25	126
ptg000006l_rc_rotated	ptg000020l_1_1_1	97.297	74	2	0	8672	8745	27052980	27052907	2.18e-25	126
ptg000006l_rc_rotated	ptg000020l_1_1_1	98.592	71	1	0	9020	9090	56459003	56458933	2.18e-25	126
ptg000006l_rc_rotated	ptg000020l_1_1_1	98.592	71	1	0	8436	8506	56459003	56458933	2.18e-25	126
ptg000006l_rc_rotated	ptg000020l_1_1_1	93.976	83	5	0	10026	10108	61013030	61012948	2.18e-25	126
ptg000006l_rc_rotated	ptg000020l_1_1_1	93.976	83	5	0	9880	9962	61013030	61012948	2.18e-25	126
ptg000006l_rc_rotated	ptg000020l_1_1_1	93.976	83	5	0	9734	9816	61013030	61012948	2.18e-25	126
ptg000006l_rc_rotated	ptg000020l_1_1_1	93.976	83	5	0	9588	9670	61013030	61012948	2.18e-25	126
ptg000006l_rc_rotated	ptg000020l_1_1_1	93.976	83	5	0	9442	9524	61013030	61012948	2.18e-25	126
ptg000006l_rc_rotated	ptg000020l_1_1_1	93.976	83	5	0	9296	9378	61013030	61012948	2.18e-25	126
ptg000006l_rc_rotated	ptg000020l_1_1_1	93.976	83	5	0	9150	9232	61013030	61012948	2.18e-25	126
ptg000006l_rc_rotated	ptg000020l_1_1_1	93.976	83	5	0	8858	8940	61013030	61012948	2.18e-25	126
ptg000006l_rc_rotated	ptg000020l_1_1_1	93.976	83	5	0	8712	8794	61013030	61012948	2.18e-25	126
ptg000006l_rc_rotated	ptg000020l_1_1_1	93.976	83	5	0	8274	8356	61013030	61012948	2.18e-25	126
ptg000006l_rc_rotated	ptg000020l_1_1_1	96.053	76	3	0	320	395	66091832	66091907	7.84e-25	124
ptg000006l_rc_rotated	ptg000020l_1_1_1	94.872	78	4	0	10003	10080	27052984	27052907	2.82e-24	122
ptg000006l_rc_rotated	ptg000020l_1_1_1	94.872	78	4	0	9565	9642	27052984	27052907	2.82e-24	122
ptg000006l_rc_rotated	ptg000020l_1_1_1	94.872	78	4	0	8981	9058	27052984	27052907	2.82e-24	122
ptg000006l_rc_rotated	ptg000020l_1_1_1	94.872	78	4	0	8543	8620	27052984	27052907	2.82e-24	122
ptg000006l_rc_rotated	ptg000020l_1_1_1	96.000	75	3	0	10170	10244	27052984	27052910	2.82e-24	122
ptg000006l_rc_rotated	ptg000020l_1_1_1	98.529	68	1	0	8407	8474	8087326	8087393	1.01e-23	121
ptg000006l_rc_rotated	ptg000020l_1_1_1	98.529	68	1	0	9012	9079	8087326	8087393	1.01e-23	121
ptg000006l_rc_rotated	ptg000020l_1_1_1	95.946	74	3	0	9986	10059	27052980	27052907	1.01e-23	121
ptg000006l_rc_rotated	ptg000020l_1_1_1	95.946	74	3	0	9548	9621	27052980	27052907	1.01e-23	121
ptg000006l_rc_rotated	ptg000020l_1_1_1	95.946	74	3	0	8380	8453	27052980	27052907	1.01e-23	121
ptg000006l_rc_rotated	ptg000020l_1_1_1	98.529	68	1	0	8532	8599	27052974	27052907	1.01e-23	121
ptg000006l_rc_rotated	ptg000020l_1_1_1	97.183	71	2	0	8582	8652	56459003	56458933	1.01e-23	121
ptg000006l_rc_rotated	ptg000020l_1_1_1	92.771	83	6	0	9004	9086	61013030	61012948	1.01e-23	121
ptg000006l_rc_rotated	ptg000020l_1_1_1	94.805	77	4	0	10151	10227	61013030	61012954	1.01e-23	121
ptg000006l_rc_rotated	ptg000020l_1_1_1	94.805	77	4	0	10130	10206	61013030	61012954	1.01e-23	121
ptg000006l_rc_rotated	ptg000020l_1_1_1	94.805	77	4	0	9859	9935	61013030	61012954	1.01e-23	121
ptg000006l_rc_rotated	ptg000020l_1_1_1	94.805	77	4	0	9838	9914	61013030	61012954	1.01e-23	121
ptg000006l_rc_rotated	ptg000020l_1_1_1	94.805	77	4	0	9713	9789	61013030	61012954	1.01e-23	121
ptg000006l_rc_rotated	ptg000020l_1_1_1	94.805	77	4	0	9692	9768	61013030	61012954	1.01e-23	121
ptg000006l_rc_rotated	ptg000020l_1_1_1	94.805	77	4	0	9421	9497	61013030	61012954	1.01e-23	121
ptg000006l_rc_rotated	ptg000020l_1_1_1	94.805	77	4	0	9400	9476	61013030	61012954	1.01e-23	121
ptg000006l_rc_rotated	ptg000020l_1_1_1	94.805	77	4	0	9275	9351	61013030	61012954	1.01e-23	121
ptg000006l_rc_rotated	ptg000020l_1_1_1	94.805	77	4	0	9254	9330	61013030	61012954	1.01e-23	121
ptg000006l_rc_rotated	ptg000020l_1_1_1	94.805	77	4	0	9129	9205	61013030	61012954	1.01e-23	121
ptg000006l_rc_rotated	ptg000020l_1_1_1	94.805	77	4	0	8962	9038	61013030	61012954	1.01e-23	121
ptg000006l_rc_rotated	ptg000020l_1_1_1	94.805	77	4	0	8837	8913	61013030	61012954	1.01e-23	121
ptg000006l_rc_rotated	ptg000020l_1_1_1	94.805	77	4	0	8691	8767	61013030	61012954	1.01e-23	121
ptg000006l_rc_rotated	ptg000020l_1_1_1	94.805	77	4	0	8670	8746	61013030	61012954	1.01e-23	121
ptg000006l_rc_rotated	ptg000020l_1_1_1	88.000	100	12	0	12813	12912	3205116	3205017	3.65e-23	119
ptg000006l_rc_rotated	ptg000020l_1_1_1	82.482	137	22	2	8295	8430	26165766	26165901	3.65e-23	119
ptg000006l_rc_rotated	ptg000020l_1_1_1	91.860	86	4	3	2940	3024	26837293	26837210	1.31e-22	117
ptg000006l_rc_rotated	ptg000020l_1_1_1	94.667	75	4	0	8818	8892	61013028	61012954	1.31e-22	117
ptg000006l_rc_rotated	ptg000020l_1_1_1	95.775	71	3	0	11605	11675	2663960	2663890	4.72e-22	115
ptg000006l_rc_rotated	ptg000020l_1_1_1	97.059	68	2	0	8282	8349	8087326	8087393	4.72e-22	115
ptg000006l_rc_rotated	ptg000020l_1_1_1	97.059	68	2	0	8532	8599	8087326	8087393	4.72e-22	115
ptg000006l_rc_rotated	ptg000020l_1_1_1	97.059	68	2	0	8574	8641	8087326	8087393	4.72e-22	115
ptg000006l_rc_rotated	ptg000020l_1_1_1	97.059	68	2	0	8678	8745	8087326	8087393	4.72e-22	115
ptg000006l_rc_rotated	ptg000020l_1_1_1	97.059	68	2	0	8699	8766	8087326	8087393	4.72e-22	115
ptg000006l_rc_rotated	ptg000020l_1_1_1	97.059	68	2	0	8720	8787	8087326	8087393	4.72e-22	115
ptg000006l_rc_rotated	ptg000020l_1_1_1	97.059	68	2	0	8824	8891	8087326	8087393	4.72e-22	115
ptg000006l_rc_rotated	ptg000020l_1_1_1	97.059	68	2	0	8845	8912	8087326	8087393	4.72e-22	115
ptg000006l_rc_rotated	ptg000020l_1_1_1	97.059	68	2	0	8866	8933	8087326	8087393	4.72e-22	115
ptg000006l_rc_rotated	ptg000020l_1_1_1	97.059	68	2	0	8970	9037	8087326	8087393	4.72e-22	115
ptg000006l_rc_rotated	ptg000020l_1_1_1	97.059	68	2	0	9116	9183	8087326	8087393	4.72e-22	115
ptg000006l_rc_rotated	ptg000020l_1_1_1	97.059	68	2	0	9137	9204	8087326	8087393	4.72e-22	115
ptg000006l_rc_rotated	ptg000020l_1_1_1	97.059	68	2	0	9158	9225	8087326	8087393	4.72e-22	115
ptg000006l_rc_rotated	ptg000020l_1_1_1	97.059	68	2	0	9262	9329	8087326	8087393	4.72e-22	115
ptg000006l_rc_rotated	ptg000020l_1_1_1	97.059	68	2	0	9283	9350	8087326	8087393	4.72e-22	115
ptg000006l_rc_rotated	ptg000020l_1_1_1	97.059	68	2	0	9304	9371	8087326	8087393	4.72e-22	115
ptg000006l_rc_rotated	ptg000020l_1_1_1	97.059	68	2	0	9408	9475	8087326	8087393	4.72e-22	115
ptg000006l_rc_rotated	ptg000020l_1_1_1	97.059	68	2	0	9429	9496	8087326	8087393	4.72e-22	115
ptg000006l_rc_rotated	ptg000020l_1_1_1	97.059	68	2	0	9450	9517	8087326	8087393	4.72e-22	115
ptg000006l_rc_rotated	ptg000020l_1_1_1	97.059	68	2	0	9596	9663	8087326	8087393	4.72e-22	115
ptg000006l_rc_rotated	ptg000020l_1_1_1	97.059	68	2	0	9700	9767	8087326	8087393	4.72e-22	115
ptg000006l_rc_rotated	ptg000020l_1_1_1	97.059	68	2	0	9721	9788	8087326	8087393	4.72e-22	115
ptg000006l_rc_rotated	ptg000020l_1_1_1	97.059	68	2	0	9742	9809	8087326	8087393	4.72e-22	115
ptg000006l_rc_rotated	ptg000020l_1_1_1	97.059	68	2	0	9846	9913	8087326	8087393	4.72e-22	115
ptg000006l_rc_rotated	ptg000020l_1_1_1	97.059	68	2	0	9867	9934	8087326	8087393	4.72e-22	115
ptg000006l_rc_rotated	ptg000020l_1_1_1	97.059	68	2	0	9888	9955	8087326	8087393	4.72e-22	115
ptg000006l_rc_rotated	ptg000020l_1_1_1	97.059	68	2	0	10034	10101	8087326	8087393	4.72e-22	115
ptg000006l_rc_rotated	ptg000020l_1_1_1	97.059	68	2	0	10138	10205	8087326	8087393	4.72e-22	115
ptg000006l_rc_rotated	ptg000020l_1_1_1	97.059	68	2	0	10159	10226	8087326	8087393	4.72e-22	115
ptg000006l_rc_rotated	ptg000020l_1_1_1	95.775	71	3	0	10167	10237	56459003	56458933	4.72e-22	115
ptg000006l_rc_rotated	ptg000020l_1_1_1	95.775	71	3	0	10146	10216	56459003	56458933	4.72e-22	115
ptg000006l_rc_rotated	ptg000020l_1_1_1	95.775	71	3	0	9875	9945	56459003	56458933	4.72e-22	115
ptg000006l_rc_rotated	ptg000020l_1_1_1	95.775	71	3	0	9854	9924	56459003	56458933	4.72e-22	115
ptg000006l_rc_rotated	ptg000020l_1_1_1	95.775	71	3	0	9729	9799	56459003	56458933	4.72e-22	115
ptg000006l_rc_rotated	ptg000020l_1_1_1	95.775	71	3	0	9708	9778	56459003	56458933	4.72e-22	115
ptg000006l_rc_rotated	ptg000020l_1_1_1	95.775	71	3	0	9437	9507	56459003	56458933	4.72e-22	115
ptg000006l_rc_rotated	ptg000020l_1_1_1	95.775	71	3	0	9416	9486	56459003	56458933	4.72e-22	115
ptg000006l_rc_rotated	ptg000020l_1_1_1	95.775	71	3	0	9291	9361	56459003	56458933	4.72e-22	115
ptg000006l_rc_rotated	ptg000020l_1_1_1	95.775	71	3	0	9270	9340	56459003	56458933	4.72e-22	115
ptg000006l_rc_rotated	ptg000020l_1_1_1	95.775	71	3	0	9145	9215	56459003	56458933	4.72e-22	115
ptg000006l_rc_rotated	ptg000020l_1_1_1	95.775	71	3	0	9124	9194	56459003	56458933	4.72e-22	115
ptg000006l_rc_rotated	ptg000020l_1_1_1	95.775	71	3	0	8978	9048	56459003	56458933	4.72e-22	115
ptg000006l_rc_rotated	ptg000020l_1_1_1	95.775	71	3	0	8853	8923	56459003	56458933	4.72e-22	115
ptg000006l_rc_rotated	ptg000020l_1_1_1	95.775	71	3	0	8832	8902	56459003	56458933	4.72e-22	115
ptg000006l_rc_rotated	ptg000020l_1_1_1	95.775	71	3	0	8707	8777	56459003	56458933	4.72e-22	115
ptg000006l_rc_rotated	ptg000020l_1_1_1	95.775	71	3	0	8686	8756	56459003	56458933	4.72e-22	115
ptg000006l_rc_rotated	ptg000020l_1_1_1	95.775	71	3	0	8540	8610	56459003	56458933	4.72e-22	115
ptg000006l_rc_rotated	ptg000020l_1_1_1	91.566	83	7	0	8566	8648	61013030	61012948	4.72e-22	115
ptg000006l_rc_rotated	ptg000020l_1_1_1	93.506	77	5	0	9984	10060	61013030	61012954	4.72e-22	115
ptg000006l_rc_rotated	ptg000020l_1_1_1	93.506	77	5	0	9546	9622	61013030	61012954	4.72e-22	115
ptg000006l_rc_rotated	ptg000020l_1_1_1	93.506	77	5	0	8983	9059	61013030	61012954	4.72e-22	115
ptg000006l_rc_rotated	ptg000020l_1_1_1	93.506	77	5	0	8545	8621	61013030	61012954	4.72e-22	115
ptg000006l_rc_rotated	ptg000020l_1_1_1	93.506	77	5	0	8399	8475	61013030	61012954	4.72e-22	115
ptg000006l_rc_rotated	ptg000020l_1_1_1	100.000	61	0	0	8420	8480	6339120	6339060	1.70e-21	113
ptg000006l_rc_rotated	ptg000020l_1_1_1	90.698	86	6	2	294	377	20936271	20936186	1.70e-21	113
ptg000006l_rc_rotated	ptg000020l_1_1_1	94.521	73	4	0	10172	10244	61013030	61012958	1.70e-21	113
ptg000006l_rc_rotated	ptg000020l_1_1_1	95.652	69	3	0	10023	10091	56459001	56458933	6.10e-21	111
ptg000006l_rc_rotated	ptg000020l_1_1_1	95.652	69	3	0	9585	9653	56459001	56458933	6.10e-21	111
ptg000006l_rc_rotated	ptg000020l_1_1_1	95.652	69	3	0	8271	8339	56459001	56458933	6.10e-21	111
ptg000006l_rc_rotated	ptg000020l_1_1_1	93.333	75	5	0	8380	8454	61013028	61012954	6.10e-21	111
ptg000006l_rc_rotated	ptg000020l_1_1_1	98.387	62	1	0	10129	10190	6339121	6339060	2.20e-20	110
ptg000006l_rc_rotated	ptg000020l_1_1_1	98.387	62	1	0	9837	9898	6339121	6339060	2.20e-20	110
ptg000006l_rc_rotated	ptg000020l_1_1_1	98.387	62	1	0	9691	9752	6339121	6339060	2.20e-20	110
ptg000006l_rc_rotated	ptg000020l_1_1_1	98.387	62	1	0	9399	9460	6339121	6339060	2.20e-20	110
ptg000006l_rc_rotated	ptg000020l_1_1_1	98.387	62	1	0	9253	9314	6339121	6339060	2.20e-20	110
ptg000006l_rc_rotated	ptg000020l_1_1_1	98.387	62	1	0	8961	9022	6339121	6339060	2.20e-20	110
ptg000006l_rc_rotated	ptg000020l_1_1_1	98.387	62	1	0	8669	8730	6339121	6339060	2.20e-20	110
ptg000006l_rc_rotated	ptg000020l_1_1_1	95.588	68	3	0	8386	8453	8087326	8087393	2.20e-20	110
ptg000006l_rc_rotated	ptg000020l_1_1_1	95.588	68	3	0	8553	8620	8087326	8087393	2.20e-20	110
ptg000006l_rc_rotated	ptg000020l_1_1_1	95.588	68	3	0	8991	9058	8087326	8087393	2.20e-20	110
ptg000006l_rc_rotated	ptg000020l_1_1_1	95.588	68	3	0	9554	9621	8087326	8087393	2.20e-20	110
ptg000006l_rc_rotated	ptg000020l_1_1_1	95.588	68	3	0	9992	10059	8087326	8087393	2.20e-20	110
ptg000006l_rc_rotated	ptg000020l_1_1_1	96.923	65	2	0	10180	10244	8087326	8087390	2.20e-20	110
ptg000006l_rc_rotated	ptg000020l_1_1_1	94.366	71	4	0	10000	10070	56459003	56458933	2.20e-20	110
ptg000006l_rc_rotated	ptg000020l_1_1_1	94.366	71	4	0	9562	9632	56459003	56458933	2.20e-20	110
ptg000006l_rc_rotated	ptg000020l_1_1_1	94.366	71	4	0	8999	9069	56459003	56458933	2.20e-20	110
ptg000006l_rc_rotated	ptg000020l_1_1_1	94.366	71	4	0	8561	8631	56459003	56458933	2.20e-20	110
ptg000006l_rc_rotated	ptg000020l_1_1_1	94.366	71	4	0	8415	8485	56459003	56458933	2.20e-20	110
ptg000006l_rc_rotated	ptg000020l_1_1_1	94.366	71	4	0	8394	8464	56459003	56458933	2.20e-20	110
ptg000006l_rc_rotated	ptg000020l_1_1_1	93.243	74	3	1	8983	9054	6339120	6339047	7.90e-20	108
ptg000006l_rc_rotated	ptg000020l_1_1_1	93.243	74	3	1	8545	8616	6339120	6339047	7.90e-20	108
ptg000006l_rc_rotated	ptg000020l_1_1_1	98.361	61	1	0	10172	10232	6339120	6339060	7.90e-20	108
ptg000006l_rc_rotated	ptg000020l_1_1_1	98.361	61	1	0	10151	10211	6339120	6339060	7.90e-20	108
ptg000006l_rc_rotated	ptg000020l_1_1_1	98.361	61	1	0	10026	10086	6339120	6339060	7.90e-20	108
ptg000006l_rc_rotated	ptg000020l_1_1_1	98.361	61	1	0	9880	9940	6339120	6339060	7.90e-20	108
ptg000006l_rc_rotated	ptg000020l_1_1_1	98.361	61	1	0	9859	9919	6339120	6339060	7.90e-20	108
ptg000006l_rc_rotated	ptg000020l_1_1_1	98.361	61	1	0	9734	9794	6339120	6339060	7.90e-20	108
ptg000006l_rc_rotated	ptg000020l_1_1_1	98.361	61	1	0	9713	9773	6339120	6339060	7.90e-20	108
ptg000006l_rc_rotated	ptg000020l_1_1_1	98.361	61	1	0	9588	9648	6339120	6339060	7.90e-20	108
ptg000006l_rc_rotated	ptg000020l_1_1_1	98.361	61	1	0	9442	9502	6339120	6339060	7.90e-20	108
ptg000006l_rc_rotated	ptg000020l_1_1_1	98.361	61	1	0	9421	9481	6339120	6339060	7.90e-20	108
ptg000006l_rc_rotated	ptg000020l_1_1_1	98.361	61	1	0	9296	9356	6339120	6339060	7.90e-20	108
ptg000006l_rc_rotated	ptg000020l_1_1_1	98.361	61	1	0	9275	9335	6339120	6339060	7.90e-20	108
ptg000006l_rc_rotated	ptg000020l_1_1_1	98.361	61	1	0	9150	9210	6339120	6339060	7.90e-20	108
ptg000006l_rc_rotated	ptg000020l_1_1_1	98.361	61	1	0	9129	9189	6339120	6339060	7.90e-20	108
ptg000006l_rc_rotated	ptg000020l_1_1_1	98.361	61	1	0	8858	8918	6339120	6339060	7.90e-20	108
ptg000006l_rc_rotated	ptg000020l_1_1_1	98.361	61	1	0	8837	8897	6339120	6339060	7.90e-20	108
ptg000006l_rc_rotated	ptg000020l_1_1_1	98.361	61	1	0	8712	8772	6339120	6339060	7.90e-20	108
ptg000006l_rc_rotated	ptg000020l_1_1_1	98.361	61	1	0	8691	8751	6339120	6339060	7.90e-20	108
ptg000006l_rc_rotated	ptg000020l_1_1_1	98.361	61	1	0	8274	8334	6339120	6339060	7.90e-20	108
ptg000006l_rc_rotated	ptg000020l_1_1_1	95.522	67	3	0	10151	10217	26165684	26165750	7.90e-20	108
ptg000006l_rc_rotated	ptg000020l_1_1_1	95.522	67	3	0	10172	10238	26165684	26165750	7.90e-20	108
ptg000006l_rc_rotated	ptg000020l_1_1_1	89.412	85	7	2	2513	2596	39884273	39884356	2.84e-19	106
ptg000006l_rc_rotated	ptg000020l_1_1_1	95.455	66	3	0	10130	10195	56458998	56458933	2.84e-19	106
ptg000006l_rc_rotated	ptg000020l_1_1_1	95.455	66	3	0	9838	9903	56458998	56458933	2.84e-19	106
ptg000006l_rc_rotated	ptg000020l_1_1_1	95.455	66	3	0	9692	9757	56458998	56458933	2.84e-19	106
ptg000006l_rc_rotated	ptg000020l_1_1_1	95.455	66	3	0	9400	9465	56458998	56458933	2.84e-19	106
ptg000006l_rc_rotated	ptg000020l_1_1_1	95.455	66	3	0	9254	9319	56458998	56458933	2.84e-19	106
ptg000006l_rc_rotated	ptg000020l_1_1_1	95.455	66	3	0	8962	9027	56458998	56458933	2.84e-19	106
ptg000006l_rc_rotated	ptg000020l_1_1_1	95.455	66	3	0	8670	8735	56458998	56458933	2.84e-19	106
ptg000006l_rc_rotated	ptg000020l_1_1_1	100.000	57	0	0	10188	10244	56459003	56458947	2.84e-19	106
ptg000006l_rc_rotated	ptg000020l_1_1_1	95.455	66	2	1	7962	8026	867388	867453	1.02e-18	104
ptg000006l_rc_rotated	ptg000020l_1_1_1	93.056	72	3	1	8380	8449	6339118	6339047	1.02e-18	104
ptg000006l_rc_rotated	ptg000020l_1_1_1	96.774	62	2	0	9983	10044	6339121	6339060	1.02e-18	104
ptg000006l_rc_rotated	ptg000020l_1_1_1	96.774	62	2	0	9545	9606	6339121	6339060	1.02e-18	104
ptg000006l_rc_rotated	ptg000020l_1_1_1	96.774	62	2	0	9107	9168	6339121	6339060	1.02e-18	104
ptg000006l_rc_rotated	ptg000020l_1_1_1	96.774	62	2	0	8523	8584	6339121	6339060	1.02e-18	104
ptg000006l_rc_rotated	ptg000020l_1_1_1	98.305	59	1	0	8818	8876	6339118	6339060	1.02e-18	104
ptg000006l_rc_rotated	ptg000020l_1_1_1	100.000	56	0	0	9025	9080	6339120	6339065	1.02e-18	104
ptg000006l_rc_rotated	ptg000020l_1_1_1	96.721	61	2	0	10005	10065	6339120	6339060	3.67e-18	102
ptg000006l_rc_rotated	ptg000020l_1_1_1	96.721	61	2	0	9567	9627	6339120	6339060	3.67e-18	102
ptg000006l_rc_rotated	ptg000020l_1_1_1	98.276	58	1	0	8271	8328	27052964	27052907	3.67e-18	102
ptg000006l_rc_rotated	ptg000020l_1_1_1	100.000	55	0	0	8524	8578	27052961	27052907	3.67e-18	102
ptg000006l_rc_rotated	ptg000020l_1_1_1	98.276	58	1	0	11136	11193	56458937	56458880	3.67e-18	102
ptg000006l_rc_rotated	ptg000020l_1_1_1	95.312	64	3	0	8818	8881	56458996	56458933	3.67e-18	102
ptg000006l_rc_rotated	ptg000020l_1_1_1	95.312	64	3	0	8380	8443	56458996	56458933	3.67e-18	102
ptg000006l_rc_rotated	ptg000020l_1_1_1	92.754	69	5	0	9023	9091	27052984	27052916	1.32e-17	100
ptg000006l_rc_rotated	ptg000020l_1_1_1	93.939	66	4	0	9984	10049	56458998	56458933	1.32e-17	100
ptg000006l_rc_rotated	ptg000020l_1_1_1	93.939	66	4	0	9546	9611	56458998	56458933	1.32e-17	100
ptg000006l_rc_rotated	ptg000020l_1_1_1	93.939	66	4	0	9108	9173	56458998	56458933	1.32e-17	100
ptg000006l_rc_rotated	ptg000020l_1_1_1	93.939	66	4	0	8524	8589	56458998	56458933	1.32e-17	100
ptg000006l_rc_rotated	ptg000020l_1_1_1	98.214	56	1	0	10047	10102	6339120	6339065	4.75e-17	99.0
ptg000006l_rc_rotated	ptg000020l_1_1_1	98.214	56	1	0	9901	9956	6339120	6339065	4.75e-17	99.0
ptg000006l_rc_rotated	ptg000020l_1_1_1	98.214	56	1	0	9755	9810	6339120	6339065	4.75e-17	99.0
ptg000006l_rc_rotated	ptg000020l_1_1_1	98.214	56	1	0	9609	9664	6339120	6339065	4.75e-17	99.0
ptg000006l_rc_rotated	ptg000020l_1_1_1	98.214	56	1	0	9463	9518	6339120	6339065	4.75e-17	99.0
ptg000006l_rc_rotated	ptg000020l_1_1_1	98.214	56	1	0	9317	9372	6339120	6339065	4.75e-17	99.0
ptg000006l_rc_rotated	ptg000020l_1_1_1	98.214	56	1	0	9171	9226	6339120	6339065	4.75e-17	99.0
ptg000006l_rc_rotated	ptg000020l_1_1_1	98.214	56	1	0	8879	8934	6339120	6339065	4.75e-17	99.0
ptg000006l_rc_rotated	ptg000020l_1_1_1	98.214	56	1	0	8733	8788	6339120	6339065	4.75e-17	99.0
ptg000006l_rc_rotated	ptg000020l_1_1_1	98.214	56	1	0	8587	8642	6339120	6339065	4.75e-17	99.0
ptg000006l_rc_rotated	ptg000020l_1_1_1	98.214	56	1	0	8295	8350	6339120	6339065	4.75e-17	99.0
ptg000006l_rc_rotated	ptg000020l_1_1_1	93.846	65	4	0	8587	8651	34584436	34584372	4.75e-17	99.0
ptg000006l_rc_rotated	ptg000020l_1_1_1	98.182	55	1	0	10130	10184	27052961	27052907	1.71e-16	97.1
ptg000006l_rc_rotated	ptg000020l_1_1_1	98.182	55	1	0	9838	9892	27052961	27052907	1.71e-16	97.1
ptg000006l_rc_rotated	ptg000020l_1_1_1	98.182	55	1	0	9692	9746	27052961	27052907	1.71e-16	97.1
ptg000006l_rc_rotated	ptg000020l_1_1_1	98.182	55	1	0	9400	9454	27052961	27052907	1.71e-16	97.1
ptg000006l_rc_rotated	ptg000020l_1_1_1	98.182	55	1	0	9254	9308	27052961	27052907	1.71e-16	97.1
ptg000006l_rc_rotated	ptg000020l_1_1_1	98.182	55	1	0	8962	9016	27052961	27052907	1.71e-16	97.1
ptg000006l_rc_rotated	ptg000020l_1_1_1	98.182	55	1	0	8670	8724	27052961	27052907	1.71e-16	97.1
ptg000006l_rc_rotated	ptg000020l_1_1_1	96.552	58	2	0	2514	2571	69947919	69947862	1.71e-16	97.1
ptg000006l_rc_rotated	ptg000020l_1_1_1	91.304	69	6	0	10045	10113	27052984	27052916	6.15e-16	95.3
ptg000006l_rc_rotated	ptg000020l_1_1_1	91.304	69	6	0	9899	9967	27052984	27052916	6.15e-16	95.3
ptg000006l_rc_rotated	ptg000020l_1_1_1	91.304	69	6	0	9753	9821	27052984	27052916	6.15e-16	95.3
ptg000006l_rc_rotated	ptg000020l_1_1_1	91.304	69	6	0	9607	9675	27052984	27052916	6.15e-16	95.3
ptg000006l_rc_rotated	ptg000020l_1_1_1	91.304	69	6	0	9461	9529	27052984	27052916	6.15e-16	95.3
ptg000006l_rc_rotated	ptg000020l_1_1_1	91.304	69	6	0	9315	9383	27052984	27052916	6.15e-16	95.3
ptg000006l_rc_rotated	ptg000020l_1_1_1	91.304	69	6	0	9169	9237	27052984	27052916	6.15e-16	95.3
ptg000006l_rc_rotated	ptg000020l_1_1_1	91.304	69	6	0	8877	8945	27052984	27052916	6.15e-16	95.3
ptg000006l_rc_rotated	ptg000020l_1_1_1	91.304	69	6	0	8731	8799	27052984	27052916	6.15e-16	95.3
ptg000006l_rc_rotated	ptg000020l_1_1_1	91.304	69	6	0	8585	8653	27052984	27052916	6.15e-16	95.3
ptg000006l_rc_rotated	ptg000020l_1_1_1	91.304	69	6	0	8293	8361	27052984	27052916	6.15e-16	95.3
ptg000006l_rc_rotated	ptg000020l_1_1_1	96.429	56	2	0	8441	8496	6339120	6339065	2.21e-15	93.5
ptg000006l_rc_rotated	ptg000020l_1_1_1	98.113	53	1	0	8818	8870	27052959	27052907	2.21e-15	93.5
ptg000006l_rc_rotated	ptg000020l_1_1_1	98.113	53	1	0	8380	8432	27052959	27052907	2.21e-15	93.5
ptg000006l_rc_rotated	ptg000020l_1_1_1	92.308	65	5	0	9025	9089	34584436	34584372	2.21e-15	93.5
ptg000006l_rc_rotated	ptg000020l_1_1_1	96.429	56	2	0	10047	10102	61013030	61012975	2.21e-15	93.5
ptg000006l_rc_rotated	ptg000020l_1_1_1	96.429	56	2	0	9901	9956	61013030	61012975	2.21e-15	93.5
ptg000006l_rc_rotated	ptg000020l_1_1_1	96.429	56	2	0	9755	9810	61013030	61012975	2.21e-15	93.5
ptg000006l_rc_rotated	ptg000020l_1_1_1	96.429	56	2	0	9609	9664	61013030	61012975	2.21e-15	93.5
ptg000006l_rc_rotated	ptg000020l_1_1_1	96.429	56	2	0	9463	9518	61013030	61012975	2.21e-15	93.5
ptg000006l_rc_rotated	ptg000020l_1_1_1	96.429	56	2	0	9317	9372	61013030	61012975	2.21e-15	93.5
ptg000006l_rc_rotated	ptg000020l_1_1_1	96.429	56	2	0	9171	9226	61013030	61012975	2.21e-15	93.5
ptg000006l_rc_rotated	ptg000020l_1_1_1	96.429	56	2	0	8879	8934	61013030	61012975	2.21e-15	93.5
ptg000006l_rc_rotated	ptg000020l_1_1_1	96.429	56	2	0	8733	8788	61013030	61012975	2.21e-15	93.5
ptg000006l_rc_rotated	ptg000020l_1_1_1	96.429	56	2	0	8295	8350	61013030	61012975	2.21e-15	93.5
ptg000006l_rc_rotated	ptg000020l_1_1_1	96.364	55	2	0	9984	10038	27052961	27052907	7.95e-15	91.6
ptg000006l_rc_rotated	ptg000020l_1_1_1	96.364	55	2	0	9546	9600	27052961	27052907	7.95e-15	91.6
ptg000006l_rc_rotated	ptg000020l_1_1_1	96.364	55	2	0	9108	9162	27052961	27052907	7.95e-15	91.6
ptg000006l_rc_rotated	ptg000020l_1_1_1	89.855	69	7	0	8439	8507	27052984	27052916	2.86e-14	89.8
ptg000006l_rc_rotated	ptg000020l_1_1_1	98.039	51	1	0	10193	10243	61013030	61012980	2.86e-14	89.8
ptg000006l_rc_rotated	ptg000020l_1_1_1	90.769	65	6	0	8420	8484	34584436	34584372	1.03e-13	87.9
ptg000006l_rc_rotated	ptg000020l_1_1_1	98.000	50	1	0	12930	12979	69916592	69916641	1.03e-13	87.9
ptg000006l_rc_rotated	ptg000020l_1_1_1	96.154	52	2	0	10193	10244	26165684	26165735	3.70e-13	86.1
ptg000006l_rc_rotated	ptg000020l_1_1_1	91.525	59	5	0	8303	8361	8087326	8087384	4.79e-12	82.4
ptg000006l_rc_rotated	ptg000020l_1_1_1	91.525	59	5	0	8449	8507	8087326	8087384	4.79e-12	82.4
ptg000006l_rc_rotated	ptg000020l_1_1_1	91.525	59	5	0	8741	8799	8087326	8087384	4.79e-12	82.4
ptg000006l_rc_rotated	ptg000020l_1_1_1	91.525	59	5	0	8887	8945	8087326	8087384	4.79e-12	82.4
ptg000006l_rc_rotated	ptg000020l_1_1_1	91.525	59	5	0	9179	9237	8087326	8087384	4.79e-12	82.4
ptg000006l_rc_rotated	ptg000020l_1_1_1	91.525	59	5	0	9325	9383	8087326	8087384	4.79e-12	82.4
ptg000006l_rc_rotated	ptg000020l_1_1_1	91.525	59	5	0	9471	9529	8087326	8087384	4.79e-12	82.4
ptg000006l_rc_rotated	ptg000020l_1_1_1	91.525	59	5	0	9617	9675	8087326	8087384	4.79e-12	82.4
ptg000006l_rc_rotated	ptg000020l_1_1_1	91.525	59	5	0	9763	9821	8087326	8087384	4.79e-12	82.4
ptg000006l_rc_rotated	ptg000020l_1_1_1	91.525	59	5	0	9909	9967	8087326	8087384	4.79e-12	82.4
ptg000006l_rc_rotated	ptg000020l_1_1_1	91.525	59	5	0	10055	10113	8087326	8087384	4.79e-12	82.4
ptg000006l_rc_rotated	ptg000020l_1_1_1	100.000	44	0	0	4956	4999	65341933	65341890	4.79e-12	82.4
ptg000006l_rc_rotated	ptg000020l_1_1_1	85.714	77	10	1	8271	8347	26165826	26165901	1.72e-11	80.5
ptg000006l_rc_rotated	ptg000020l_1_1_1	95.918	49	2	0	8608	8656	34584436	34584388	1.72e-11	80.5
ptg000006l_rc_rotated	ptg000020l_1_1_1	94.118	51	3	0	10063	10113	56459003	56458953	6.19e-11	78.7
ptg000006l_rc_rotated	ptg000020l_1_1_1	94.118	51	3	0	9917	9967	56459003	56458953	6.19e-11	78.7
ptg000006l_rc_rotated	ptg000020l_1_1_1	94.118	51	3	0	9771	9821	56459003	56458953	6.19e-11	78.7
ptg000006l_rc_rotated	ptg000020l_1_1_1	94.118	51	3	0	9625	9675	56459003	56458953	6.19e-11	78.7
ptg000006l_rc_rotated	ptg000020l_1_1_1	94.118	51	3	0	9479	9529	56459003	56458953	6.19e-11	78.7
ptg000006l_rc_rotated	ptg000020l_1_1_1	94.118	51	3	0	9333	9383	56459003	56458953	6.19e-11	78.7
ptg000006l_rc_rotated	ptg000020l_1_1_1	94.118	51	3	0	9187	9237	56459003	56458953	6.19e-11	78.7
ptg000006l_rc_rotated	ptg000020l_1_1_1	94.118	51	3	0	8895	8945	56459003	56458953	6.19e-11	78.7
ptg000006l_rc_rotated	ptg000020l_1_1_1	94.118	51	3	0	8749	8799	56459003	56458953	6.19e-11	78.7
ptg000006l_rc_rotated	ptg000020l_1_1_1	94.118	51	3	0	8457	8507	56459003	56458953	6.19e-11	78.7
ptg000006l_rc_rotated	ptg000020l_1_1_1	94.118	51	3	0	8311	8361	56459003	56458953	6.19e-11	78.7
ptg000006l_rc_rotated	ptg000020l_1_1_1	92.453	53	4	0	8261	8313	39951934	39951882	2.23e-10	76.8
ptg000006l_rc_rotated	ptg000020l_1_1_1	97.727	44	1	0	10022	10065	39951925	39951882	2.23e-10	76.8
ptg000006l_rc_rotated	ptg000020l_1_1_1	97.727	44	1	0	9584	9627	39951925	39951882	2.23e-10	76.8
ptg000006l_rc_rotated	ptg000020l_1_1_1	97.674	43	1	0	8271	8313	6339102	6339060	8.01e-10	75.0
ptg000006l_rc_rotated	ptg000020l_1_1_1	100.000	40	0	0	8524	8563	6339099	6339060	8.01e-10	75.0
ptg000006l_rc_rotated	ptg000020l_1_1_1	97.674	43	1	0	10190	10232	39951924	39951882	8.01e-10	75.0
ptg000006l_rc_rotated	ptg000020l_1_1_1	97.674	43	1	0	10169	10211	39951924	39951882	8.01e-10	75.0
ptg000006l_rc_rotated	ptg000020l_1_1_1	97.674	43	1	0	10148	10190	39951924	39951882	8.01e-10	75.0
ptg000006l_rc_rotated	ptg000020l_1_1_1	97.674	43	1	0	10044	10086	39951924	39951882	8.01e-10	75.0
ptg000006l_rc_rotated	ptg000020l_1_1_1	97.674	43	1	0	9898	9940	39951924	39951882	8.01e-10	75.0
ptg000006l_rc_rotated	ptg000020l_1_1_1	97.674	43	1	0	9877	9919	39951924	39951882	8.01e-10	75.0
ptg000006l_rc_rotated	ptg000020l_1_1_1	97.674	43	1	0	9856	9898	39951924	39951882	8.01e-10	75.0
ptg000006l_rc_rotated	ptg000020l_1_1_1	97.674	43	1	0	9752	9794	39951924	39951882	8.01e-10	75.0
ptg000006l_rc_rotated	ptg000020l_1_1_1	97.674	43	1	0	9731	9773	39951924	39951882	8.01e-10	75.0
ptg000006l_rc_rotated	ptg000020l_1_1_1	97.674	43	1	0	9710	9752	39951924	39951882	8.01e-10	75.0
ptg000006l_rc_rotated	ptg000020l_1_1_1	97.674	43	1	0	9606	9648	39951924	39951882	8.01e-10	75.0
ptg000006l_rc_rotated	ptg000020l_1_1_1	97.674	43	1	0	9460	9502	39951924	39951882	8.01e-10	75.0
ptg000006l_rc_rotated	ptg000020l_1_1_1	97.674	43	1	0	9439	9481	39951924	39951882	8.01e-10	75.0
ptg000006l_rc_rotated	ptg000020l_1_1_1	97.674	43	1	0	9418	9460	39951924	39951882	8.01e-10	75.0
ptg000006l_rc_rotated	ptg000020l_1_1_1	97.674	43	1	0	9314	9356	39951924	39951882	8.01e-10	75.0
ptg000006l_rc_rotated	ptg000020l_1_1_1	97.674	43	1	0	9293	9335	39951924	39951882	8.01e-10	75.0
ptg000006l_rc_rotated	ptg000020l_1_1_1	97.674	43	1	0	9272	9314	39951924	39951882	8.01e-10	75.0
ptg000006l_rc_rotated	ptg000020l_1_1_1	97.674	43	1	0	9168	9210	39951924	39951882	8.01e-10	75.0
ptg000006l_rc_rotated	ptg000020l_1_1_1	97.674	43	1	0	9147	9189	39951924	39951882	8.01e-10	75.0
ptg000006l_rc_rotated	ptg000020l_1_1_1	97.674	43	1	0	9126	9168	39951924	39951882	8.01e-10	75.0
ptg000006l_rc_rotated	ptg000020l_1_1_1	97.674	43	1	0	9001	9043	39951924	39951882	8.01e-10	75.0
ptg000006l_rc_rotated	ptg000020l_1_1_1	97.674	43	1	0	8980	9022	39951924	39951882	8.01e-10	75.0
ptg000006l_rc_rotated	ptg000020l_1_1_1	97.674	43	1	0	8876	8918	39951924	39951882	8.01e-10	75.0
ptg000006l_rc_rotated	ptg000020l_1_1_1	97.674	43	1	0	8855	8897	39951924	39951882	8.01e-10	75.0
ptg000006l_rc_rotated	ptg000020l_1_1_1	97.674	43	1	0	8834	8876	39951924	39951882	8.01e-10	75.0
ptg000006l_rc_rotated	ptg000020l_1_1_1	97.674	43	1	0	8730	8772	39951924	39951882	8.01e-10	75.0
ptg000006l_rc_rotated	ptg000020l_1_1_1	97.674	43	1	0	8709	8751	39951924	39951882	8.01e-10	75.0
ptg000006l_rc_rotated	ptg000020l_1_1_1	97.674	43	1	0	8688	8730	39951924	39951882	8.01e-10	75.0
ptg000006l_rc_rotated	ptg000020l_1_1_1	97.674	43	1	0	8563	8605	39951924	39951882	8.01e-10	75.0
ptg000006l_rc_rotated	ptg000020l_1_1_1	97.674	43	1	0	8542	8584	39951924	39951882	8.01e-10	75.0
ptg000006l_rc_rotated	ptg000020l_1_1_1	97.674	43	1	0	8396	8438	39951924	39951882	8.01e-10	75.0
ptg000006l_rc_rotated	ptg000020l_1_1_1	97.674	43	1	0	8292	8334	39951924	39951882	8.01e-10	75.0
ptg000006l_rc_rotated	ptg000020l_1_1_1	100.000	39	0	0	10131	10169	39951920	39951882	2.88e-09	73.1
ptg000006l_rc_rotated	ptg000020l_1_1_1	100.000	39	0	0	9839	9877	39951920	39951882	2.88e-09	73.1
ptg000006l_rc_rotated	ptg000020l_1_1_1	100.000	39	0	0	9693	9731	39951920	39951882	2.88e-09	73.1
ptg000006l_rc_rotated	ptg000020l_1_1_1	100.000	39	0	0	9401	9439	39951920	39951882	2.88e-09	73.1
ptg000006l_rc_rotated	ptg000020l_1_1_1	100.000	39	0	0	9255	9293	39951920	39951882	2.88e-09	73.1
ptg000006l_rc_rotated	ptg000020l_1_1_1	100.000	39	0	0	8963	9001	39951920	39951882	2.88e-09	73.1
ptg000006l_rc_rotated	ptg000020l_1_1_1	100.000	39	0	0	8671	8709	39951920	39951882	2.88e-09	73.1
ptg000006l_rc_rotated	ptg000020l_1_1_1	83.721	86	5	5	4792	4871	54735470	54735388	2.88e-09	73.1
ptg000006l_rc_rotated	ptg000020l_1_1_1	93.750	48	3	0	8271	8318	56458980	56458933	2.88e-09	73.1
ptg000006l_rc_rotated	ptg000020l_1_1_1	95.556	45	2	0	9984	10028	56458977	56458933	2.88e-09	73.1
ptg000006l_rc_rotated	ptg000020l_1_1_1	95.556	45	2	0	9546	9590	56458977	56458933	2.88e-09	73.1
ptg000006l_rc_rotated	ptg000020l_1_1_1	92.157	51	4	0	9041	9091	56459003	56458953	2.88e-09	73.1
ptg000006l_rc_rotated	ptg000020l_1_1_1	95.455	44	2	0	10201	10244	8087326	8087369	1.04e-08	71.3
ptg000006l_rc_rotated	ptg000020l_1_1_1	100.000	38	0	0	8818	8855	39951919	39951882	1.04e-08	71.3
ptg000006l_rc_rotated	ptg000020l_1_1_1	100.000	38	0	0	8380	8417	39951919	39951882	1.04e-08	71.3
ptg000006l_rc_rotated	ptg000020l_1_1_1	97.500	40	1	0	10130	10169	6339099	6339060	3.73e-08	69.4
ptg000006l_rc_rotated	ptg000020l_1_1_1	97.500	40	1	0	9838	9877	6339099	6339060	3.73e-08	69.4
ptg000006l_rc_rotated	ptg000020l_1_1_1	97.500	40	1	0	9692	9731	6339099	6339060	3.73e-08	69.4
ptg000006l_rc_rotated	ptg000020l_1_1_1	97.500	40	1	0	9400	9439	6339099	6339060	3.73e-08	69.4
ptg000006l_rc_rotated	ptg000020l_1_1_1	97.500	40	1	0	9254	9293	6339099	6339060	3.73e-08	69.4
ptg000006l_rc_rotated	ptg000020l_1_1_1	97.500	40	1	0	8962	9001	6339099	6339060	3.73e-08	69.4
ptg000006l_rc_rotated	ptg000020l_1_1_1	97.500	40	1	0	8670	8709	6339099	6339060	3.73e-08	69.4
ptg000006l_rc_rotated	ptg000020l_1_1_1	100.000	37	0	0	8271	8307	27052943	27052907	3.73e-08	69.4
ptg000006l_rc_rotated	ptg000020l_1_1_1	95.349	43	2	0	8438	8480	39951924	39951882	3.73e-08	69.4
ptg000006l_rc_rotated	ptg000020l_1_1_1	100.000	37	0	0	9985	10021	39951920	39951884	3.73e-08	69.4
ptg000006l_rc_rotated	ptg000020l_1_1_1	100.000	37	0	0	9547	9583	39951920	39951884	3.73e-08	69.4
ptg000006l_rc_rotated	ptg000020l_1_1_1	97.436	39	1	0	9109	9147	39951920	39951882	1.34e-07	67.6
ptg000006l_rc_rotated	ptg000020l_1_1_1	97.436	39	1	0	8525	8563	39951920	39951882	1.34e-07	67.6
ptg000006l_rc_rotated	ptg000020l_1_1_1	93.333	45	3	0	10130	10174	56458977	56458933	1.34e-07	67.6
ptg000006l_rc_rotated	ptg000020l_1_1_1	93.333	45	3	0	9838	9882	56458977	56458933	1.34e-07	67.6
ptg000006l_rc_rotated	ptg000020l_1_1_1	93.333	45	3	0	9692	9736	56458977	56458933	1.34e-07	67.6
ptg000006l_rc_rotated	ptg000020l_1_1_1	93.333	45	3	0	9400	9444	56458977	56458933	1.34e-07	67.6
ptg000006l_rc_rotated	ptg000020l_1_1_1	93.333	45	3	0	9254	9298	56458977	56458933	1.34e-07	67.6
ptg000006l_rc_rotated	ptg000020l_1_1_1	93.333	45	3	0	8962	9006	56458977	56458933	1.34e-07	67.6
ptg000006l_rc_rotated	ptg000020l_1_1_1	93.333	45	3	0	8670	8714	56458977	56458933	1.34e-07	67.6
ptg000006l_rc_rotated	ptg000020l_1_1_1	100.000	36	0	0	10209	10244	56459003	56458968	1.34e-07	67.6
ptg000006l_rc_rotated	ptg000020l_1_1_1	97.368	38	1	0	8818	8855	6339097	6339060	4.82e-07	65.8
ptg000006l_rc_rotated	ptg000020l_1_1_1	97.368	38	1	0	8380	8417	6339097	6339060	4.82e-07	65.8
ptg000006l_rc_rotated	ptg000020l_1_1_1	97.368	38	1	0	9984	10021	6339099	6339062	4.82e-07	65.8
ptg000006l_rc_rotated	ptg000020l_1_1_1	97.368	38	1	0	9546	9583	6339099	6339062	4.82e-07	65.8
ptg000006l_rc_rotated	ptg000020l_1_1_1	97.368	38	1	0	10065	10102	39951924	39951887	4.82e-07	65.8
ptg000006l_rc_rotated	ptg000020l_1_1_1	97.368	38	1	0	9919	9956	39951924	39951887	4.82e-07	65.8
ptg000006l_rc_rotated	ptg000020l_1_1_1	97.368	38	1	0	9773	9810	39951924	39951887	4.82e-07	65.8
ptg000006l_rc_rotated	ptg000020l_1_1_1	97.368	38	1	0	9627	9664	39951924	39951887	4.82e-07	65.8
ptg000006l_rc_rotated	ptg000020l_1_1_1	97.368	38	1	0	9481	9518	39951924	39951887	4.82e-07	65.8
ptg000006l_rc_rotated	ptg000020l_1_1_1	97.368	38	1	0	9335	9372	39951924	39951887	4.82e-07	65.8
ptg000006l_rc_rotated	ptg000020l_1_1_1	97.368	38	1	0	9189	9226	39951924	39951887	4.82e-07	65.8
ptg000006l_rc_rotated	ptg000020l_1_1_1	97.368	38	1	0	8897	8934	39951924	39951887	4.82e-07	65.8
ptg000006l_rc_rotated	ptg000020l_1_1_1	97.368	38	1	0	8751	8788	39951924	39951887	4.82e-07	65.8
ptg000006l_rc_rotated	ptg000020l_1_1_1	97.368	38	1	0	8459	8496	39951924	39951887	4.82e-07	65.8
ptg000006l_rc_rotated	ptg000020l_1_1_1	97.368	38	1	0	8313	8350	39951924	39951887	4.82e-07	65.8
ptg000006l_rc_rotated	ptg000020l_1_1_1	95.000	40	2	0	9108	9147	6339099	6339060	1.73e-06	63.9
ptg000006l_rc_rotated	ptg000020l_1_1_1	91.304	46	4	0	8608	8653	6339120	6339075	1.73e-06	63.9
ptg000006l_rc_rotated	ptg000020l_1_1_1	100.000	34	0	0	8524	8557	8087360	8087393	1.73e-06	63.9
ptg000006l_rc_rotated	ptg000020l_1_1_1	100.000	34	0	0	10130	10163	27052940	27052907	1.73e-06	63.9
ptg000006l_rc_rotated	ptg000020l_1_1_1	100.000	34	0	0	9984	10017	27052940	27052907	1.73e-06	63.9
ptg000006l_rc_rotated	ptg000020l_1_1_1	100.000	34	0	0	9838	9871	27052940	27052907	1.73e-06	63.9
ptg000006l_rc_rotated	ptg000020l_1_1_1	100.000	34	0	0	9692	9725	27052940	27052907	1.73e-06	63.9
ptg000006l_rc_rotated	ptg000020l_1_1_1	100.000	34	0	0	9546	9579	27052940	27052907	1.73e-06	63.9
ptg000006l_rc_rotated	ptg000020l_1_1_1	100.000	34	0	0	9400	9433	27052940	27052907	1.73e-06	63.9
ptg000006l_rc_rotated	ptg000020l_1_1_1	100.000	34	0	0	9254	9287	27052940	27052907	1.73e-06	63.9
ptg000006l_rc_rotated	ptg000020l_1_1_1	100.000	34	0	0	8962	8995	27052940	27052907	1.73e-06	63.9
ptg000006l_rc_rotated	ptg000020l_1_1_1	100.000	34	0	0	8670	8703	27052940	27052907	1.73e-06	63.9
ptg000006l_rc_rotated	ptg000020l_1_1_1	93.023	43	3	0	8818	8860	56458975	56458933	1.73e-06	63.9
ptg000006l_rc_rotated	ptg000020l_1_1_1	93.023	43	3	0	8380	8422	56458975	56458933	1.73e-06	63.9
ptg000006l_rc_rotated	ptg000020l_1_1_1	91.304	46	4	0	10068	10113	61013030	61012985	1.73e-06	63.9
ptg000006l_rc_rotated	ptg000020l_1_1_1	91.304	46	4	0	9922	9967	61013030	61012985	1.73e-06	63.9
ptg000006l_rc_rotated	ptg000020l_1_1_1	91.304	46	4	0	9776	9821	61013030	61012985	1.73e-06	63.9
ptg000006l_rc_rotated	ptg000020l_1_1_1	91.304	46	4	0	9630	9675	61013030	61012985	1.73e-06	63.9
ptg000006l_rc_rotated	ptg000020l_1_1_1	91.304	46	4	0	9484	9529	61013030	61012985	1.73e-06	63.9
ptg000006l_rc_rotated	ptg000020l_1_1_1	91.304	46	4	0	9338	9383	61013030	61012985	1.73e-06	63.9
ptg000006l_rc_rotated	ptg000020l_1_1_1	91.304	46	4	0	9192	9237	61013030	61012985	1.73e-06	63.9
ptg000006l_rc_rotated	ptg000020l_1_1_1	91.304	46	4	0	8900	8945	61013030	61012985	1.73e-06	63.9
ptg000006l_rc_rotated	ptg000020l_1_1_1	91.304	46	4	0	8754	8799	61013030	61012985	1.73e-06	63.9
ptg000006l_rc_rotated	ptg000020l_1_1_1	91.304	46	4	0	8462	8507	61013030	61012985	1.73e-06	63.9
ptg000006l_rc_rotated	ptg000020l_1_1_1	91.304	46	4	0	8316	8361	61013030	61012985	1.73e-06	63.9
ptg000006l_rc_rotated	ptg000020l_1_1_1	91.111	45	4	0	8524	8568	56458977	56458933	6.24e-06	62.1
ptg000006l_rc_rotated	ptg000020l_1_1_1	97.143	35	1	0	8754	8788	26165684	26165718	2.24e-05	60.2
ptg000006l_rc_rotated	ptg000020l_1_1_1	97.143	35	1	0	9192	9226	26165684	26165718	2.24e-05	60.2
ptg000006l_rc_rotated	ptg000020l_1_1_1	97.143	35	1	0	9338	9372	26165684	26165718	2.24e-05	60.2
ptg000006l_rc_rotated	ptg000020l_1_1_1	97.143	35	1	0	9484	9518	26165684	26165718	2.24e-05	60.2
ptg000006l_rc_rotated	ptg000020l_1_1_1	97.143	35	1	0	9630	9664	26165684	26165718	2.24e-05	60.2
ptg000006l_rc_rotated	ptg000020l_1_1_1	97.143	35	1	0	9776	9810	26165684	26165718	2.24e-05	60.2
ptg000006l_rc_rotated	ptg000020l_1_1_1	97.143	35	1	0	9922	9956	26165684	26165718	2.24e-05	60.2
ptg000006l_rc_rotated	ptg000020l_1_1_1	100.000	32	0	0	8274	8305	26165870	26165901	2.24e-05	60.2
ptg000006l_rc_rotated	ptg000020l_1_1_1	100.000	32	0	0	8295	8326	26165870	26165901	2.24e-05	60.2
ptg000006l_rc_rotated	ptg000020l_1_1_1	100.000	32	0	0	8818	8849	27052938	27052907	2.24e-05	60.2
ptg000006l_rc_rotated	ptg000020l_1_1_1	100.000	32	0	0	8380	8411	27052938	27052907	2.24e-05	60.2
ptg000006l_rc_rotated	ptg000020l_1_1_1	94.737	38	2	0	9043	9080	39951924	39951887	2.24e-05	60.2
ptg000006l_rc_rotated	ptg000020l_1_1_1	97.059	34	1	0	10211	10244	39951924	39951891	8.07e-05	58.4
ptg000006l_rc_rotated	ptg000020l_1_1_1	100.000	31	0	0	10214	10244	61013030	61013000	8.07e-05	58.4
ptg000006l_rc_rotated	ptg000020l_1_1_1	100.000	28	0	0	10214	10241	26165684	26165711	0.004	52.8
ptg000006l_rc_rotated	ptg000021l_1_1_1	95.053	283	10	3	12319	12598	1545146	1544865	1.91e-120	442
ptg000006l_rc_rotated	ptg000021l_1_1_1	86.436	376	42	8	12331	12701	39051431	39051060	8.99e-109	403
ptg000006l_rc_rotated	ptg000021l_1_1_1	90.769	195	17	1	12717	12911	35338252	35338445	2.06e-65	259
ptg000006l_rc_rotated	ptg000021l_1_1_1	87.143	210	23	3	10130	10338	4299320	4299114	3.47e-58	235
ptg000006l_rc_rotated	ptg000021l_1_1_1	91.026	156	14	0	15610	15765	36882857	36882702	5.85e-51	211
ptg000006l_rc_rotated	ptg000021l_1_1_1	81.349	252	45	2	1560	1810	19407911	19407661	9.79e-49	204
ptg000006l_rc_rotated	ptg000021l_1_1_1	81.938	227	29	2	3627	3853	11806742	11806956	4.59e-42	182
ptg000006l_rc_rotated	ptg000021l_1_1_1	92.742	124	9	0	8540	8663	4299325	4299202	1.65e-41	180
ptg000006l_rc_rotated	ptg000021l_1_1_1	91.935	124	10	0	8978	9101	4299325	4299202	7.68e-40	174
ptg000006l_rc_rotated	ptg000021l_1_1_1	91.129	124	11	0	9854	9977	4299325	4299202	3.57e-38	169
ptg000006l_rc_rotated	ptg000021l_1_1_1	91.129	124	11	0	9708	9831	4299325	4299202	3.57e-38	169
ptg000006l_rc_rotated	ptg000021l_1_1_1	91.129	124	11	0	9416	9539	4299325	4299202	3.57e-38	169
ptg000006l_rc_rotated	ptg000021l_1_1_1	91.129	124	11	0	9270	9393	4299325	4299202	3.57e-38	169
ptg000006l_rc_rotated	ptg000021l_1_1_1	91.129	124	11	0	9124	9247	4299325	4299202	3.57e-38	169
ptg000006l_rc_rotated	ptg000021l_1_1_1	91.129	124	11	0	8832	8955	4299325	4299202	3.57e-38	169
ptg000006l_rc_rotated	ptg000021l_1_1_1	91.129	124	11	0	8686	8809	4299325	4299202	3.57e-38	169
ptg000006l_rc_rotated	ptg000021l_1_1_1	90.323	124	12	0	8394	8517	4299325	4299202	1.66e-36	163
ptg000006l_rc_rotated	ptg000021l_1_1_1	91.525	118	7	3	12940	13056	5610613	5610498	2.15e-35	159
ptg000006l_rc_rotated	ptg000021l_1_1_1	94.845	97	5	0	8962	9058	4299320	4299224	3.60e-33	152
ptg000006l_rc_rotated	ptg000021l_1_1_1	98.810	84	1	0	2515	2598	30065191	30065108	1.29e-32	150
ptg000006l_rc_rotated	ptg000021l_1_1_1	94.737	95	5	0	8380	8474	4299318	4299224	4.65e-32	148
ptg000006l_rc_rotated	ptg000021l_1_1_1	93.814	97	6	0	9838	9934	4299320	4299224	1.67e-31	147
ptg000006l_rc_rotated	ptg000021l_1_1_1	93.814	97	6	0	9692	9788	4299320	4299224	1.67e-31	147
ptg000006l_rc_rotated	ptg000021l_1_1_1	93.814	97	6	0	9400	9496	4299320	4299224	1.67e-31	147
ptg000006l_rc_rotated	ptg000021l_1_1_1	93.814	97	6	0	9254	9350	4299320	4299224	1.67e-31	147
ptg000006l_rc_rotated	ptg000021l_1_1_1	93.814	97	6	0	8670	8766	4299320	4299224	1.67e-31	147
ptg000006l_rc_rotated	ptg000021l_1_1_1	93.814	97	6	0	8524	8620	4299320	4299224	1.67e-31	147
ptg000006l_rc_rotated	ptg000021l_1_1_1	93.684	95	6	0	8818	8912	4299318	4299224	2.16e-30	143
ptg000006l_rc_rotated	ptg000021l_1_1_1	92.784	97	7	0	9984	10080	4299320	4299224	7.79e-30	141
ptg000006l_rc_rotated	ptg000021l_1_1_1	92.784	97	7	0	9546	9642	4299320	4299224	7.79e-30	141
ptg000006l_rc_rotated	ptg000021l_1_1_1	90.476	105	9	1	9875	9978	4299325	4299221	1.01e-28	137
ptg000006l_rc_rotated	ptg000021l_1_1_1	90.476	105	9	1	9729	9832	4299325	4299221	1.01e-28	137
ptg000006l_rc_rotated	ptg000021l_1_1_1	90.476	105	9	1	9437	9540	4299325	4299221	1.01e-28	137
ptg000006l_rc_rotated	ptg000021l_1_1_1	90.476	105	9	1	9291	9394	4299325	4299221	1.01e-28	137
ptg000006l_rc_rotated	ptg000021l_1_1_1	90.476	105	9	1	9145	9248	4299325	4299221	1.01e-28	137
ptg000006l_rc_rotated	ptg000021l_1_1_1	90.476	105	9	1	8853	8956	4299325	4299221	1.01e-28	137
ptg000006l_rc_rotated	ptg000021l_1_1_1	90.476	105	9	1	8707	8810	4299325	4299221	1.01e-28	137
ptg000006l_rc_rotated	ptg000021l_1_1_1	90.476	105	9	1	8561	8664	4299325	4299221	1.01e-28	137
ptg000006l_rc_rotated	ptg000021l_1_1_1	90.291	103	9	1	10023	10124	4299323	4299221	1.30e-27	134
ptg000006l_rc_rotated	ptg000021l_1_1_1	90.291	103	9	1	9585	9686	4299323	4299221	1.30e-27	134
ptg000006l_rc_rotated	ptg000021l_1_1_1	90.291	103	9	1	8271	8372	4299323	4299221	1.30e-27	134
ptg000006l_rc_rotated	ptg000021l_1_1_1	89.524	105	10	1	8999	9102	4299325	4299221	4.69e-27	132
ptg000006l_rc_rotated	ptg000021l_1_1_1	90.426	94	9	0	1065	1158	15696331	15696424	7.84e-25	124
ptg000006l_rc_rotated	ptg000021l_1_1_1	94.872	78	4	0	10167	10244	4299325	4299248	2.82e-24	122
ptg000006l_rc_rotated	ptg000021l_1_1_1	100.000	61	0	0	12930	12990	17159944	17160004	1.70e-21	113
ptg000006l_rc_rotated	ptg000021l_1_1_1	92.958	71	4	1	2504	2573	1579920	1579990	3.67e-18	102
ptg000006l_rc_rotated	ptg000021l_1_1_1	81.301	123	23	0	17080	17202	1357408	1357530	1.32e-17	100
ptg000006l_rc_rotated	ptg000021l_1_1_1	90.667	75	7	0	10042	10116	4299325	4299251	1.32e-17	100
ptg000006l_rc_rotated	ptg000021l_1_1_1	90.667	75	7	0	9896	9970	4299325	4299251	1.32e-17	100
ptg000006l_rc_rotated	ptg000021l_1_1_1	90.667	75	7	0	9750	9824	4299325	4299251	1.32e-17	100
ptg000006l_rc_rotated	ptg000021l_1_1_1	90.667	75	7	0	9604	9678	4299325	4299251	1.32e-17	100
ptg000006l_rc_rotated	ptg000021l_1_1_1	90.667	75	7	0	9458	9532	4299325	4299251	1.32e-17	100
ptg000006l_rc_rotated	ptg000021l_1_1_1	90.667	75	7	0	9312	9386	4299325	4299251	1.32e-17	100
ptg000006l_rc_rotated	ptg000021l_1_1_1	90.667	75	7	0	9166	9240	4299325	4299251	1.32e-17	100
ptg000006l_rc_rotated	ptg000021l_1_1_1	90.667	75	7	0	8874	8948	4299325	4299251	1.32e-17	100
ptg000006l_rc_rotated	ptg000021l_1_1_1	90.667	75	7	0	8728	8802	4299325	4299251	1.32e-17	100
ptg000006l_rc_rotated	ptg000021l_1_1_1	90.667	75	7	0	8290	8364	4299325	4299251	1.32e-17	100
ptg000006l_rc_rotated	ptg000021l_1_1_1	84.158	101	15	1	3218	3317	31674634	31674734	1.71e-16	97.1
ptg000006l_rc_rotated	ptg000021l_1_1_1	92.537	67	5	0	4696	4762	35757566	35757632	1.71e-16	97.1
ptg000006l_rc_rotated	ptg000021l_1_1_1	89.333	75	8	0	8436	8510	4299325	4299251	6.15e-16	95.3
ptg000006l_rc_rotated	ptg000021l_1_1_1	94.737	57	3	0	10188	10244	4299325	4299269	2.86e-14	89.8
ptg000006l_rc_rotated	ptg000021l_1_1_1	98.000	50	1	0	12491	12540	40970352	40970303	1.03e-13	87.9
ptg000006l_rc_rotated	ptg000021l_1_1_1	81.373	102	18	1	8457	8557	4299325	4299224	4.79e-12	82.4
ptg000006l_rc_rotated	ptg000021l_1_1_1	86.301	73	10	0	3239	3311	40970301	40970229	1.72e-11	80.5
ptg000006l_rc_rotated	ptg000021l_1_1_1	79.130	115	23	1	9917	10030	4299325	4299211	6.19e-11	78.7
ptg000006l_rc_rotated	ptg000021l_1_1_1	79.130	115	23	1	9479	9592	4299325	4299211	6.19e-11	78.7
ptg000006l_rc_rotated	ptg000021l_1_1_1	100.000	42	0	0	8274	8315	16968954	16968995	6.19e-11	78.7
ptg000006l_rc_rotated	ptg000021l_1_1_1	100.000	42	0	0	8295	8336	16968954	16968995	6.19e-11	78.7
ptg000006l_rc_rotated	ptg000021l_1_1_1	100.000	42	0	0	8399	8440	16968954	16968995	6.19e-11	78.7
ptg000006l_rc_rotated	ptg000021l_1_1_1	100.000	42	0	0	8545	8586	16968954	16968995	6.19e-11	78.7
ptg000006l_rc_rotated	ptg000021l_1_1_1	100.000	42	0	0	8566	8607	16968954	16968995	6.19e-11	78.7
ptg000006l_rc_rotated	ptg000021l_1_1_1	100.000	42	0	0	8670	8711	16968954	16968995	6.19e-11	78.7
ptg000006l_rc_rotated	ptg000021l_1_1_1	100.000	42	0	0	8691	8732	16968954	16968995	6.19e-11	78.7
ptg000006l_rc_rotated	ptg000021l_1_1_1	100.000	42	0	0	8712	8753	16968954	16968995	6.19e-11	78.7
ptg000006l_rc_rotated	ptg000021l_1_1_1	100.000	42	0	0	8733	8774	16968954	16968995	6.19e-11	78.7
ptg000006l_rc_rotated	ptg000021l_1_1_1	100.000	42	0	0	8837	8878	16968954	16968995	6.19e-11	78.7
ptg000006l_rc_rotated	ptg000021l_1_1_1	100.000	42	0	0	8858	8899	16968954	16968995	6.19e-11	78.7
ptg000006l_rc_rotated	ptg000021l_1_1_1	100.000	42	0	0	8879	8920	16968954	16968995	6.19e-11	78.7
ptg000006l_rc_rotated	ptg000021l_1_1_1	100.000	42	0	0	8962	9003	16968954	16968995	6.19e-11	78.7
ptg000006l_rc_rotated	ptg000021l_1_1_1	100.000	42	0	0	8983	9024	16968954	16968995	6.19e-11	78.7
ptg000006l_rc_rotated	ptg000021l_1_1_1	100.000	42	0	0	9004	9045	16968954	16968995	6.19e-11	78.7
ptg000006l_rc_rotated	ptg000021l_1_1_1	100.000	42	0	0	9129	9170	16968954	16968995	6.19e-11	78.7
ptg000006l_rc_rotated	ptg000021l_1_1_1	100.000	42	0	0	9150	9191	16968954	16968995	6.19e-11	78.7
ptg000006l_rc_rotated	ptg000021l_1_1_1	100.000	42	0	0	9171	9212	16968954	16968995	6.19e-11	78.7
ptg000006l_rc_rotated	ptg000021l_1_1_1	100.000	42	0	0	9254	9295	16968954	16968995	6.19e-11	78.7
ptg000006l_rc_rotated	ptg000021l_1_1_1	100.000	42	0	0	9275	9316	16968954	16968995	6.19e-11	78.7
ptg000006l_rc_rotated	ptg000021l_1_1_1	100.000	42	0	0	9296	9337	16968954	16968995	6.19e-11	78.7
ptg000006l_rc_rotated	ptg000021l_1_1_1	100.000	42	0	0	9317	9358	16968954	16968995	6.19e-11	78.7
ptg000006l_rc_rotated	ptg000021l_1_1_1	100.000	42	0	0	9400	9441	16968954	16968995	6.19e-11	78.7
ptg000006l_rc_rotated	ptg000021l_1_1_1	100.000	42	0	0	9421	9462	16968954	16968995	6.19e-11	78.7
ptg000006l_rc_rotated	ptg000021l_1_1_1	100.000	42	0	0	9442	9483	16968954	16968995	6.19e-11	78.7
ptg000006l_rc_rotated	ptg000021l_1_1_1	100.000	42	0	0	9463	9504	16968954	16968995	6.19e-11	78.7
ptg000006l_rc_rotated	ptg000021l_1_1_1	100.000	42	0	0	9588	9629	16968954	16968995	6.19e-11	78.7
ptg000006l_rc_rotated	ptg000021l_1_1_1	100.000	42	0	0	9609	9650	16968954	16968995	6.19e-11	78.7
ptg000006l_rc_rotated	ptg000021l_1_1_1	100.000	42	0	0	9692	9733	16968954	16968995	6.19e-11	78.7
ptg000006l_rc_rotated	ptg000021l_1_1_1	100.000	42	0	0	9713	9754	16968954	16968995	6.19e-11	78.7
ptg000006l_rc_rotated	ptg000021l_1_1_1	100.000	42	0	0	9734	9775	16968954	16968995	6.19e-11	78.7
ptg000006l_rc_rotated	ptg000021l_1_1_1	100.000	42	0	0	9755	9796	16968954	16968995	6.19e-11	78.7
ptg000006l_rc_rotated	ptg000021l_1_1_1	100.000	42	0	0	9838	9879	16968954	16968995	6.19e-11	78.7
ptg000006l_rc_rotated	ptg000021l_1_1_1	100.000	42	0	0	9859	9900	16968954	16968995	6.19e-11	78.7
ptg000006l_rc_rotated	ptg000021l_1_1_1	100.000	42	0	0	9880	9921	16968954	16968995	6.19e-11	78.7
ptg000006l_rc_rotated	ptg000021l_1_1_1	100.000	42	0	0	9901	9942	16968954	16968995	6.19e-11	78.7
ptg000006l_rc_rotated	ptg000021l_1_1_1	100.000	42	0	0	10026	10067	16968954	16968995	6.19e-11	78.7
ptg000006l_rc_rotated	ptg000021l_1_1_1	100.000	42	0	0	10047	10088	16968954	16968995	6.19e-11	78.7
ptg000006l_rc_rotated	ptg000021l_1_1_1	100.000	42	0	0	10130	10171	16968954	16968995	6.19e-11	78.7
ptg000006l_rc_rotated	ptg000021l_1_1_1	100.000	42	0	0	10151	10192	16968954	16968995	6.19e-11	78.7
ptg000006l_rc_rotated	ptg000021l_1_1_1	100.000	42	0	0	10172	10213	16968954	16968995	6.19e-11	78.7
ptg000006l_rc_rotated	ptg000021l_1_1_1	100.000	42	0	0	10193	10234	16968954	16968995	6.19e-11	78.7
ptg000006l_rc_rotated	ptg000021l_1_1_1	80.392	102	19	1	10063	10163	4299325	4299224	2.23e-10	76.8
ptg000006l_rc_rotated	ptg000021l_1_1_1	80.392	102	19	1	9771	9871	4299325	4299224	2.23e-10	76.8
ptg000006l_rc_rotated	ptg000021l_1_1_1	80.392	102	19	1	9625	9725	4299325	4299224	2.23e-10	76.8
ptg000006l_rc_rotated	ptg000021l_1_1_1	80.392	102	19	1	9333	9433	4299325	4299224	2.23e-10	76.8
ptg000006l_rc_rotated	ptg000021l_1_1_1	80.392	102	19	1	9187	9287	4299325	4299224	2.23e-10	76.8
ptg000006l_rc_rotated	ptg000021l_1_1_1	80.392	102	19	1	8895	8995	4299325	4299224	2.23e-10	76.8
ptg000006l_rc_rotated	ptg000021l_1_1_1	100.000	40	0	0	8380	8419	16968956	16968995	8.01e-10	75.0
ptg000006l_rc_rotated	ptg000021l_1_1_1	100.000	40	0	0	8818	8857	16968956	16968995	8.01e-10	75.0
ptg000006l_rc_rotated	ptg000021l_1_1_1	92.157	51	4	0	8749	8799	4299325	4299275	2.88e-09	73.1
ptg000006l_rc_rotated	ptg000021l_1_1_1	92.157	51	4	0	8311	8361	4299325	4299275	2.88e-09	73.1
ptg000006l_rc_rotated	ptg000021l_1_1_1	97.619	42	1	0	8441	8482	16968954	16968995	2.88e-09	73.1
ptg000006l_rc_rotated	ptg000021l_1_1_1	97.619	42	1	0	8524	8565	16968954	16968995	2.88e-09	73.1
ptg000006l_rc_rotated	ptg000021l_1_1_1	97.619	42	1	0	9108	9149	16968954	16968995	2.88e-09	73.1
ptg000006l_rc_rotated	ptg000021l_1_1_1	97.619	42	1	0	9546	9587	16968954	16968995	2.88e-09	73.1
ptg000006l_rc_rotated	ptg000021l_1_1_1	97.619	42	1	0	9984	10025	16968954	16968995	2.88e-09	73.1
ptg000006l_rc_rotated	ptg000021l_1_1_1	93.750	48	3	0	5732	5779	34061204	34061251	2.88e-09	73.1
ptg000006l_rc_rotated	ptg000021l_1_1_1	90.196	51	5	0	9041	9091	4299325	4299275	1.34e-07	67.6
ptg000006l_rc_rotated	ptg000021l_1_1_1	100.000	35	0	0	8316	8350	16968954	16968988	4.82e-07	65.8
ptg000006l_rc_rotated	ptg000021l_1_1_1	100.000	35	0	0	8462	8496	16968954	16968988	4.82e-07	65.8
ptg000006l_rc_rotated	ptg000021l_1_1_1	100.000	35	0	0	8754	8788	16968954	16968988	4.82e-07	65.8
ptg000006l_rc_rotated	ptg000021l_1_1_1	100.000	35	0	0	8900	8934	16968954	16968988	4.82e-07	65.8
ptg000006l_rc_rotated	ptg000021l_1_1_1	100.000	35	0	0	9192	9226	16968954	16968988	4.82e-07	65.8
ptg000006l_rc_rotated	ptg000021l_1_1_1	100.000	35	0	0	9338	9372	16968954	16968988	4.82e-07	65.8
ptg000006l_rc_rotated	ptg000021l_1_1_1	100.000	35	0	0	9484	9518	16968954	16968988	4.82e-07	65.8
ptg000006l_rc_rotated	ptg000021l_1_1_1	100.000	35	0	0	9630	9664	16968954	16968988	4.82e-07	65.8
ptg000006l_rc_rotated	ptg000021l_1_1_1	100.000	35	0	0	9776	9810	16968954	16968988	4.82e-07	65.8
ptg000006l_rc_rotated	ptg000021l_1_1_1	100.000	35	0	0	9922	9956	16968954	16968988	4.82e-07	65.8
ptg000006l_rc_rotated	ptg000021l_1_1_1	100.000	35	0	0	10068	10102	16968954	16968988	4.82e-07	65.8
ptg000006l_rc_rotated	ptg000021l_1_1_1	100.000	32	0	0	10022	10053	16968939	16968908	2.24e-05	60.2
ptg000006l_rc_rotated	ptg000021l_1_1_1	100.000	32	0	0	9584	9615	16968939	16968908	2.24e-05	60.2
ptg000006l_rc_rotated	ptg000021l_1_1_1	97.143	35	1	0	9046	9080	16968954	16968988	2.24e-05	60.2
ptg000006l_rc_rotated	ptg000021l_1_1_1	100.000	31	0	0	10211	10241	16968938	16968908	8.07e-05	58.4
ptg000006l_rc_rotated	ptg000021l_1_1_1	100.000	31	0	0	10190	10220	16968938	16968908	8.07e-05	58.4
ptg000006l_rc_rotated	ptg000021l_1_1_1	100.000	31	0	0	10169	10199	16968938	16968908	8.07e-05	58.4
ptg000006l_rc_rotated	ptg000021l_1_1_1	100.000	31	0	0	10148	10178	16968938	16968908	8.07e-05	58.4
ptg000006l_rc_rotated	ptg000021l_1_1_1	100.000	31	0	0	10065	10095	16968938	16968908	8.07e-05	58.4
ptg000006l_rc_rotated	ptg000021l_1_1_1	100.000	31	0	0	10044	10074	16968938	16968908	8.07e-05	58.4
ptg000006l_rc_rotated	ptg000021l_1_1_1	100.000	31	0	0	9919	9949	16968938	16968908	8.07e-05	58.4
ptg000006l_rc_rotated	ptg000021l_1_1_1	100.000	31	0	0	9898	9928	16968938	16968908	8.07e-05	58.4
ptg000006l_rc_rotated	ptg000021l_1_1_1	100.000	31	0	0	9877	9907	16968938	16968908	8.07e-05	58.4
ptg000006l_rc_rotated	ptg000021l_1_1_1	100.000	31	0	0	9856	9886	16968938	16968908	8.07e-05	58.4
ptg000006l_rc_rotated	ptg000021l_1_1_1	100.000	31	0	0	9773	9803	16968938	16968908	8.07e-05	58.4
ptg000006l_rc_rotated	ptg000021l_1_1_1	100.000	31	0	0	9752	9782	16968938	16968908	8.07e-05	58.4
ptg000006l_rc_rotated	ptg000021l_1_1_1	100.000	31	0	0	9731	9761	16968938	16968908	8.07e-05	58.4
ptg000006l_rc_rotated	ptg000021l_1_1_1	100.000	31	0	0	9710	9740	16968938	16968908	8.07e-05	58.4
ptg000006l_rc_rotated	ptg000021l_1_1_1	100.000	31	0	0	9627	9657	16968938	16968908	8.07e-05	58.4
ptg000006l_rc_rotated	ptg000021l_1_1_1	100.000	31	0	0	9606	9636	16968938	16968908	8.07e-05	58.4
ptg000006l_rc_rotated	ptg000021l_1_1_1	100.000	31	0	0	9481	9511	16968938	16968908	8.07e-05	58.4
ptg000006l_rc_rotated	ptg000021l_1_1_1	100.000	31	0	0	9460	9490	16968938	16968908	8.07e-05	58.4
ptg000006l_rc_rotated	ptg000021l_1_1_1	100.000	31	0	0	9439	9469	16968938	16968908	8.07e-05	58.4
ptg000006l_rc_rotated	ptg000021l_1_1_1	100.000	31	0	0	9418	9448	16968938	16968908	8.07e-05	58.4
ptg000006l_rc_rotated	ptg000021l_1_1_1	100.000	31	0	0	9335	9365	16968938	16968908	8.07e-05	58.4
ptg000006l_rc_rotated	ptg000021l_1_1_1	100.000	31	0	0	9314	9344	16968938	16968908	8.07e-05	58.4
ptg000006l_rc_rotated	ptg000021l_1_1_1	100.000	31	0	0	9293	9323	16968938	16968908	8.07e-05	58.4
ptg000006l_rc_rotated	ptg000021l_1_1_1	100.000	31	0	0	9272	9302	16968938	16968908	8.07e-05	58.4
ptg000006l_rc_rotated	ptg000021l_1_1_1	100.000	31	0	0	9189	9219	16968938	16968908	8.07e-05	58.4
ptg000006l_rc_rotated	ptg000021l_1_1_1	100.000	31	0	0	9168	9198	16968938	16968908	8.07e-05	58.4
ptg000006l_rc_rotated	ptg000021l_1_1_1	100.000	31	0	0	9147	9177	16968938	16968908	8.07e-05	58.4
ptg000006l_rc_rotated	ptg000021l_1_1_1	100.000	31	0	0	9126	9156	16968938	16968908	8.07e-05	58.4
ptg000006l_rc_rotated	ptg000021l_1_1_1	100.000	31	0	0	9001	9031	16968938	16968908	8.07e-05	58.4
ptg000006l_rc_rotated	ptg000021l_1_1_1	100.000	31	0	0	8980	9010	16968938	16968908	8.07e-05	58.4
ptg000006l_rc_rotated	ptg000021l_1_1_1	100.000	31	0	0	8897	8927	16968938	16968908	8.07e-05	58.4
ptg000006l_rc_rotated	ptg000021l_1_1_1	100.000	31	0	0	8876	8906	16968938	16968908	8.07e-05	58.4
ptg000006l_rc_rotated	ptg000021l_1_1_1	100.000	31	0	0	8855	8885	16968938	16968908	8.07e-05	58.4
ptg000006l_rc_rotated	ptg000021l_1_1_1	100.000	31	0	0	8834	8864	16968938	16968908	8.07e-05	58.4
ptg000006l_rc_rotated	ptg000021l_1_1_1	100.000	31	0	0	8751	8781	16968938	16968908	8.07e-05	58.4
ptg000006l_rc_rotated	ptg000021l_1_1_1	100.000	31	0	0	8730	8760	16968938	16968908	8.07e-05	58.4
ptg000006l_rc_rotated	ptg000021l_1_1_1	100.000	31	0	0	8709	8739	16968938	16968908	8.07e-05	58.4
ptg000006l_rc_rotated	ptg000021l_1_1_1	100.000	31	0	0	8688	8718	16968938	16968908	8.07e-05	58.4
ptg000006l_rc_rotated	ptg000021l_1_1_1	100.000	31	0	0	8563	8593	16968938	16968908	8.07e-05	58.4
ptg000006l_rc_rotated	ptg000021l_1_1_1	100.000	31	0	0	8542	8572	16968938	16968908	8.07e-05	58.4
ptg000006l_rc_rotated	ptg000021l_1_1_1	100.000	31	0	0	8459	8489	16968938	16968908	8.07e-05	58.4
ptg000006l_rc_rotated	ptg000021l_1_1_1	100.000	31	0	0	8396	8426	16968938	16968908	8.07e-05	58.4
ptg000006l_rc_rotated	ptg000021l_1_1_1	100.000	31	0	0	8313	8343	16968938	16968908	8.07e-05	58.4
ptg000006l_rc_rotated	ptg000021l_1_1_1	100.000	31	0	0	8292	8322	16968938	16968908	8.07e-05	58.4
ptg000006l_rc_rotated	ptg000021l_1_1_1	100.000	31	0	0	10214	10244	16968954	16968984	8.07e-05	58.4
ptg000006l_rc_rotated	ptg000021l_1_1_1	100.000	30	0	0	9022	9051	16968938	16968909	2.90e-04	56.5
ptg000006l_rc_rotated	ptg000021l_1_1_1	100.000	30	0	0	8584	8613	16968938	16968909	2.90e-04	56.5
ptg000006l_rc_rotated	ptg000021l_1_1_1	100.000	30	0	0	8417	8446	16968938	16968909	2.90e-04	56.5
ptg000006l_rc_rotated	ptg000021l_1_1_1	100.000	28	0	0	10130	10157	16968935	16968908	0.004	52.8
ptg000006l_rc_rotated	ptg000021l_1_1_1	100.000	28	0	0	9984	10011	16968935	16968908	0.004	52.8
ptg000006l_rc_rotated	ptg000021l_1_1_1	100.000	28	0	0	9838	9865	16968935	16968908	0.004	52.8
ptg000006l_rc_rotated	ptg000021l_1_1_1	100.000	28	0	0	9692	9719	16968935	16968908	0.004	52.8
ptg000006l_rc_rotated	ptg000021l_1_1_1	100.000	28	0	0	9546	9573	16968935	16968908	0.004	52.8
ptg000006l_rc_rotated	ptg000021l_1_1_1	100.000	28	0	0	9400	9427	16968935	16968908	0.004	52.8
ptg000006l_rc_rotated	ptg000021l_1_1_1	100.000	28	0	0	9254	9281	16968935	16968908	0.004	52.8
ptg000006l_rc_rotated	ptg000021l_1_1_1	100.000	28	0	0	8962	8989	16968935	16968908	0.004	52.8
ptg000006l_rc_rotated	ptg000021l_1_1_1	100.000	28	0	0	8670	8697	16968935	16968908	0.004	52.8
ptg000006l_rc_rotated	ptg000006l_1_1_1	88.235	374	30	12	11053	11421	59927114	59926750	3.19e-118	435
ptg000006l_rc_rotated	ptg000006l_1_1_1	87.200	375	35	7	2793	3167	13565529	13565168	4.15e-112	414
ptg000006l_rc_rotated	ptg000006l_1_1_1	89.969	319	28	3	12365	12682	6915212	6915527	1.93e-110	409
ptg000006l_rc_rotated	ptg000006l_1_1_1	88.750	320	27	4	12360	12673	6915214	6914898	1.17e-102	383
ptg000006l_rc_rotated	ptg000006l_1_1_1	86.905	336	35	6	12874	13206	17578140	17577811	3.28e-98	368
ptg000006l_rc_rotated	ptg000006l_1_1_1	83.032	277	35	10	4861	5132	59256600	59256331	7.46e-60	241
ptg000006l_rc_rotated	ptg000006l_1_1_1	81.126	302	38	17	12288	12582	34819183	34818894	7.51e-55	224
ptg000006l_rc_rotated	ptg000006l_1_1_1	97.500	120	1	2	35	154	61033899	61034016	9.79e-49	204
ptg000006l_rc_rotated	ptg000006l_1_1_1	88.415	164	15	4	12554	12715	25165919	25165758	5.89e-46	195
ptg000006l_rc_rotated	ptg000006l_1_1_1	92.969	128	7	2	2888	3015	48682055	48682180	3.55e-43	185
ptg000006l_rc_rotated	ptg000006l_1_1_1	82.051	234	22	17	11055	11283	40748659	40748877	4.59e-42	182
ptg000006l_rc_rotated	ptg000006l_1_1_1	87.421	159	15	4	8414	8568	29764499	29764656	5.93e-41	178
ptg000006l_rc_rotated	ptg000006l_1_1_1	82.028	217	26	11	11073	11286	35543371	35543165	2.76e-39	172
ptg000006l_rc_rotated	ptg000006l_1_1_1	85.802	162	17	5	9579	9736	29764497	29764656	1.28e-37	167
ptg000006l_rc_rotated	ptg000006l_1_1_1	85.802	162	17	5	10017	10174	29764497	29764656	1.28e-37	167
ptg000006l_rc_rotated	ptg000006l_1_1_1	86.164	159	17	4	8560	8714	29764499	29764656	1.28e-37	167
ptg000006l_rc_rotated	ptg000006l_1_1_1	86.164	159	17	4	8852	9006	29764499	29764656	1.28e-37	167
ptg000006l_rc_rotated	ptg000006l_1_1_1	86.164	159	17	4	8998	9152	29764499	29764656	1.28e-37	167
ptg000006l_rc_rotated	ptg000006l_1_1_1	86.164	159	17	4	9144	9298	29764499	29764656	1.28e-37	167
ptg000006l_rc_rotated	ptg000006l_1_1_1	86.164	159	17	4	9290	9444	29764499	29764656	1.28e-37	167
ptg000006l_rc_rotated	ptg000006l_1_1_1	86.164	159	17	4	9728	9882	29764499	29764656	1.28e-37	167
ptg000006l_rc_rotated	ptg000006l_1_1_1	88.652	141	11	5	232	369	51108311	51108173	1.28e-37	167
ptg000006l_rc_rotated	ptg000006l_1_1_1	85.535	159	18	4	8706	8860	29764499	29764656	5.98e-36	161
ptg000006l_rc_rotated	ptg000006l_1_1_1	85.535	159	18	4	9436	9590	29764499	29764656	5.98e-36	161
ptg000006l_rc_rotated	ptg000006l_1_1_1	85.535	159	18	4	9874	10028	29764499	29764656	5.98e-36	161
ptg000006l_rc_rotated	ptg000006l_1_1_1	96.875	96	3	0	8393	8488	29764499	29764594	5.98e-36	161
ptg000006l_rc_rotated	ptg000006l_1_1_1	92.035	113	9	0	10145	10257	29764499	29764611	2.15e-35	159
ptg000006l_rc_rotated	ptg000006l_1_1_1	82.105	190	28	6	12566	12753	40891391	40891206	7.73e-35	158
ptg000006l_rc_rotated	ptg000006l_1_1_1	94.949	99	5	0	8539	8637	29764499	29764597	2.78e-34	156
ptg000006l_rc_rotated	ptg000006l_1_1_1	95.833	96	4	0	8685	8780	29764499	29764594	2.78e-34	156
ptg000006l_rc_rotated	ptg000006l_1_1_1	95.833	96	4	0	8831	8926	29764499	29764594	2.78e-34	156
ptg000006l_rc_rotated	ptg000006l_1_1_1	95.833	96	4	0	9123	9218	29764499	29764594	2.78e-34	156
ptg000006l_rc_rotated	ptg000006l_1_1_1	95.833	96	4	0	9269	9364	29764499	29764594	2.78e-34	156
ptg000006l_rc_rotated	ptg000006l_1_1_1	95.833	96	4	0	9415	9510	29764499	29764594	2.78e-34	156
ptg000006l_rc_rotated	ptg000006l_1_1_1	95.833	96	4	0	9707	9802	29764499	29764594	2.78e-34	156
ptg000006l_rc_rotated	ptg000006l_1_1_1	95.833	96	4	0	9853	9948	29764499	29764594	2.78e-34	156
ptg000006l_rc_rotated	ptg000006l_1_1_1	91.228	114	8	2	11290	11403	15113280	15113391	1.00e-33	154
ptg000006l_rc_rotated	ptg000006l_1_1_1	94.792	96	5	0	8977	9072	29764499	29764594	1.29e-32	150
ptg000006l_rc_rotated	ptg000006l_1_1_1	82.278	158	25	2	8477	8631	29764499	29764656	1.30e-27	134
ptg000006l_rc_rotated	ptg000006l_1_1_1	88.785	107	12	0	2502	2608	22527246	22527352	4.69e-27	132
ptg000006l_rc_rotated	ptg000006l_1_1_1	90.099	101	9	1	8979	9078	50668839	50668939	1.69e-26	130
ptg000006l_rc_rotated	ptg000006l_1_1_1	81.646	158	26	3	8915	9069	29764499	29764656	6.06e-26	128
ptg000006l_rc_rotated	ptg000006l_1_1_1	81.646	158	26	2	9478	9632	29764499	29764656	6.06e-26	128
ptg000006l_rc_rotated	ptg000006l_1_1_1	81.646	158	26	2	9916	10070	29764499	29764656	6.06e-26	128
ptg000006l_rc_rotated	ptg000006l_1_1_1	93.182	88	3	3	35	120	40252739	40252653	2.18e-25	126
ptg000006l_rc_rotated	ptg000006l_1_1_1	96.053	76	3	0	10166	10241	29764499	29764574	7.84e-25	124
ptg000006l_rc_rotated	ptg000006l_1_1_1	89.691	97	10	0	8377	8473	50668843	50668939	7.84e-25	124
ptg000006l_rc_rotated	ptg000006l_1_1_1	80.702	171	22	9	11082	11250	14836214	14836053	2.82e-24	122
ptg000006l_rc_rotated	ptg000006l_1_1_1	81.013	158	27	2	8310	8464	29764499	29764656	2.82e-24	122
ptg000006l_rc_rotated	ptg000006l_1_1_1	81.013	158	27	2	8602	8756	29764499	29764656	2.82e-24	122
ptg000006l_rc_rotated	ptg000006l_1_1_1	81.013	158	27	2	8894	9048	29764499	29764656	2.82e-24	122
ptg000006l_rc_rotated	ptg000006l_1_1_1	81.013	158	27	2	9186	9340	29764499	29764656	2.82e-24	122
ptg000006l_rc_rotated	ptg000006l_1_1_1	81.013	158	27	2	9332	9486	29764499	29764656	2.82e-24	122
ptg000006l_rc_rotated	ptg000006l_1_1_1	81.013	158	27	2	9624	9778	29764499	29764656	2.82e-24	122
ptg000006l_rc_rotated	ptg000006l_1_1_1	81.013	158	27	2	9770	9924	29764499	29764656	2.82e-24	122
ptg000006l_rc_rotated	ptg000006l_1_1_1	81.013	158	27	2	10062	10216	29764499	29764656	2.82e-24	122
ptg000006l_rc_rotated	ptg000006l_1_1_1	89.583	96	8	2	5617	5711	18638400	18638494	1.01e-23	121
ptg000006l_rc_rotated	ptg000006l_1_1_1	91.011	89	8	0	3746	3834	30497428	30497340	1.01e-23	121
ptg000006l_rc_rotated	ptg000006l_1_1_1	80.380	158	28	2	8456	8610	29764499	29764656	1.31e-22	117
ptg000006l_rc_rotated	ptg000006l_1_1_1	80.380	158	28	2	8581	8735	29764499	29764656	1.31e-22	117
ptg000006l_rc_rotated	ptg000006l_1_1_1	80.380	158	28	2	8748	8902	29764499	29764656	1.31e-22	117
ptg000006l_rc_rotated	ptg000006l_1_1_1	94.667	75	3	1	9017	9091	8020019	8019946	4.72e-22	115
ptg000006l_rc_rotated	ptg000006l_1_1_1	93.421	76	4	1	8412	8487	8020019	8019945	6.10e-21	111
ptg000006l_rc_rotated	ptg000006l_1_1_1	93.333	75	4	1	10039	10113	8020019	8019946	2.20e-20	110
ptg000006l_rc_rotated	ptg000006l_1_1_1	93.333	75	4	1	9893	9967	8020019	8019946	2.20e-20	110
ptg000006l_rc_rotated	ptg000006l_1_1_1	93.333	75	4	1	9747	9821	8020019	8019946	2.20e-20	110
ptg000006l_rc_rotated	ptg000006l_1_1_1	93.333	75	4	1	9601	9675	8020019	8019946	2.20e-20	110
ptg000006l_rc_rotated	ptg000006l_1_1_1	93.333	75	4	1	9455	9529	8020019	8019946	2.20e-20	110
ptg000006l_rc_rotated	ptg000006l_1_1_1	93.333	75	4	1	9309	9383	8020019	8019946	2.20e-20	110
ptg000006l_rc_rotated	ptg000006l_1_1_1	93.333	75	4	1	9163	9237	8020019	8019946	2.20e-20	110
ptg000006l_rc_rotated	ptg000006l_1_1_1	93.333	75	4	1	8871	8945	8020019	8019946	2.20e-20	110
ptg000006l_rc_rotated	ptg000006l_1_1_1	93.333	75	4	1	8725	8799	8020019	8019946	2.20e-20	110
ptg000006l_rc_rotated	ptg000006l_1_1_1	93.333	75	4	1	8579	8653	8020019	8019946	2.20e-20	110
ptg000006l_rc_rotated	ptg000006l_1_1_1	93.333	75	4	1	8287	8361	8020019	8019946	2.20e-20	110
ptg000006l_rc_rotated	ptg000006l_1_1_1	93.151	73	5	0	9019	9091	29764499	29764571	7.90e-20	108
ptg000006l_rc_rotated	ptg000006l_1_1_1	94.366	71	2	1	11105	11173	44028574	44028504	7.90e-20	108
ptg000006l_rc_rotated	ptg000006l_1_1_1	92.105	76	5	1	10164	10239	8020019	8019945	2.84e-19	106
ptg000006l_rc_rotated	ptg000006l_1_1_1	92.105	76	5	1	10143	10218	8020019	8019945	2.84e-19	106
ptg000006l_rc_rotated	ptg000006l_1_1_1	92.105	76	5	1	9872	9947	8020019	8019945	2.84e-19	106
ptg000006l_rc_rotated	ptg000006l_1_1_1	92.105	76	5	1	9851	9926	8020019	8019945	2.84e-19	106
ptg000006l_rc_rotated	ptg000006l_1_1_1	92.105	76	5	1	9726	9801	8020019	8019945	2.84e-19	106
ptg000006l_rc_rotated	ptg000006l_1_1_1	92.105	76	5	1	9705	9780	8020019	8019945	2.84e-19	106
ptg000006l_rc_rotated	ptg000006l_1_1_1	92.105	76	5	1	9434	9509	8020019	8019945	2.84e-19	106
ptg000006l_rc_rotated	ptg000006l_1_1_1	92.105	76	5	1	9413	9488	8020019	8019945	2.84e-19	106
ptg000006l_rc_rotated	ptg000006l_1_1_1	92.105	76	5	1	9288	9363	8020019	8019945	2.84e-19	106
ptg000006l_rc_rotated	ptg000006l_1_1_1	92.105	76	5	1	9267	9342	8020019	8019945	2.84e-19	106
ptg000006l_rc_rotated	ptg000006l_1_1_1	92.105	76	5	1	9142	9217	8020019	8019945	2.84e-19	106
ptg000006l_rc_rotated	ptg000006l_1_1_1	92.105	76	5	1	9121	9196	8020019	8019945	2.84e-19	106
ptg000006l_rc_rotated	ptg000006l_1_1_1	92.105	76	5	1	8975	9050	8020019	8019945	2.84e-19	106
ptg000006l_rc_rotated	ptg000006l_1_1_1	92.105	76	5	1	8850	8925	8020019	8019945	2.84e-19	106
ptg000006l_rc_rotated	ptg000006l_1_1_1	92.105	76	5	1	8829	8904	8020019	8019945	2.84e-19	106
ptg000006l_rc_rotated	ptg000006l_1_1_1	92.105	76	5	1	8704	8779	8020019	8019945	2.84e-19	106
ptg000006l_rc_rotated	ptg000006l_1_1_1	92.105	76	5	1	8683	8758	8020019	8019945	2.84e-19	106
ptg000006l_rc_rotated	ptg000006l_1_1_1	92.105	76	5	1	8537	8612	8020019	8019945	2.84e-19	106
ptg000006l_rc_rotated	ptg000006l_1_1_1	79.114	158	30	2	8873	9027	29764499	29764656	2.84e-19	106
ptg000006l_rc_rotated	ptg000006l_1_1_1	79.114	158	30	2	9165	9319	29764499	29764656	2.84e-19	106
ptg000006l_rc_rotated	ptg000006l_1_1_1	79.114	158	30	2	9311	9465	29764499	29764656	2.84e-19	106
ptg000006l_rc_rotated	ptg000006l_1_1_1	79.114	158	30	2	9603	9757	29764499	29764656	2.84e-19	106
ptg000006l_rc_rotated	ptg000006l_1_1_1	79.114	158	30	2	9749	9903	29764499	29764656	2.84e-19	106
ptg000006l_rc_rotated	ptg000006l_1_1_1	79.114	158	30	2	10041	10195	29764499	29764656	2.84e-19	106
ptg000006l_rc_rotated	ptg000006l_1_1_1	96.721	61	2	0	8417	8477	19250766	19250706	3.67e-18	102
ptg000006l_rc_rotated	ptg000006l_1_1_1	91.781	73	6	0	8289	8361	29764499	29764571	3.67e-18	102
ptg000006l_rc_rotated	ptg000006l_1_1_1	91.781	73	6	0	8727	8799	29764499	29764571	3.67e-18	102
ptg000006l_rc_rotated	ptg000006l_1_1_1	91.781	73	6	0	9457	9529	29764499	29764571	3.67e-18	102
ptg000006l_rc_rotated	ptg000006l_1_1_1	91.781	73	6	0	9895	9967	29764499	29764571	3.67e-18	102
ptg000006l_rc_rotated	ptg000006l_1_1_1	80.576	139	21	6	10178	10313	36704579	36704444	3.67e-18	102
ptg000006l_rc_rotated	ptg000006l_1_1_1	80.916	131	23	2	3601	3730	55310755	55310626	3.67e-18	102
ptg000006l_rc_rotated	ptg000006l_1_1_1	90.789	76	6	1	10018	10093	8020019	8019945	1.32e-17	100
ptg000006l_rc_rotated	ptg000006l_1_1_1	90.789	76	6	1	9580	9655	8020019	8019945	1.32e-17	100
ptg000006l_rc_rotated	ptg000006l_1_1_1	90.789	76	6	1	8996	9071	8020019	8019945	1.32e-17	100
ptg000006l_rc_rotated	ptg000006l_1_1_1	90.789	76	6	1	8558	8633	8020019	8019945	1.32e-17	100
ptg000006l_rc_rotated	ptg000006l_1_1_1	90.789	76	6	1	8391	8466	8020019	8019945	1.32e-17	100
ptg000006l_rc_rotated	ptg000006l_1_1_1	98.246	57	1	0	10185	10241	8020019	8019963	1.32e-17	100
ptg000006l_rc_rotated	ptg000006l_1_1_1	95.238	63	3	0	10021	10083	19250768	19250706	1.32e-17	100
ptg000006l_rc_rotated	ptg000006l_1_1_1	95.238	63	3	0	9583	9645	19250768	19250706	1.32e-17	100
ptg000006l_rc_rotated	ptg000006l_1_1_1	96.610	59	2	0	9022	9080	19250766	19250708	4.75e-17	99.0
ptg000006l_rc_rotated	ptg000006l_1_1_1	96.610	59	2	0	8438	8496	19250766	19250708	4.75e-17	99.0
ptg000006l_rc_rotated	ptg000006l_1_1_1	95.082	61	3	0	10169	10229	19250766	19250706	1.71e-16	97.1
ptg000006l_rc_rotated	ptg000006l_1_1_1	95.082	61	3	0	10148	10208	19250766	19250706	1.71e-16	97.1
ptg000006l_rc_rotated	ptg000006l_1_1_1	95.082	61	3	0	9877	9937	19250766	19250706	1.71e-16	97.1
ptg000006l_rc_rotated	ptg000006l_1_1_1	95.082	61	3	0	9856	9916	19250766	19250706	1.71e-16	97.1
ptg000006l_rc_rotated	ptg000006l_1_1_1	95.082	61	3	0	9731	9791	19250766	19250706	1.71e-16	97.1
ptg000006l_rc_rotated	ptg000006l_1_1_1	95.082	61	3	0	9710	9770	19250766	19250706	1.71e-16	97.1
ptg000006l_rc_rotated	ptg000006l_1_1_1	95.082	61	3	0	9439	9499	19250766	19250706	1.71e-16	97.1
ptg000006l_rc_rotated	ptg000006l_1_1_1	95.082	61	3	0	9418	9478	19250766	19250706	1.71e-16	97.1
ptg000006l_rc_rotated	ptg000006l_1_1_1	95.082	61	3	0	9293	9353	19250766	19250706	1.71e-16	97.1
ptg000006l_rc_rotated	ptg000006l_1_1_1	95.082	61	3	0	9272	9332	19250766	19250706	1.71e-16	97.1
ptg000006l_rc_rotated	ptg000006l_1_1_1	95.082	61	3	0	9147	9207	19250766	19250706	1.71e-16	97.1
ptg000006l_rc_rotated	ptg000006l_1_1_1	95.082	61	3	0	9126	9186	19250766	19250706	1.71e-16	97.1
ptg000006l_rc_rotated	ptg000006l_1_1_1	95.082	61	3	0	8980	9040	19250766	19250706	1.71e-16	97.1
ptg000006l_rc_rotated	ptg000006l_1_1_1	95.082	61	3	0	8855	8915	19250766	19250706	1.71e-16	97.1
ptg000006l_rc_rotated	ptg000006l_1_1_1	95.082	61	3	0	8834	8894	19250766	19250706	1.71e-16	97.1
ptg000006l_rc_rotated	ptg000006l_1_1_1	95.082	61	3	0	8709	8769	19250766	19250706	1.71e-16	97.1
ptg000006l_rc_rotated	ptg000006l_1_1_1	95.082	61	3	0	8688	8748	19250766	19250706	1.71e-16	97.1
ptg000006l_rc_rotated	ptg000006l_1_1_1	95.082	61	3	0	8542	8602	19250766	19250706	1.71e-16	97.1
ptg000006l_rc_rotated	ptg000006l_1_1_1	95.082	61	3	0	8271	8331	19250766	19250706	1.71e-16	97.1
ptg000006l_rc_rotated	ptg000006l_1_1_1	96.552	58	2	0	8524	8581	19250763	19250706	1.71e-16	97.1
ptg000006l_rc_rotated	ptg000006l_1_1_1	98.148	54	1	0	17044	17097	15131858	15131805	6.15e-16	95.3
ptg000006l_rc_rotated	ptg000006l_1_1_1	93.548	62	4	0	4878	4939	7371559	7371620	2.21e-15	93.5
ptg000006l_rc_rotated	ptg000006l_1_1_1	88.608	79	5	3	11510	11586	8621077	8621153	2.21e-15	93.5
ptg000006l_rc_rotated	ptg000006l_1_1_1	94.915	59	3	0	10044	10102	19250766	19250708	2.21e-15	93.5
ptg000006l_rc_rotated	ptg000006l_1_1_1	94.915	59	3	0	9898	9956	19250766	19250708	2.21e-15	93.5
ptg000006l_rc_rotated	ptg000006l_1_1_1	94.915	59	3	0	9752	9810	19250766	19250708	2.21e-15	93.5
ptg000006l_rc_rotated	ptg000006l_1_1_1	94.915	59	3	0	9606	9664	19250766	19250708	2.21e-15	93.5
ptg000006l_rc_rotated	ptg000006l_1_1_1	94.915	59	3	0	9460	9518	19250766	19250708	2.21e-15	93.5
ptg000006l_rc_rotated	ptg000006l_1_1_1	94.915	59	3	0	9314	9372	19250766	19250708	2.21e-15	93.5
ptg000006l_rc_rotated	ptg000006l_1_1_1	94.915	59	3	0	9168	9226	19250766	19250708	2.21e-15	93.5
ptg000006l_rc_rotated	ptg000006l_1_1_1	94.915	59	3	0	8876	8934	19250766	19250708	2.21e-15	93.5
ptg000006l_rc_rotated	ptg000006l_1_1_1	94.915	59	3	0	8730	8788	19250766	19250708	2.21e-15	93.5
ptg000006l_rc_rotated	ptg000006l_1_1_1	94.915	59	3	0	8584	8642	19250766	19250708	2.21e-15	93.5
ptg000006l_rc_rotated	ptg000006l_1_1_1	94.915	59	3	0	8292	8350	19250766	19250708	2.21e-15	93.5
ptg000006l_rc_rotated	ptg000006l_1_1_1	98.113	53	1	0	338	390	26739015	26738963	2.21e-15	93.5
ptg000006l_rc_rotated	ptg000006l_1_1_1	93.443	61	4	0	10002	10062	19250766	19250706	7.95e-15	91.6
ptg000006l_rc_rotated	ptg000006l_1_1_1	93.443	61	4	0	9564	9624	19250766	19250706	7.95e-15	91.6
ptg000006l_rc_rotated	ptg000006l_1_1_1	94.828	58	3	0	10130	10187	19250763	19250706	7.95e-15	91.6
ptg000006l_rc_rotated	ptg000006l_1_1_1	94.828	58	3	0	9838	9895	19250763	19250706	7.95e-15	91.6
ptg000006l_rc_rotated	ptg000006l_1_1_1	94.828	58	3	0	9692	9749	19250763	19250706	7.95e-15	91.6
ptg000006l_rc_rotated	ptg000006l_1_1_1	94.828	58	3	0	9400	9457	19250763	19250706	7.95e-15	91.6
ptg000006l_rc_rotated	ptg000006l_1_1_1	94.828	58	3	0	9254	9311	19250763	19250706	7.95e-15	91.6
ptg000006l_rc_rotated	ptg000006l_1_1_1	94.828	58	3	0	8962	9019	19250763	19250706	7.95e-15	91.6
ptg000006l_rc_rotated	ptg000006l_1_1_1	94.828	58	3	0	8670	8727	19250763	19250706	7.95e-15	91.6
ptg000006l_rc_rotated	ptg000006l_1_1_1	94.828	58	3	0	10187	10244	29764499	29764556	7.95e-15	91.6
ptg000006l_rc_rotated	ptg000006l_1_1_1	94.643	56	3	0	8818	8873	19250761	19250706	1.03e-13	87.9
ptg000006l_rc_rotated	ptg000006l_1_1_1	94.643	56	3	0	8380	8435	19250761	19250706	1.03e-13	87.9
ptg000006l_rc_rotated	ptg000006l_1_1_1	93.103	58	4	0	9108	9165	19250763	19250706	3.70e-13	86.1
ptg000006l_rc_rotated	ptg000006l_1_1_1	98.000	50	0	1	9010	9058	36704579	36704530	3.70e-13	86.1
ptg000006l_rc_rotated	ptg000006l_1_1_1	98.000	50	0	1	8572	8620	36704579	36704530	3.70e-13	86.1
ptg000006l_rc_rotated	ptg000006l_1_1_1	98.000	50	0	1	8405	8453	36704579	36704530	3.70e-13	86.1
ptg000006l_rc_rotated	ptg000006l_1_1_1	100.000	46	0	0	10105	10150	38910366	38910321	3.70e-13	86.1
ptg000006l_rc_rotated	ptg000006l_1_1_1	100.000	46	0	0	9959	10004	38910366	38910321	3.70e-13	86.1
ptg000006l_rc_rotated	ptg000006l_1_1_1	100.000	46	0	0	9813	9858	38910366	38910321	3.70e-13	86.1
ptg000006l_rc_rotated	ptg000006l_1_1_1	100.000	46	0	0	9667	9712	38910366	38910321	3.70e-13	86.1
ptg000006l_rc_rotated	ptg000006l_1_1_1	100.000	46	0	0	9521	9566	38910366	38910321	3.70e-13	86.1
ptg000006l_rc_rotated	ptg000006l_1_1_1	100.000	46	0	0	9375	9420	38910366	38910321	3.70e-13	86.1
ptg000006l_rc_rotated	ptg000006l_1_1_1	100.000	46	0	0	9229	9274	38910366	38910321	3.70e-13	86.1
ptg000006l_rc_rotated	ptg000006l_1_1_1	100.000	46	0	0	8937	8982	38910366	38910321	3.70e-13	86.1
ptg000006l_rc_rotated	ptg000006l_1_1_1	100.000	46	0	0	8645	8690	38910366	38910321	3.70e-13	86.1
ptg000006l_rc_rotated	ptg000006l_1_1_1	90.476	63	5	1	10060	10121	8020019	8019957	4.79e-12	82.4
ptg000006l_rc_rotated	ptg000006l_1_1_1	90.476	63	5	1	9914	9975	8020019	8019957	4.79e-12	82.4
ptg000006l_rc_rotated	ptg000006l_1_1_1	90.476	63	5	1	9768	9829	8020019	8019957	4.79e-12	82.4
ptg000006l_rc_rotated	ptg000006l_1_1_1	90.476	63	5	1	9622	9683	8020019	8019957	4.79e-12	82.4
ptg000006l_rc_rotated	ptg000006l_1_1_1	90.476	63	5	1	9476	9537	8020019	8019957	4.79e-12	82.4
ptg000006l_rc_rotated	ptg000006l_1_1_1	90.476	63	5	1	9330	9391	8020019	8019957	4.79e-12	82.4
ptg000006l_rc_rotated	ptg000006l_1_1_1	90.476	63	5	1	9184	9245	8020019	8019957	4.79e-12	82.4
ptg000006l_rc_rotated	ptg000006l_1_1_1	90.476	63	5	1	8892	8953	8020019	8019957	4.79e-12	82.4
ptg000006l_rc_rotated	ptg000006l_1_1_1	90.476	63	5	1	8746	8807	8020019	8019957	4.79e-12	82.4
ptg000006l_rc_rotated	ptg000006l_1_1_1	90.476	63	5	1	8600	8661	8020019	8019957	4.79e-12	82.4
ptg000006l_rc_rotated	ptg000006l_1_1_1	90.476	63	5	1	8454	8515	8020019	8019957	4.79e-12	82.4
ptg000006l_rc_rotated	ptg000006l_1_1_1	90.476	63	5	1	8308	8369	8020019	8019957	4.79e-12	82.4
ptg000006l_rc_rotated	ptg000006l_1_1_1	92.982	57	3	1	8815	8870	36704586	36704530	4.79e-12	82.4
ptg000006l_rc_rotated	ptg000006l_1_1_1	92.982	57	3	1	8377	8432	36704586	36704530	4.79e-12	82.4
ptg000006l_rc_rotated	ptg000006l_1_1_1	85.897	78	8	3	8921	8997	7607816	7607891	1.72e-11	80.5
ptg000006l_rc_rotated	ptg000006l_1_1_1	85.897	78	8	3	9213	9289	7607816	7607891	1.72e-11	80.5
ptg000006l_rc_rotated	ptg000006l_1_1_1	85.897	78	8	3	9359	9435	7607816	7607891	1.72e-11	80.5
ptg000006l_rc_rotated	ptg000006l_1_1_1	85.897	78	8	3	9505	9581	7607816	7607891	1.72e-11	80.5
ptg000006l_rc_rotated	ptg000006l_1_1_1	85.897	78	8	3	9651	9727	7607816	7607891	1.72e-11	80.5
ptg000006l_rc_rotated	ptg000006l_1_1_1	85.897	78	8	3	9797	9873	7607816	7607891	1.72e-11	80.5
ptg000006l_rc_rotated	ptg000006l_1_1_1	85.897	78	8	3	9943	10019	7607816	7607891	1.72e-11	80.5
ptg000006l_rc_rotated	ptg000006l_1_1_1	85.897	78	8	3	10089	10165	7607816	7607891	1.72e-11	80.5
ptg000006l_rc_rotated	ptg000006l_1_1_1	96.000	50	1	1	10157	10205	36704579	36704530	1.72e-11	80.5
ptg000006l_rc_rotated	ptg000006l_1_1_1	96.000	50	1	1	10136	10184	36704579	36704530	1.72e-11	80.5
ptg000006l_rc_rotated	ptg000006l_1_1_1	96.000	50	1	1	10053	10101	36704579	36704530	1.72e-11	80.5
ptg000006l_rc_rotated	ptg000006l_1_1_1	96.000	50	1	1	10032	10080	36704579	36704530	1.72e-11	80.5
ptg000006l_rc_rotated	ptg000006l_1_1_1	96.000	50	1	1	9907	9955	36704579	36704530	1.72e-11	80.5
ptg000006l_rc_rotated	ptg000006l_1_1_1	96.000	50	1	1	9886	9934	36704579	36704530	1.72e-11	80.5
ptg000006l_rc_rotated	ptg000006l_1_1_1	96.000	50	1	1	9865	9913	36704579	36704530	1.72e-11	80.5
ptg000006l_rc_rotated	ptg000006l_1_1_1	96.000	50	1	1	9844	9892	36704579	36704530	1.72e-11	80.5
ptg000006l_rc_rotated	ptg000006l_1_1_1	96.000	50	1	1	9761	9809	36704579	36704530	1.72e-11	80.5
ptg000006l_rc_rotated	ptg000006l_1_1_1	96.000	50	1	1	9740	9788	36704579	36704530	1.72e-11	80.5
ptg000006l_rc_rotated	ptg000006l_1_1_1	96.000	50	1	1	9719	9767	36704579	36704530	1.72e-11	80.5
ptg000006l_rc_rotated	ptg000006l_1_1_1	96.000	50	1	1	9698	9746	36704579	36704530	1.72e-11	80.5
ptg000006l_rc_rotated	ptg000006l_1_1_1	96.000	50	1	1	9615	9663	36704579	36704530	1.72e-11	80.5
ptg000006l_rc_rotated	ptg000006l_1_1_1	96.000	50	1	1	9594	9642	36704579	36704530	1.72e-11	80.5
ptg000006l_rc_rotated	ptg000006l_1_1_1	96.000	50	1	1	9469	9517	36704579	36704530	1.72e-11	80.5
ptg000006l_rc_rotated	ptg000006l_1_1_1	96.000	50	1	1	9448	9496	36704579	36704530	1.72e-11	80.5
ptg000006l_rc_rotated	ptg000006l_1_1_1	96.000	50	1	1	9427	9475	36704579	36704530	1.72e-11	80.5
ptg000006l_rc_rotated	ptg000006l_1_1_1	96.000	50	1	1	9406	9454	36704579	36704530	1.72e-11	80.5
ptg000006l_rc_rotated	ptg000006l_1_1_1	96.000	50	1	1	9323	9371	36704579	36704530	1.72e-11	80.5
ptg000006l_rc_rotated	ptg000006l_1_1_1	96.000	50	1	1	9302	9350	36704579	36704530	1.72e-11	80.5
ptg000006l_rc_rotated	ptg000006l_1_1_1	96.000	50	1	1	9281	9329	36704579	36704530	1.72e-11	80.5
ptg000006l_rc_rotated	ptg000006l_1_1_1	96.000	50	1	1	9260	9308	36704579	36704530	1.72e-11	80.5
ptg000006l_rc_rotated	ptg000006l_1_1_1	96.000	50	1	1	9177	9225	36704579	36704530	1.72e-11	80.5
ptg000006l_rc_rotated	ptg000006l_1_1_1	96.000	50	1	1	9156	9204	36704579	36704530	1.72e-11	80.5
ptg000006l_rc_rotated	ptg000006l_1_1_1	96.000	50	1	1	9135	9183	36704579	36704530	1.72e-11	80.5
ptg000006l_rc_rotated	ptg000006l_1_1_1	96.000	50	1	1	8989	9037	36704579	36704530	1.72e-11	80.5
ptg000006l_rc_rotated	ptg000006l_1_1_1	96.000	50	1	1	8968	9016	36704579	36704530	1.72e-11	80.5
ptg000006l_rc_rotated	ptg000006l_1_1_1	96.000	50	1	1	8885	8933	36704579	36704530	1.72e-11	80.5
ptg000006l_rc_rotated	ptg000006l_1_1_1	96.000	50	1	1	8864	8912	36704579	36704530	1.72e-11	80.5
ptg000006l_rc_rotated	ptg000006l_1_1_1	96.000	50	1	1	8843	8891	36704579	36704530	1.72e-11	80.5
ptg000006l_rc_rotated	ptg000006l_1_1_1	96.000	50	1	1	8739	8787	36704579	36704530	1.72e-11	80.5
ptg000006l_rc_rotated	ptg000006l_1_1_1	96.000	50	1	1	8718	8766	36704579	36704530	1.72e-11	80.5
ptg000006l_rc_rotated	ptg000006l_1_1_1	96.000	50	1	1	8697	8745	36704579	36704530	1.72e-11	80.5
ptg000006l_rc_rotated	ptg000006l_1_1_1	96.000	50	1	1	8676	8724	36704579	36704530	1.72e-11	80.5
ptg000006l_rc_rotated	ptg000006l_1_1_1	96.000	50	1	1	8551	8599	36704579	36704530	1.72e-11	80.5
ptg000006l_rc_rotated	ptg000006l_1_1_1	96.000	50	1	1	8301	8349	36704579	36704530	1.72e-11	80.5
ptg000006l_rc_rotated	ptg000006l_1_1_1	96.000	50	1	1	8280	8328	36704579	36704530	1.72e-11	80.5
ptg000006l_rc_rotated	ptg000006l_1_1_1	97.826	46	1	0	9083	9128	38910366	38910321	1.72e-11	80.5
ptg000006l_rc_rotated	ptg000006l_1_1_1	97.826	46	1	0	8499	8544	38910366	38910321	1.72e-11	80.5
ptg000006l_rc_rotated	ptg000006l_1_1_1	95.918	49	1	1	8531	8578	36704578	36704530	6.19e-11	78.7
ptg000006l_rc_rotated	ptg000006l_1_1_1	95.918	49	1	1	8448	8495	36704578	36704530	6.19e-11	78.7
ptg000006l_rc_rotated	ptg000006l_1_1_1	95.833	48	1	1	9116	9162	36704577	36704530	2.23e-10	76.8
ptg000006l_rc_rotated	ptg000006l_1_1_1	84.615	78	9	3	8337	8413	7607816	7607891	8.01e-10	75.0
ptg000006l_rc_rotated	ptg000006l_1_1_1	84.615	78	9	3	8483	8559	7607816	7607891	8.01e-10	75.0
ptg000006l_rc_rotated	ptg000006l_1_1_1	84.615	78	9	3	8629	8705	7607816	7607891	8.01e-10	75.0
ptg000006l_rc_rotated	ptg000006l_1_1_1	84.615	78	9	3	8775	8851	7607816	7607891	8.01e-10	75.0
ptg000006l_rc_rotated	ptg000006l_1_1_1	84.615	78	9	3	9067	9143	7607816	7607891	8.01e-10	75.0
ptg000006l_rc_rotated	ptg000006l_1_1_1	94.000	50	2	1	9990	10038	36704579	36704530	8.01e-10	75.0
ptg000006l_rc_rotated	ptg000006l_1_1_1	94.000	50	2	1	9552	9600	36704579	36704530	8.01e-10	75.0
ptg000006l_rc_rotated	ptg000006l_1_1_1	95.745	47	1	1	10199	10244	36704579	36704533	8.01e-10	75.0
ptg000006l_rc_rotated	ptg000006l_1_1_1	92.308	52	4	0	10015	10066	50371909	50371858	8.01e-10	75.0
ptg000006l_rc_rotated	ptg000006l_1_1_1	92.308	52	4	0	9577	9628	50371909	50371858	8.01e-10	75.0
ptg000006l_rc_rotated	ptg000006l_1_1_1	97.500	40	1	0	8271	8310	19250745	19250706	3.73e-08	69.4
ptg000006l_rc_rotated	ptg000006l_1_1_1	100.000	37	0	0	8524	8560	19250742	19250706	3.73e-08	69.4
ptg000006l_rc_rotated	ptg000006l_1_1_1	82.278	79	12	2	9545	9623	7607815	7607891	1.34e-07	67.6
ptg000006l_rc_rotated	ptg000006l_1_1_1	82.278	79	12	2	9983	10061	7607815	7607891	1.34e-07	67.6
ptg000006l_rc_rotated	ptg000006l_1_1_1	97.436	39	1	0	10206	10244	8020019	8019981	1.34e-07	67.6
ptg000006l_rc_rotated	ptg000006l_1_1_1	82.051	78	12	2	9567	9644	7607816	7607891	4.82e-07	65.8
ptg000006l_rc_rotated	ptg000006l_1_1_1	82.051	78	12	2	10005	10082	7607816	7607891	4.82e-07	65.8
ptg000006l_rc_rotated	ptg000006l_1_1_1	81.818	77	12	2	8420	8496	7607816	7607890	1.73e-06	63.9
ptg000006l_rc_rotated	ptg000006l_1_1_1	97.297	37	1	0	10130	10166	19250742	19250706	1.73e-06	63.9
ptg000006l_rc_rotated	ptg000006l_1_1_1	97.297	37	1	0	9984	10020	19250742	19250706	1.73e-06	63.9
ptg000006l_rc_rotated	ptg000006l_1_1_1	97.297	37	1	0	9838	9874	19250742	19250706	1.73e-06	63.9
ptg000006l_rc_rotated	ptg000006l_1_1_1	97.297	37	1	0	9692	9728	19250742	19250706	1.73e-06	63.9
ptg000006l_rc_rotated	ptg000006l_1_1_1	97.297	37	1	0	9546	9582	19250742	19250706	1.73e-06	63.9
ptg000006l_rc_rotated	ptg000006l_1_1_1	97.297	37	1	0	9400	9436	19250742	19250706	1.73e-06	63.9
ptg000006l_rc_rotated	ptg000006l_1_1_1	97.297	37	1	0	9254	9290	19250742	19250706	1.73e-06	63.9
ptg000006l_rc_rotated	ptg000006l_1_1_1	97.297	37	1	0	8962	8998	19250742	19250706	1.73e-06	63.9
ptg000006l_rc_rotated	ptg000006l_1_1_1	97.297	37	1	0	8670	8706	19250742	19250706	1.73e-06	63.9
ptg000006l_rc_rotated	ptg000006l_1_1_1	97.297	37	1	0	10208	10244	29764499	29764535	1.73e-06	63.9
ptg000006l_rc_rotated	ptg000006l_1_1_1	81.013	79	13	2	8669	8747	7607815	7607891	6.24e-06	62.1
ptg000006l_rc_rotated	ptg000006l_1_1_1	81.013	79	13	2	8961	9039	7607815	7607891	6.24e-06	62.1
ptg000006l_rc_rotated	ptg000006l_1_1_1	81.013	79	13	2	9253	9331	7607815	7607891	6.24e-06	62.1
ptg000006l_rc_rotated	ptg000006l_1_1_1	81.013	79	13	2	9399	9477	7607815	7607891	6.24e-06	62.1
ptg000006l_rc_rotated	ptg000006l_1_1_1	81.013	79	13	2	9691	9769	7607815	7607891	6.24e-06	62.1
ptg000006l_rc_rotated	ptg000006l_1_1_1	81.013	79	13	2	9837	9915	7607815	7607891	6.24e-06	62.1
ptg000006l_rc_rotated	ptg000006l_1_1_1	81.013	79	13	2	10129	10207	7607815	7607891	6.24e-06	62.1
ptg000006l_rc_rotated	ptg000006l_1_1_1	97.222	36	1	0	8274	8309	7607856	7607891	6.24e-06	62.1
ptg000006l_rc_rotated	ptg000006l_1_1_1	97.222	36	1	0	8295	8330	7607856	7607891	6.24e-06	62.1
ptg000006l_rc_rotated	ptg000006l_1_1_1	97.222	36	1	0	8399	8434	7607856	7607891	6.24e-06	62.1
ptg000006l_rc_rotated	ptg000006l_1_1_1	97.222	36	1	0	8545	8580	7607856	7607891	6.24e-06	62.1
ptg000006l_rc_rotated	ptg000006l_1_1_1	97.222	36	1	0	8566	8601	7607856	7607891	6.24e-06	62.1
ptg000006l_rc_rotated	ptg000006l_1_1_1	97.222	36	1	0	8691	8726	7607856	7607891	6.24e-06	62.1
ptg000006l_rc_rotated	ptg000006l_1_1_1	97.222	36	1	0	8733	8768	7607856	7607891	6.24e-06	62.1
ptg000006l_rc_rotated	ptg000006l_1_1_1	97.222	36	1	0	8837	8872	7607856	7607891	6.24e-06	62.1
ptg000006l_rc_rotated	ptg000006l_1_1_1	97.222	36	1	0	8858	8893	7607856	7607891	6.24e-06	62.1
ptg000006l_rc_rotated	ptg000006l_1_1_1	97.222	36	1	0	8879	8914	7607856	7607891	6.24e-06	62.1
ptg000006l_rc_rotated	ptg000006l_1_1_1	97.222	36	1	0	8983	9018	7607856	7607891	6.24e-06	62.1
ptg000006l_rc_rotated	ptg000006l_1_1_1	97.222	36	1	0	9129	9164	7607856	7607891	6.24e-06	62.1
ptg000006l_rc_rotated	ptg000006l_1_1_1	97.222	36	1	0	9150	9185	7607856	7607891	6.24e-06	62.1
ptg000006l_rc_rotated	ptg000006l_1_1_1	97.222	36	1	0	9171	9206	7607856	7607891	6.24e-06	62.1
ptg000006l_rc_rotated	ptg000006l_1_1_1	97.222	36	1	0	9275	9310	7607856	7607891	6.24e-06	62.1
ptg000006l_rc_rotated	ptg000006l_1_1_1	97.222	36	1	0	9317	9352	7607856	7607891	6.24e-06	62.1
ptg000006l_rc_rotated	ptg000006l_1_1_1	97.222	36	1	0	9421	9456	7607856	7607891	6.24e-06	62.1
ptg000006l_rc_rotated	ptg000006l_1_1_1	97.222	36	1	0	9463	9498	7607856	7607891	6.24e-06	62.1
ptg000006l_rc_rotated	ptg000006l_1_1_1	97.222	36	1	0	9713	9748	7607856	7607891	6.24e-06	62.1
ptg000006l_rc_rotated	ptg000006l_1_1_1	97.222	36	1	0	9755	9790	7607856	7607891	6.24e-06	62.1
ptg000006l_rc_rotated	ptg000006l_1_1_1	97.222	36	1	0	9859	9894	7607856	7607891	6.24e-06	62.1
ptg000006l_rc_rotated	ptg000006l_1_1_1	97.222	36	1	0	9901	9936	7607856	7607891	6.24e-06	62.1
ptg000006l_rc_rotated	ptg000006l_1_1_1	97.222	36	1	0	10151	10186	7607856	7607891	6.24e-06	62.1
ptg000006l_rc_rotated	ptg000006l_1_1_1	97.222	36	1	0	10193	10228	7607856	7607891	6.24e-06	62.1
ptg000006l_rc_rotated	ptg000006l_1_1_1	97.143	35	1	0	8316	8350	7607856	7607890	2.24e-05	60.2
ptg000006l_rc_rotated	ptg000006l_1_1_1	97.143	35	1	0	8754	8788	7607856	7607890	2.24e-05	60.2
ptg000006l_rc_rotated	ptg000006l_1_1_1	97.143	35	1	0	8900	8934	7607856	7607890	2.24e-05	60.2
ptg000006l_rc_rotated	ptg000006l_1_1_1	97.143	35	1	0	9192	9226	7607856	7607890	2.24e-05	60.2
ptg000006l_rc_rotated	ptg000006l_1_1_1	97.143	35	1	0	9338	9372	7607856	7607890	2.24e-05	60.2
ptg000006l_rc_rotated	ptg000006l_1_1_1	97.143	35	1	0	9484	9518	7607856	7607890	2.24e-05	60.2
ptg000006l_rc_rotated	ptg000006l_1_1_1	97.143	35	1	0	9630	9664	7607856	7607890	2.24e-05	60.2
ptg000006l_rc_rotated	ptg000006l_1_1_1	97.143	35	1	0	9776	9810	7607856	7607890	2.24e-05	60.2
ptg000006l_rc_rotated	ptg000006l_1_1_1	97.143	35	1	0	9922	9956	7607856	7607890	2.24e-05	60.2
ptg000006l_rc_rotated	ptg000006l_1_1_1	97.143	35	1	0	10068	10102	7607856	7607890	2.24e-05	60.2
ptg000006l_rc_rotated	ptg000006l_1_1_1	97.143	35	1	0	8818	8852	19250740	19250706	2.24e-05	60.2
ptg000006l_rc_rotated	ptg000006l_1_1_1	97.143	35	1	0	8380	8414	19250740	19250706	2.24e-05	60.2
ptg000006l_rc_rotated	ptg000006l_1_1_1	89.362	47	4	1	8524	8570	8019990	8019945	8.07e-05	58.4
ptg000006l_rc_rotated	ptg000006l_1_1_1	94.595	37	2	0	9108	9144	19250742	19250706	8.07e-05	58.4
ptg000006l_rc_rotated	ptg000006l_1_1_1	77.228	101	21	2	8458	8556	50668839	50668939	8.07e-05	58.4
ptg000006l_rc_rotated	ptg000006l_1_1_1	94.444	36	2	0	8441	8476	7607856	7607891	2.90e-04	56.5
ptg000006l_rc_rotated	ptg000006l_1_1_1	94.286	35	2	0	9046	9080	7607856	7607890	0.001	54.7
ptg000006l_rc_rotated	ptg000006l_1_1_1	100.000	29	0	0	10074	10102	36704579	36704551	0.001	54.7
ptg000006l_rc_rotated	ptg000006l_1_1_1	100.000	29	0	0	9928	9956	36704579	36704551	0.001	54.7
ptg000006l_rc_rotated	ptg000006l_1_1_1	100.000	29	0	0	9782	9810	36704579	36704551	0.001	54.7
ptg000006l_rc_rotated	ptg000006l_1_1_1	100.000	29	0	0	9636	9664	36704579	36704551	0.001	54.7
ptg000006l_rc_rotated	ptg000006l_1_1_1	100.000	29	0	0	9490	9518	36704579	36704551	0.001	54.7
ptg000006l_rc_rotated	ptg000006l_1_1_1	100.000	29	0	0	9344	9372	36704579	36704551	0.001	54.7
ptg000006l_rc_rotated	ptg000006l_1_1_1	100.000	29	0	0	9198	9226	36704579	36704551	0.001	54.7
ptg000006l_rc_rotated	ptg000006l_1_1_1	100.000	29	0	0	8906	8934	36704579	36704551	0.001	54.7
ptg000006l_rc_rotated	ptg000006l_1_1_1	100.000	29	0	0	8760	8788	36704579	36704551	0.001	54.7
ptg000006l_rc_rotated	ptg000006l_1_1_1	100.000	29	0	0	8468	8496	36704579	36704551	0.001	54.7
ptg000006l_rc_rotated	ptg000006l_1_1_1	100.000	29	0	0	8322	8350	36704579	36704551	0.001	54.7
ptg000006l_rc_rotated	ptg000006l_1_1_1	100.000	28	0	0	11104	11131	15964398	15964371	0.004	52.8
ptg000006l_rc_rotated	ptg000006l_1_1_1	100.000	28	0	0	9053	9080	36704578	36704551	0.004	52.8
ptg000006l_rc_rotated	ptg000006l_1_1_1	100.000	28	0	0	4966	4993	52532129	52532156	0.004	52.8
ptg000006l_rc_rotated	ptg000006l_1_1_1	100.000	28	0	0	12503	12530	61772074	61772047	0.004	52.8
ptg000006l_rc_rotated	ptg000041l_1_1_1	97.541	244	5	1	10447	10690	6670587	6670345	1.16e-112	416
ptg000006l_rc_rotated	ptg000041l_1_1_1	97.170	212	3	2	10810	11020	6670359	6670150	2.55e-94	355
ptg000006l_rc_rotated	ptg000041l_1_1_1	84.516	155	15	6	12920	13068	11714862	11715013	6.02e-31	145
ptg000006l_rc_rotated	ptg000041l_1_1_1	90.385	104	10	0	11561	11664	12382781	12382884	1.01e-28	137
ptg000006l_rc_rotated	ptg000041l_1_1_1	91.579	95	8	0	11997	12091	8074652	8074746	4.69e-27	132
ptg000006l_rc_rotated	ptg000041l_1_1_1	76.471	221	50	2	14854	15072	1125727	1125507	3.65e-23	119
ptg000006l_rc_rotated	ptg000041l_1_1_1	100.000	54	0	0	17941	17994	6329383	6329436	1.32e-17	100
ptg000006l_rc_rotated	ptg000041l_1_1_1	98.077	52	1	0	14836	14887	15135447	15135498	7.95e-15	91.6
ptg000006l_rc_rotated	ptg000041l_1_1_1	74.500	200	46	2	2758	2952	2184702	2184901	4.79e-12	82.4
ptg000006l_rc_rotated	ptg000041l_1_1_1	93.750	48	3	0	11141	11188	10247064	10247017	2.88e-09	73.1
ptg000006l_rc_rotated	ptg000041l_1_1_1	92.105	38	3	0	129	166	12585961	12585924	0.001	54.7
ptg000006l_rc_rotated	ptg000026l_1_1_1	92.537	268	13	4	12375	12637	3689126	3688861	5.45e-101	377
ptg000006l_rc_rotated	ptg000026l_1_1_1	91.732	254	21	0	4761	5014	1667226	1667479	9.19e-94	353
ptg000006l_rc_rotated	ptg000026l_1_1_1	98.361	61	1	0	4936	4996	659053	659113	7.90e-20	108
ptg000006l_rc_rotated	ptg000026l_1_1_1	100.000	38	0	0	8434	8471	3290806	3290843	1.04e-08	71.3
ptg000006l_rc_rotated	ptg000026l_1_1_1	100.000	38	0	0	9039	9076	3290806	3290843	1.04e-08	71.3
ptg000006l_rc_rotated	ptg000026l_1_1_1	97.561	41	1	0	12476	12516	6052317	6052357	1.04e-08	71.3
ptg000006l_rc_rotated	ptg000026l_1_1_1	97.500	40	1	0	14	53	7549119	7549158	3.73e-08	69.4
ptg000006l_rc_rotated	ptg000026l_1_1_1	97.368	38	1	0	8601	8638	3290806	3290843	4.82e-07	65.8
ptg000006l_rc_rotated	ptg000026l_1_1_1	100.000	31	0	0	8524	8554	3290813	3290843	8.07e-05	58.4
ptg000006l_rc_rotated	ptg000037l_1_1_1	87.702	309	37	1	17934	18242	9951182	9950875	1.97e-95	359
ptg000006l_rc_rotated	ptg000037l_1_1_1	92.453	159	12	0	4801	4959	19613537	19613379	5.81e-56	228
ptg000006l_rc_rotated	ptg000037l_1_1_1	99.091	110	1	0	18269	18378	14522640	14522531	4.55e-47	198
ptg000006l_rc_rotated	ptg000037l_1_1_1	89.167	120	12	1	4845	4964	19613378	19613260	4.65e-32	148
ptg000006l_rc_rotated	ptg000037l_1_1_1	87.097	124	6	4	10838	10951	23338062	23338185	4.69e-27	132
ptg000006l_rc_rotated	ptg000037l_1_1_1	89.796	98	9	1	216	312	13963714	13963811	7.84e-25	124
ptg000006l_rc_rotated	ptg000037l_1_1_1	97.183	71	2	0	227	297	8627787	8627857	1.01e-23	121
ptg000006l_rc_rotated	ptg000037l_1_1_1	100.000	64	0	0	18639	18702	4760906	4760969	3.65e-23	119
ptg000006l_rc_rotated	ptg000037l_1_1_1	84.762	105	15	1	3015	3119	6549402	6549299	1.02e-18	104
ptg000006l_rc_rotated	ptg000037l_1_1_1	93.939	66	3	1	9564	9629	1973964	1974028	4.75e-17	99.0
ptg000006l_rc_rotated	ptg000037l_1_1_1	93.939	66	3	1	10002	10067	1973964	1974028	4.75e-17	99.0
ptg000006l_rc_rotated	ptg000037l_1_1_1	96.364	55	2	0	10061	10115	9714101	9714047	7.95e-15	91.6
ptg000006l_rc_rotated	ptg000037l_1_1_1	96.364	55	2	0	9915	9969	9714101	9714047	7.95e-15	91.6
ptg000006l_rc_rotated	ptg000037l_1_1_1	96.364	55	2	0	9769	9823	9714101	9714047	7.95e-15	91.6
ptg000006l_rc_rotated	ptg000037l_1_1_1	96.364	55	2	0	9623	9677	9714101	9714047	7.95e-15	91.6
ptg000006l_rc_rotated	ptg000037l_1_1_1	96.364	55	2	0	9477	9531	9714101	9714047	7.95e-15	91.6
ptg000006l_rc_rotated	ptg000037l_1_1_1	96.364	55	2	0	9331	9385	9714101	9714047	7.95e-15	91.6
ptg000006l_rc_rotated	ptg000037l_1_1_1	96.364	55	2	0	9185	9239	9714101	9714047	7.95e-15	91.6
ptg000006l_rc_rotated	ptg000037l_1_1_1	96.364	55	2	0	8893	8947	9714101	9714047	7.95e-15	91.6
ptg000006l_rc_rotated	ptg000037l_1_1_1	96.364	55	2	0	8747	8801	9714101	9714047	7.95e-15	91.6
ptg000006l_rc_rotated	ptg000037l_1_1_1	96.364	55	2	0	8455	8509	9714101	9714047	7.95e-15	91.6
ptg000006l_rc_rotated	ptg000037l_1_1_1	96.364	55	2	0	8309	8363	9714101	9714047	7.95e-15	91.6
ptg000006l_rc_rotated	ptg000037l_1_1_1	91.667	60	5	0	3221	3280	3387277	3387218	1.33e-12	84.2
ptg000006l_rc_rotated	ptg000037l_1_1_1	97.826	46	1	0	9993	10038	20629340	20629295	1.72e-11	80.5
ptg000006l_rc_rotated	ptg000037l_1_1_1	97.826	46	1	0	9555	9600	20629340	20629295	1.72e-11	80.5
ptg000006l_rc_rotated	ptg000037l_1_1_1	88.060	67	5	3	12600	12663	20461284	20461218	2.23e-10	76.8
ptg000006l_rc_rotated	ptg000037l_1_1_1	88.525	61	7	0	10165	10225	9714101	9714041	8.01e-10	75.0
ptg000006l_rc_rotated	ptg000037l_1_1_1	88.525	61	7	0	10144	10204	9714101	9714041	8.01e-10	75.0
ptg000006l_rc_rotated	ptg000037l_1_1_1	88.525	61	7	0	10040	10100	9714101	9714041	8.01e-10	75.0
ptg000006l_rc_rotated	ptg000037l_1_1_1	88.525	61	7	0	9894	9954	9714101	9714041	8.01e-10	75.0
ptg000006l_rc_rotated	ptg000037l_1_1_1	88.525	61	7	0	9873	9933	9714101	9714041	8.01e-10	75.0
ptg000006l_rc_rotated	ptg000037l_1_1_1	88.525	61	7	0	9852	9912	9714101	9714041	8.01e-10	75.0
ptg000006l_rc_rotated	ptg000037l_1_1_1	88.525	61	7	0	9748	9808	9714101	9714041	8.01e-10	75.0
ptg000006l_rc_rotated	ptg000037l_1_1_1	88.525	61	7	0	9727	9787	9714101	9714041	8.01e-10	75.0
ptg000006l_rc_rotated	ptg000037l_1_1_1	88.525	61	7	0	9706	9766	9714101	9714041	8.01e-10	75.0
ptg000006l_rc_rotated	ptg000037l_1_1_1	88.525	61	7	0	9602	9662	9714101	9714041	8.01e-10	75.0
ptg000006l_rc_rotated	ptg000037l_1_1_1	88.525	61	7	0	9456	9516	9714101	9714041	8.01e-10	75.0
ptg000006l_rc_rotated	ptg000037l_1_1_1	88.525	61	7	0	9435	9495	9714101	9714041	8.01e-10	75.0
ptg000006l_rc_rotated	ptg000037l_1_1_1	88.525	61	7	0	9414	9474	9714101	9714041	8.01e-10	75.0
ptg000006l_rc_rotated	ptg000037l_1_1_1	88.525	61	7	0	9310	9370	9714101	9714041	8.01e-10	75.0
ptg000006l_rc_rotated	ptg000037l_1_1_1	88.525	61	7	0	9289	9349	9714101	9714041	8.01e-10	75.0
ptg000006l_rc_rotated	ptg000037l_1_1_1	88.525	61	7	0	9268	9328	9714101	9714041	8.01e-10	75.0
ptg000006l_rc_rotated	ptg000037l_1_1_1	88.525	61	7	0	9164	9224	9714101	9714041	8.01e-10	75.0
ptg000006l_rc_rotated	ptg000037l_1_1_1	88.525	61	7	0	9143	9203	9714101	9714041	8.01e-10	75.0
ptg000006l_rc_rotated	ptg000037l_1_1_1	88.525	61	7	0	9122	9182	9714101	9714041	8.01e-10	75.0
ptg000006l_rc_rotated	ptg000037l_1_1_1	88.525	61	7	0	8976	9036	9714101	9714041	8.01e-10	75.0
ptg000006l_rc_rotated	ptg000037l_1_1_1	88.525	61	7	0	8872	8932	9714101	9714041	8.01e-10	75.0
ptg000006l_rc_rotated	ptg000037l_1_1_1	88.525	61	7	0	8851	8911	9714101	9714041	8.01e-10	75.0
ptg000006l_rc_rotated	ptg000037l_1_1_1	88.525	61	7	0	8830	8890	9714101	9714041	8.01e-10	75.0
ptg000006l_rc_rotated	ptg000037l_1_1_1	88.525	61	7	0	8726	8786	9714101	9714041	8.01e-10	75.0
ptg000006l_rc_rotated	ptg000037l_1_1_1	88.525	61	7	0	8705	8765	9714101	9714041	8.01e-10	75.0
ptg000006l_rc_rotated	ptg000037l_1_1_1	88.525	61	7	0	8684	8744	9714101	9714041	8.01e-10	75.0
ptg000006l_rc_rotated	ptg000037l_1_1_1	88.525	61	7	0	8538	8598	9714101	9714041	8.01e-10	75.0
ptg000006l_rc_rotated	ptg000037l_1_1_1	88.525	61	7	0	8288	8348	9714101	9714041	8.01e-10	75.0
ptg000006l_rc_rotated	ptg000037l_1_1_1	89.474	57	6	0	10186	10242	9714101	9714045	2.88e-09	73.1
ptg000006l_rc_rotated	ptg000037l_1_1_1	90.566	53	5	0	8997	9049	9714101	9714049	1.04e-08	71.3
ptg000006l_rc_rotated	ptg000037l_1_1_1	90.566	53	5	0	8559	8611	9714101	9714049	1.04e-08	71.3
ptg000006l_rc_rotated	ptg000037l_1_1_1	90.566	53	5	0	8392	8444	9714101	9714049	1.04e-08	71.3
ptg000006l_rc_rotated	ptg000037l_1_1_1	86.885	61	8	0	10019	10079	9714101	9714041	3.73e-08	69.4
ptg000006l_rc_rotated	ptg000037l_1_1_1	86.885	61	8	0	9581	9641	9714101	9714041	3.73e-08	69.4
ptg000006l_rc_rotated	ptg000037l_1_1_1	86.885	61	8	0	9018	9078	9714101	9714041	3.73e-08	69.4
ptg000006l_rc_rotated	ptg000037l_1_1_1	86.885	61	8	0	8413	8473	9714101	9714041	3.73e-08	69.4
ptg000006l_rc_rotated	ptg000037l_1_1_1	87.719	57	7	0	8271	8327	9714097	9714041	1.34e-07	67.6
ptg000006l_rc_rotated	ptg000037l_1_1_1	88.889	54	6	0	9984	10037	9714094	9714041	1.34e-07	67.6
ptg000006l_rc_rotated	ptg000037l_1_1_1	88.889	54	6	0	9546	9599	9714094	9714041	1.34e-07	67.6
ptg000006l_rc_rotated	ptg000037l_1_1_1	100.000	36	0	0	10207	10242	9714101	9714066	1.34e-07	67.6
ptg000006l_rc_rotated	ptg000037l_1_1_1	88.679	53	6	0	8580	8632	9714101	9714049	4.82e-07	65.8
ptg000006l_rc_rotated	ptg000037l_1_1_1	87.500	56	6	1	2233	2287	11873789	11873844	1.73e-06	63.9
ptg000006l_rc_rotated	ptg000037l_1_1_1	87.037	54	7	0	10130	10183	9714094	9714041	6.24e-06	62.1
ptg000006l_rc_rotated	ptg000037l_1_1_1	87.037	54	7	0	9838	9891	9714094	9714041	6.24e-06	62.1
ptg000006l_rc_rotated	ptg000037l_1_1_1	87.037	54	7	0	9692	9745	9714094	9714041	6.24e-06	62.1
ptg000006l_rc_rotated	ptg000037l_1_1_1	87.037	54	7	0	9400	9453	9714094	9714041	6.24e-06	62.1
ptg000006l_rc_rotated	ptg000037l_1_1_1	87.037	54	7	0	9254	9307	9714094	9714041	6.24e-06	62.1
ptg000006l_rc_rotated	ptg000037l_1_1_1	87.037	54	7	0	8962	9015	9714094	9714041	6.24e-06	62.1
ptg000006l_rc_rotated	ptg000037l_1_1_1	87.037	54	7	0	8670	8723	9714094	9714041	6.24e-06	62.1
ptg000006l_rc_rotated	ptg000037l_1_1_1	97.222	36	0	1	2535	2569	23164157	23164122	2.24e-05	60.2
ptg000006l_rc_rotated	ptg000028l_1_1_1	89.781	274	28	0	4078	4351	12036668	12036395	3.30e-93	351
ptg000006l_rc_rotated	ptg000028l_1_1_1	89.583	144	9	3	8562	8702	12930225	12930365	5.93e-41	178
ptg000006l_rc_rotated	ptg000028l_1_1_1	88.194	144	11	3	8854	8994	12930225	12930365	1.28e-37	167
ptg000006l_rc_rotated	ptg000028l_1_1_1	88.194	144	11	3	9000	9140	12930225	12930365	1.28e-37	167
ptg000006l_rc_rotated	ptg000028l_1_1_1	88.194	144	11	3	9146	9286	12930225	12930365	1.28e-37	167
ptg000006l_rc_rotated	ptg000028l_1_1_1	88.194	144	11	3	9292	9432	12930225	12930365	1.28e-37	167
ptg000006l_rc_rotated	ptg000028l_1_1_1	88.194	144	11	3	9438	9578	12930225	12930365	1.28e-37	167
ptg000006l_rc_rotated	ptg000028l_1_1_1	88.194	144	11	3	9730	9870	12930225	12930365	1.28e-37	167
ptg000006l_rc_rotated	ptg000028l_1_1_1	88.194	144	11	3	9876	10016	12930225	12930365	1.28e-37	167
ptg000006l_rc_rotated	ptg000028l_1_1_1	88.112	143	11	3	9585	9724	12930226	12930365	4.62e-37	165
ptg000006l_rc_rotated	ptg000028l_1_1_1	88.112	143	11	3	10023	10162	12930226	12930365	4.62e-37	165
ptg000006l_rc_rotated	ptg000028l_1_1_1	87.500	144	12	3	8708	8848	12930225	12930365	5.98e-36	161
ptg000006l_rc_rotated	ptg000028l_1_1_1	87.413	143	13	2	8270	8410	12930226	12930365	2.15e-35	159
ptg000006l_rc_rotated	ptg000028l_1_1_1	98.864	88	0	1	10155	10241	4800795	4800708	2.78e-34	156
ptg000006l_rc_rotated	ptg000028l_1_1_1	98.864	88	0	1	10134	10220	4800795	4800708	2.78e-34	156
ptg000006l_rc_rotated	ptg000028l_1_1_1	98.864	88	0	1	9863	9949	4800795	4800708	2.78e-34	156
ptg000006l_rc_rotated	ptg000028l_1_1_1	98.864	88	0	1	9842	9928	4800795	4800708	2.78e-34	156
ptg000006l_rc_rotated	ptg000028l_1_1_1	98.864	88	0	1	9717	9803	4800795	4800708	2.78e-34	156
ptg000006l_rc_rotated	ptg000028l_1_1_1	98.864	88	0	1	9696	9782	4800795	4800708	2.78e-34	156
ptg000006l_rc_rotated	ptg000028l_1_1_1	98.864	88	0	1	9425	9511	4800795	4800708	2.78e-34	156
ptg000006l_rc_rotated	ptg000028l_1_1_1	98.864	88	0	1	9404	9490	4800795	4800708	2.78e-34	156
ptg000006l_rc_rotated	ptg000028l_1_1_1	98.864	88	0	1	9279	9365	4800795	4800708	2.78e-34	156
ptg000006l_rc_rotated	ptg000028l_1_1_1	98.864	88	0	1	9258	9344	4800795	4800708	2.78e-34	156
ptg000006l_rc_rotated	ptg000028l_1_1_1	98.864	88	0	1	9133	9219	4800795	4800708	2.78e-34	156
ptg000006l_rc_rotated	ptg000028l_1_1_1	98.864	88	0	1	8841	8927	4800795	4800708	2.78e-34	156
ptg000006l_rc_rotated	ptg000028l_1_1_1	98.864	88	0	1	8820	8906	4800795	4800708	2.78e-34	156
ptg000006l_rc_rotated	ptg000028l_1_1_1	98.864	88	0	1	8695	8781	4800795	4800708	2.78e-34	156
ptg000006l_rc_rotated	ptg000028l_1_1_1	98.864	88	0	1	8674	8760	4800795	4800708	2.78e-34	156
ptg000006l_rc_rotated	ptg000028l_1_1_1	100.000	83	0	0	9116	9198	4800790	4800708	1.00e-33	154
ptg000006l_rc_rotated	ptg000028l_1_1_1	98.851	87	0	1	8966	9051	4800795	4800709	1.00e-33	154
ptg000006l_rc_rotated	ptg000028l_1_1_1	100.000	83	0	0	8531	8613	4800791	4800709	1.00e-33	154
ptg000006l_rc_rotated	ptg000028l_1_1_1	97.727	88	1	1	10009	10095	4800795	4800708	1.29e-32	150
ptg000006l_rc_rotated	ptg000028l_1_1_1	97.727	88	1	1	9988	10074	4800795	4800708	1.29e-32	150
ptg000006l_rc_rotated	ptg000028l_1_1_1	97.727	88	1	1	9571	9657	4800795	4800708	1.29e-32	150
ptg000006l_rc_rotated	ptg000028l_1_1_1	97.727	88	1	1	9550	9636	4800795	4800708	1.29e-32	150
ptg000006l_rc_rotated	ptg000028l_1_1_1	97.727	88	1	1	8987	9073	4800795	4800708	1.29e-32	150
ptg000006l_rc_rotated	ptg000028l_1_1_1	97.727	88	1	1	8403	8489	4800795	4800708	1.29e-32	150
ptg000006l_rc_rotated	ptg000028l_1_1_1	97.727	88	1	1	8382	8468	4800795	4800708	1.29e-32	150
ptg000006l_rc_rotated	ptg000028l_1_1_1	97.701	87	1	1	8549	8634	4800795	4800709	4.65e-32	148
ptg000006l_rc_rotated	ptg000028l_1_1_1	90.265	113	11	0	321	433	6489710	6489822	4.65e-32	148
ptg000006l_rc_rotated	ptg000028l_1_1_1	100.000	73	0	0	8271	8343	4800780	4800708	3.62e-28	135
ptg000006l_rc_rotated	ptg000028l_1_1_1	95.294	85	3	1	10030	10113	4800795	4800711	1.30e-27	134
ptg000006l_rc_rotated	ptg000028l_1_1_1	95.294	85	3	1	9884	9967	4800795	4800711	1.30e-27	134
ptg000006l_rc_rotated	ptg000028l_1_1_1	95.294	85	3	1	9738	9821	4800795	4800711	1.30e-27	134
ptg000006l_rc_rotated	ptg000028l_1_1_1	95.294	85	3	1	9592	9675	4800795	4800711	1.30e-27	134
ptg000006l_rc_rotated	ptg000028l_1_1_1	95.294	85	3	1	9446	9529	4800795	4800711	1.30e-27	134
ptg000006l_rc_rotated	ptg000028l_1_1_1	95.294	85	3	1	9300	9383	4800795	4800711	1.30e-27	134
ptg000006l_rc_rotated	ptg000028l_1_1_1	95.294	85	3	1	9154	9237	4800795	4800711	1.30e-27	134
ptg000006l_rc_rotated	ptg000028l_1_1_1	95.294	85	3	1	8862	8945	4800795	4800711	1.30e-27	134
ptg000006l_rc_rotated	ptg000028l_1_1_1	95.294	85	3	1	8716	8799	4800795	4800711	1.30e-27	134
ptg000006l_rc_rotated	ptg000028l_1_1_1	95.294	85	3	1	8278	8361	4800795	4800711	1.30e-27	134
ptg000006l_rc_rotated	ptg000028l_1_1_1	100.000	70	0	0	10130	10199	4800777	4800708	1.69e-26	130
ptg000006l_rc_rotated	ptg000028l_1_1_1	100.000	70	0	0	9838	9907	4800777	4800708	1.69e-26	130
ptg000006l_rc_rotated	ptg000028l_1_1_1	100.000	70	0	0	9692	9761	4800777	4800708	1.69e-26	130
ptg000006l_rc_rotated	ptg000028l_1_1_1	100.000	70	0	0	9400	9469	4800777	4800708	1.69e-26	130
ptg000006l_rc_rotated	ptg000028l_1_1_1	100.000	70	0	0	9254	9323	4800777	4800708	1.69e-26	130
ptg000006l_rc_rotated	ptg000028l_1_1_1	100.000	70	0	0	8962	9031	4800777	4800708	1.69e-26	130
ptg000006l_rc_rotated	ptg000028l_1_1_1	100.000	70	0	0	8670	8739	4800777	4800708	1.69e-26	130
ptg000006l_rc_rotated	ptg000028l_1_1_1	94.118	85	4	1	9008	9091	4800795	4800711	6.06e-26	128
ptg000006l_rc_rotated	ptg000028l_1_1_1	94.118	85	4	1	8424	8507	4800795	4800711	6.06e-26	128
ptg000006l_rc_rotated	ptg000028l_1_1_1	96.154	78	3	0	8580	8657	16278257	16278334	6.06e-26	128
ptg000006l_rc_rotated	ptg000028l_1_1_1	94.048	84	5	0	12597	12680	16631413	16631496	6.06e-26	128
ptg000006l_rc_rotated	ptg000028l_1_1_1	100.000	68	0	0	8818	8885	4800775	4800708	2.18e-25	126
ptg000006l_rc_rotated	ptg000028l_1_1_1	98.571	70	1	0	9984	10053	4800777	4800708	7.84e-25	124
ptg000006l_rc_rotated	ptg000028l_1_1_1	98.571	70	1	0	9546	9615	4800777	4800708	7.84e-25	124
ptg000006l_rc_rotated	ptg000028l_1_1_1	98.571	70	1	0	9108	9177	4800777	4800708	7.84e-25	124
ptg000006l_rc_rotated	ptg000028l_1_1_1	98.571	70	1	0	8524	8593	4800777	4800708	7.84e-25	124
ptg000006l_rc_rotated	ptg000028l_1_1_1	100.000	67	0	0	8380	8446	4800775	4800709	7.84e-25	124
ptg000006l_rc_rotated	ptg000028l_1_1_1	96.000	75	3	0	7811	7885	861118	861192	2.82e-24	122
ptg000006l_rc_rotated	ptg000028l_1_1_1	92.941	85	5	1	8570	8653	4800795	4800711	2.82e-24	122
ptg000006l_rc_rotated	ptg000028l_1_1_1	98.571	70	0	1	10176	10244	4800795	4800726	2.82e-24	122
ptg000006l_rc_rotated	ptg000028l_1_1_1	94.872	78	4	0	8434	8511	16278257	16278334	2.82e-24	122
ptg000006l_rc_rotated	ptg000028l_1_1_1	94.872	78	4	0	9018	9095	16278257	16278334	2.82e-24	122
ptg000006l_rc_rotated	ptg000028l_1_1_1	97.222	72	2	0	10171	10242	16278402	16278331	2.82e-24	122
ptg000006l_rc_rotated	ptg000028l_1_1_1	97.222	72	2	0	10150	10221	16278402	16278331	2.82e-24	122
ptg000006l_rc_rotated	ptg000028l_1_1_1	97.222	72	2	0	10025	10096	16278402	16278331	2.82e-24	122
ptg000006l_rc_rotated	ptg000028l_1_1_1	97.222	72	2	0	9879	9950	16278402	16278331	2.82e-24	122
ptg000006l_rc_rotated	ptg000028l_1_1_1	97.222	72	2	0	9858	9929	16278402	16278331	2.82e-24	122
ptg000006l_rc_rotated	ptg000028l_1_1_1	97.222	72	2	0	9733	9804	16278402	16278331	2.82e-24	122
ptg000006l_rc_rotated	ptg000028l_1_1_1	97.222	72	2	0	9712	9783	16278402	16278331	2.82e-24	122
ptg000006l_rc_rotated	ptg000028l_1_1_1	97.222	72	2	0	9587	9658	16278402	16278331	2.82e-24	122
ptg000006l_rc_rotated	ptg000028l_1_1_1	97.222	72	2	0	9441	9512	16278402	16278331	2.82e-24	122
ptg000006l_rc_rotated	ptg000028l_1_1_1	97.222	72	2	0	9420	9491	16278402	16278331	2.82e-24	122
ptg000006l_rc_rotated	ptg000028l_1_1_1	97.222	72	2	0	9295	9366	16278402	16278331	2.82e-24	122
ptg000006l_rc_rotated	ptg000028l_1_1_1	97.222	72	2	0	9274	9345	16278402	16278331	2.82e-24	122
ptg000006l_rc_rotated	ptg000028l_1_1_1	97.222	72	2	0	9149	9220	16278402	16278331	2.82e-24	122
ptg000006l_rc_rotated	ptg000028l_1_1_1	97.222	72	2	0	9128	9199	16278402	16278331	2.82e-24	122
ptg000006l_rc_rotated	ptg000028l_1_1_1	97.222	72	2	0	8857	8928	16278402	16278331	2.82e-24	122
ptg000006l_rc_rotated	ptg000028l_1_1_1	97.222	72	2	0	8836	8907	16278402	16278331	2.82e-24	122
ptg000006l_rc_rotated	ptg000028l_1_1_1	97.222	72	2	0	8711	8782	16278402	16278331	2.82e-24	122
ptg000006l_rc_rotated	ptg000028l_1_1_1	97.222	72	2	0	8690	8761	16278402	16278331	2.82e-24	122
ptg000006l_rc_rotated	ptg000028l_1_1_1	97.222	72	2	0	8273	8344	16278402	16278331	2.82e-24	122
ptg000006l_rc_rotated	ptg000028l_1_1_1	98.551	69	1	0	8982	9050	16278402	16278334	2.82e-24	122
ptg000006l_rc_rotated	ptg000028l_1_1_1	98.551	69	1	0	8544	8612	16278402	16278334	2.82e-24	122
ptg000006l_rc_rotated	ptg000028l_1_1_1	93.827	81	4	1	8395	8474	12930225	12930305	1.01e-23	121
ptg000006l_rc_rotated	ptg000028l_1_1_1	93.827	81	4	1	8541	8620	12930225	12930305	1.01e-23	121
ptg000006l_rc_rotated	ptg000028l_1_1_1	93.827	81	4	1	8979	9058	12930225	12930305	1.01e-23	121
ptg000006l_rc_rotated	ptg000028l_1_1_1	95.946	74	3	0	8392	8465	16278257	16278330	1.01e-23	121
ptg000006l_rc_rotated	ptg000028l_1_1_1	95.946	74	3	0	8413	8486	16278257	16278330	1.01e-23	121
ptg000006l_rc_rotated	ptg000028l_1_1_1	95.946	74	3	0	8559	8632	16278257	16278330	1.01e-23	121
ptg000006l_rc_rotated	ptg000028l_1_1_1	95.946	74	3	0	8997	9070	16278257	16278330	1.01e-23	121
ptg000006l_rc_rotated	ptg000028l_1_1_1	97.183	71	2	0	10130	10200	16278401	16278331	1.01e-23	121
ptg000006l_rc_rotated	ptg000028l_1_1_1	97.183	71	2	0	9838	9908	16278401	16278331	1.01e-23	121
ptg000006l_rc_rotated	ptg000028l_1_1_1	97.183	71	2	0	9692	9762	16278401	16278331	1.01e-23	121
ptg000006l_rc_rotated	ptg000028l_1_1_1	97.183	71	2	0	9400	9470	16278401	16278331	1.01e-23	121
ptg000006l_rc_rotated	ptg000028l_1_1_1	97.183	71	2	0	9254	9324	16278401	16278331	1.01e-23	121
ptg000006l_rc_rotated	ptg000028l_1_1_1	97.183	71	2	0	8962	9032	16278401	16278331	1.01e-23	121
ptg000006l_rc_rotated	ptg000028l_1_1_1	97.183	71	2	0	8670	8740	16278401	16278331	1.01e-23	121
ptg000006l_rc_rotated	ptg000028l_1_1_1	95.833	72	3	0	10004	10075	16278402	16278331	1.31e-22	117
ptg000006l_rc_rotated	ptg000028l_1_1_1	95.833	72	3	0	9566	9637	16278402	16278331	1.31e-22	117
ptg000006l_rc_rotated	ptg000028l_1_1_1	95.833	72	3	0	9003	9074	16278402	16278331	1.31e-22	117
ptg000006l_rc_rotated	ptg000028l_1_1_1	95.833	72	3	0	8419	8490	16278402	16278331	1.31e-22	117
ptg000006l_rc_rotated	ptg000028l_1_1_1	95.833	72	3	0	8398	8469	16278402	16278331	1.31e-22	117
ptg000006l_rc_rotated	ptg000028l_1_1_1	97.101	69	2	0	8818	8886	16278399	16278331	1.31e-22	117
ptg000006l_rc_rotated	ptg000028l_1_1_1	97.101	69	2	0	8565	8633	16278402	16278334	1.31e-22	117
ptg000006l_rc_rotated	ptg000028l_1_1_1	98.485	66	1	0	8380	8445	16278399	16278334	1.31e-22	117
ptg000006l_rc_rotated	ptg000028l_1_1_1	92.593	81	5	1	8687	8766	12930225	12930305	4.72e-22	115
ptg000006l_rc_rotated	ptg000028l_1_1_1	92.593	81	5	1	8833	8912	12930225	12930305	4.72e-22	115
ptg000006l_rc_rotated	ptg000028l_1_1_1	92.593	81	5	1	9125	9204	12930225	12930305	4.72e-22	115
ptg000006l_rc_rotated	ptg000028l_1_1_1	92.593	81	5	1	9271	9350	12930225	12930305	4.72e-22	115
ptg000006l_rc_rotated	ptg000028l_1_1_1	92.593	81	5	1	9417	9496	12930225	12930305	4.72e-22	115
ptg000006l_rc_rotated	ptg000028l_1_1_1	92.593	81	5	1	9709	9788	12930225	12930305	4.72e-22	115
ptg000006l_rc_rotated	ptg000028l_1_1_1	92.593	81	5	1	9855	9934	12930225	12930305	4.72e-22	115
ptg000006l_rc_rotated	ptg000028l_1_1_1	92.593	81	5	1	10147	10226	12930225	12930305	4.72e-22	115
ptg000006l_rc_rotated	ptg000028l_1_1_1	94.595	74	4	0	8380	8453	12930232	12930305	4.72e-22	115
ptg000006l_rc_rotated	ptg000028l_1_1_1	95.775	71	3	0	9984	10054	16278401	16278331	4.72e-22	115
ptg000006l_rc_rotated	ptg000028l_1_1_1	95.775	71	3	0	9546	9616	16278401	16278331	4.72e-22	115
ptg000006l_rc_rotated	ptg000028l_1_1_1	95.775	71	3	0	9108	9178	16278401	16278331	4.72e-22	115
ptg000006l_rc_rotated	ptg000028l_1_1_1	95.775	71	3	0	8524	8594	16278401	16278331	4.72e-22	115
ptg000006l_rc_rotated	ptg000028l_1_1_1	93.421	76	5	0	8670	8745	12930230	12930305	1.70e-21	113
ptg000006l_rc_rotated	ptg000028l_1_1_1	93.421	76	5	0	8962	9037	12930230	12930305	1.70e-21	113
ptg000006l_rc_rotated	ptg000028l_1_1_1	93.421	76	5	0	9254	9329	12930230	12930305	1.70e-21	113
ptg000006l_rc_rotated	ptg000028l_1_1_1	93.421	76	5	0	9400	9475	12930230	12930305	1.70e-21	113
ptg000006l_rc_rotated	ptg000028l_1_1_1	93.421	76	5	0	9692	9767	12930230	12930305	1.70e-21	113
ptg000006l_rc_rotated	ptg000028l_1_1_1	93.421	76	5	0	9838	9913	12930230	12930305	1.70e-21	113
ptg000006l_rc_rotated	ptg000028l_1_1_1	93.421	76	5	0	10130	10205	12930230	12930305	1.70e-21	113
ptg000006l_rc_rotated	ptg000028l_1_1_1	92.308	78	5	1	10168	10244	12930225	12930302	2.20e-20	110
ptg000006l_rc_rotated	ptg000028l_1_1_1	92.105	76	6	0	9546	9621	12930230	12930305	7.90e-20	108
ptg000006l_rc_rotated	ptg000028l_1_1_1	92.105	76	6	0	9984	10059	12930230	12930305	7.90e-20	108
ptg000006l_rc_rotated	ptg000028l_1_1_1	80.556	144	22	4	8583	8723	12930225	12930365	2.84e-19	106
ptg000006l_rc_rotated	ptg000028l_1_1_1	80.420	143	24	3	8875	9015	12930225	12930365	2.84e-19	106
ptg000006l_rc_rotated	ptg000028l_1_1_1	80.556	144	22	4	9021	9161	12930225	12930365	2.84e-19	106
ptg000006l_rc_rotated	ptg000028l_1_1_1	80.420	143	24	3	9167	9307	12930225	12930365	2.84e-19	106
ptg000006l_rc_rotated	ptg000028l_1_1_1	80.420	143	24	3	9313	9453	12930225	12930365	2.84e-19	106
ptg000006l_rc_rotated	ptg000028l_1_1_1	80.420	143	24	3	9605	9745	12930225	12930365	2.84e-19	106
ptg000006l_rc_rotated	ptg000028l_1_1_1	80.420	143	24	3	9751	9891	12930225	12930365	2.84e-19	106
ptg000006l_rc_rotated	ptg000028l_1_1_1	80.420	143	24	3	10043	10183	12930225	12930365	2.84e-19	106
ptg000006l_rc_rotated	ptg000028l_1_1_1	94.118	68	4	0	10046	10113	16278402	16278335	1.02e-18	104
ptg000006l_rc_rotated	ptg000028l_1_1_1	94.118	68	4	0	9900	9967	16278402	16278335	1.02e-18	104
ptg000006l_rc_rotated	ptg000028l_1_1_1	94.118	68	4	0	9754	9821	16278402	16278335	1.02e-18	104
ptg000006l_rc_rotated	ptg000028l_1_1_1	94.118	68	4	0	9608	9675	16278402	16278335	1.02e-18	104
ptg000006l_rc_rotated	ptg000028l_1_1_1	94.118	68	4	0	9462	9529	16278402	16278335	1.02e-18	104
ptg000006l_rc_rotated	ptg000028l_1_1_1	94.118	68	4	0	9316	9383	16278402	16278335	1.02e-18	104
ptg000006l_rc_rotated	ptg000028l_1_1_1	94.118	68	4	0	9170	9237	16278402	16278335	1.02e-18	104
ptg000006l_rc_rotated	ptg000028l_1_1_1	94.118	68	4	0	8878	8945	16278402	16278335	1.02e-18	104
ptg000006l_rc_rotated	ptg000028l_1_1_1	94.118	68	4	0	8732	8799	16278402	16278335	1.02e-18	104
ptg000006l_rc_rotated	ptg000028l_1_1_1	94.118	68	4	0	8294	8361	16278402	16278335	1.02e-18	104
ptg000006l_rc_rotated	ptg000028l_1_1_1	94.030	67	4	0	8818	8884	12930232	12930298	3.67e-18	102
ptg000006l_rc_rotated	ptg000028l_1_1_1	100.000	54	0	0	10178	10231	861246	861193	1.32e-17	100
ptg000006l_rc_rotated	ptg000028l_1_1_1	100.000	54	0	0	10157	10210	861246	861193	1.32e-17	100
ptg000006l_rc_rotated	ptg000028l_1_1_1	100.000	54	0	0	10136	10189	861246	861193	1.32e-17	100
ptg000006l_rc_rotated	ptg000028l_1_1_1	100.000	54	0	0	10032	10085	861246	861193	1.32e-17	100
ptg000006l_rc_rotated	ptg000028l_1_1_1	100.000	54	0	0	9886	9939	861246	861193	1.32e-17	100
ptg000006l_rc_rotated	ptg000028l_1_1_1	100.000	54	0	0	9865	9918	861246	861193	1.32e-17	100
ptg000006l_rc_rotated	ptg000028l_1_1_1	100.000	54	0	0	9844	9897	861246	861193	1.32e-17	100
ptg000006l_rc_rotated	ptg000028l_1_1_1	100.000	54	0	0	9740	9793	861246	861193	1.32e-17	100
ptg000006l_rc_rotated	ptg000028l_1_1_1	100.000	54	0	0	9719	9772	861246	861193	1.32e-17	100
ptg000006l_rc_rotated	ptg000028l_1_1_1	100.000	54	0	0	9698	9751	861246	861193	1.32e-17	100
ptg000006l_rc_rotated	ptg000028l_1_1_1	100.000	54	0	0	9594	9647	861246	861193	1.32e-17	100
ptg000006l_rc_rotated	ptg000028l_1_1_1	100.000	54	0	0	9448	9501	861246	861193	1.32e-17	100
ptg000006l_rc_rotated	ptg000028l_1_1_1	100.000	54	0	0	9427	9480	861246	861193	1.32e-17	100
ptg000006l_rc_rotated	ptg000028l_1_1_1	100.000	54	0	0	9406	9459	861246	861193	1.32e-17	100
ptg000006l_rc_rotated	ptg000028l_1_1_1	100.000	54	0	0	9302	9355	861246	861193	1.32e-17	100
ptg000006l_rc_rotated	ptg000028l_1_1_1	100.000	54	0	0	9281	9334	861246	861193	1.32e-17	100
ptg000006l_rc_rotated	ptg000028l_1_1_1	100.000	54	0	0	9260	9313	861246	861193	1.32e-17	100
ptg000006l_rc_rotated	ptg000028l_1_1_1	100.000	54	0	0	9156	9209	861246	861193	1.32e-17	100
ptg000006l_rc_rotated	ptg000028l_1_1_1	100.000	54	0	0	9135	9188	861246	861193	1.32e-17	100
ptg000006l_rc_rotated	ptg000028l_1_1_1	100.000	54	0	0	8989	9042	861246	861193	1.32e-17	100
ptg000006l_rc_rotated	ptg000028l_1_1_1	100.000	54	0	0	8968	9021	861246	861193	1.32e-17	100
ptg000006l_rc_rotated	ptg000028l_1_1_1	100.000	54	0	0	8864	8917	861246	861193	1.32e-17	100
ptg000006l_rc_rotated	ptg000028l_1_1_1	100.000	54	0	0	8843	8896	861246	861193	1.32e-17	100
ptg000006l_rc_rotated	ptg000028l_1_1_1	100.000	54	0	0	8822	8875	861246	861193	1.32e-17	100
ptg000006l_rc_rotated	ptg000028l_1_1_1	100.000	54	0	0	8718	8771	861246	861193	1.32e-17	100
ptg000006l_rc_rotated	ptg000028l_1_1_1	100.000	54	0	0	8697	8750	861246	861193	1.32e-17	100
ptg000006l_rc_rotated	ptg000028l_1_1_1	100.000	54	0	0	8676	8729	861246	861193	1.32e-17	100
ptg000006l_rc_rotated	ptg000028l_1_1_1	100.000	54	0	0	8551	8604	861246	861193	1.32e-17	100
ptg000006l_rc_rotated	ptg000028l_1_1_1	100.000	54	0	0	8384	8437	861246	861193	1.32e-17	100
ptg000006l_rc_rotated	ptg000028l_1_1_1	100.000	54	0	0	8280	8333	861246	861193	1.32e-17	100
ptg000006l_rc_rotated	ptg000028l_1_1_1	79.720	143	25	3	8291	8431	12930225	12930365	1.32e-17	100
ptg000006l_rc_rotated	ptg000028l_1_1_1	79.861	144	23	4	8437	8577	12930225	12930365	1.32e-17	100
ptg000006l_rc_rotated	ptg000028l_1_1_1	79.720	143	25	3	8729	8869	12930225	12930365	1.32e-17	100
ptg000006l_rc_rotated	ptg000028l_1_1_1	79.720	143	25	3	9459	9599	12930225	12930365	1.32e-17	100
ptg000006l_rc_rotated	ptg000028l_1_1_1	79.720	143	25	3	9897	10037	12930225	12930365	1.32e-17	100
ptg000006l_rc_rotated	ptg000028l_1_1_1	92.754	69	5	0	9108	9176	12930230	12930298	1.32e-17	100
ptg000006l_rc_rotated	ptg000028l_1_1_1	100.000	53	0	0	8531	8583	861245	861193	4.75e-17	99.0
ptg000006l_rc_rotated	ptg000028l_1_1_1	92.647	68	5	0	9024	9091	16278402	16278335	4.75e-17	99.0
ptg000006l_rc_rotated	ptg000028l_1_1_1	100.000	52	0	0	9116	9167	861244	861193	1.71e-16	97.1
ptg000006l_rc_rotated	ptg000028l_1_1_1	100.000	52	0	0	8271	8322	4800759	4800708	1.71e-16	97.1
ptg000006l_rc_rotated	ptg000028l_1_1_1	98.148	54	1	0	10011	10064	861246	861193	6.15e-16	95.3
ptg000006l_rc_rotated	ptg000028l_1_1_1	98.148	54	1	0	9990	10043	861246	861193	6.15e-16	95.3
ptg000006l_rc_rotated	ptg000028l_1_1_1	98.148	54	1	0	9573	9626	861246	861193	6.15e-16	95.3
ptg000006l_rc_rotated	ptg000028l_1_1_1	98.148	54	1	0	9552	9605	861246	861193	6.15e-16	95.3
ptg000006l_rc_rotated	ptg000028l_1_1_1	98.148	54	1	0	9010	9063	861246	861193	6.15e-16	95.3
ptg000006l_rc_rotated	ptg000028l_1_1_1	98.148	54	1	0	8572	8625	861246	861193	6.15e-16	95.3
ptg000006l_rc_rotated	ptg000028l_1_1_1	98.148	54	1	0	8426	8479	861246	861193	6.15e-16	95.3
ptg000006l_rc_rotated	ptg000028l_1_1_1	98.148	54	1	0	8405	8458	861246	861193	6.15e-16	95.3
ptg000006l_rc_rotated	ptg000028l_1_1_1	93.750	64	3	1	10051	10113	4800795	4800732	6.15e-16	95.3
ptg000006l_rc_rotated	ptg000028l_1_1_1	93.750	64	3	1	9905	9967	4800795	4800732	6.15e-16	95.3
ptg000006l_rc_rotated	ptg000028l_1_1_1	93.750	64	3	1	9759	9821	4800795	4800732	6.15e-16	95.3
ptg000006l_rc_rotated	ptg000028l_1_1_1	93.750	64	3	1	9613	9675	4800795	4800732	6.15e-16	95.3
ptg000006l_rc_rotated	ptg000028l_1_1_1	93.750	64	3	1	9467	9529	4800795	4800732	6.15e-16	95.3
ptg000006l_rc_rotated	ptg000028l_1_1_1	93.750	64	3	1	9321	9383	4800795	4800732	6.15e-16	95.3
ptg000006l_rc_rotated	ptg000028l_1_1_1	93.750	64	3	1	9175	9237	4800795	4800732	6.15e-16	95.3
ptg000006l_rc_rotated	ptg000028l_1_1_1	93.750	64	3	1	8883	8945	4800795	4800732	6.15e-16	95.3
ptg000006l_rc_rotated	ptg000028l_1_1_1	93.750	64	3	1	8737	8799	4800795	4800732	6.15e-16	95.3
ptg000006l_rc_rotated	ptg000028l_1_1_1	93.750	64	3	1	8299	8361	4800795	4800732	6.15e-16	95.3
ptg000006l_rc_rotated	ptg000028l_1_1_1	95.000	60	3	0	8448	8507	4800791	4800732	6.15e-16	95.3
ptg000006l_rc_rotated	ptg000028l_1_1_1	100.000	50	0	0	10053	10102	861246	861197	2.21e-15	93.5
ptg000006l_rc_rotated	ptg000028l_1_1_1	100.000	50	0	0	9907	9956	861246	861197	2.21e-15	93.5
ptg000006l_rc_rotated	ptg000028l_1_1_1	100.000	50	0	0	9761	9810	861246	861197	2.21e-15	93.5
ptg000006l_rc_rotated	ptg000028l_1_1_1	100.000	50	0	0	9615	9664	861246	861197	2.21e-15	93.5
ptg000006l_rc_rotated	ptg000028l_1_1_1	100.000	50	0	0	9469	9518	861246	861197	2.21e-15	93.5
ptg000006l_rc_rotated	ptg000028l_1_1_1	100.000	50	0	0	9323	9372	861246	861197	2.21e-15	93.5
ptg000006l_rc_rotated	ptg000028l_1_1_1	100.000	50	0	0	9177	9226	861246	861197	2.21e-15	93.5
ptg000006l_rc_rotated	ptg000028l_1_1_1	100.000	50	0	0	8885	8934	861246	861197	2.21e-15	93.5
ptg000006l_rc_rotated	ptg000028l_1_1_1	100.000	50	0	0	8739	8788	861246	861197	2.21e-15	93.5
ptg000006l_rc_rotated	ptg000028l_1_1_1	100.000	50	0	0	8301	8350	861246	861197	2.21e-15	93.5
ptg000006l_rc_rotated	ptg000028l_1_1_1	91.176	68	6	0	8586	8653	16278402	16278335	2.21e-15	93.5
ptg000006l_rc_rotated	ptg000028l_1_1_1	98.113	53	1	0	10192	10244	16278402	16278350	2.21e-15	93.5
ptg000006l_rc_rotated	ptg000028l_1_1_1	100.000	49	0	0	8448	8496	861245	861197	7.95e-15	91.6
ptg000006l_rc_rotated	ptg000028l_1_1_1	100.000	49	0	0	10130	10178	4800756	4800708	7.95e-15	91.6
ptg000006l_rc_rotated	ptg000028l_1_1_1	100.000	49	0	0	9838	9886	4800756	4800708	7.95e-15	91.6
ptg000006l_rc_rotated	ptg000028l_1_1_1	100.000	49	0	0	9692	9740	4800756	4800708	7.95e-15	91.6
ptg000006l_rc_rotated	ptg000028l_1_1_1	100.000	49	0	0	9400	9448	4800756	4800708	7.95e-15	91.6
ptg000006l_rc_rotated	ptg000028l_1_1_1	100.000	49	0	0	9254	9302	4800756	4800708	7.95e-15	91.6
ptg000006l_rc_rotated	ptg000028l_1_1_1	100.000	49	0	0	8962	9010	4800756	4800708	7.95e-15	91.6
ptg000006l_rc_rotated	ptg000028l_1_1_1	100.000	49	0	0	8670	8718	4800756	4800708	7.95e-15	91.6
ptg000006l_rc_rotated	ptg000028l_1_1_1	92.188	64	4	1	9029	9091	4800795	4800732	2.86e-14	89.8
ptg000006l_rc_rotated	ptg000028l_1_1_1	78.322	143	27	3	8458	8598	12930225	12930365	2.86e-14	89.8
ptg000006l_rc_rotated	ptg000028l_1_1_1	98.000	50	1	0	9031	9080	861246	861197	1.03e-13	87.9
ptg000006l_rc_rotated	ptg000028l_1_1_1	100.000	47	0	0	8818	8864	4800754	4800708	1.03e-13	87.9
ptg000006l_rc_rotated	ptg000028l_1_1_1	100.000	47	0	0	8380	8426	4800754	4800708	1.03e-13	87.9
ptg000006l_rc_rotated	ptg000028l_1_1_1	96.226	53	2	0	8271	8323	16278383	16278331	1.03e-13	87.9
ptg000006l_rc_rotated	ptg000028l_1_1_1	100.000	46	0	0	10199	10244	861246	861201	3.70e-13	86.1
ptg000006l_rc_rotated	ptg000028l_1_1_1	97.959	49	1	0	9984	10032	4800756	4800708	3.70e-13	86.1
ptg000006l_rc_rotated	ptg000028l_1_1_1	97.959	49	1	0	9546	9594	4800756	4800708	3.70e-13	86.1
ptg000006l_rc_rotated	ptg000028l_1_1_1	97.959	49	1	0	9108	9156	4800756	4800708	3.70e-13	86.1
ptg000006l_rc_rotated	ptg000028l_1_1_1	97.959	49	1	0	8524	8572	4800756	4800708	3.70e-13	86.1
ptg000006l_rc_rotated	ptg000028l_1_1_1	97.959	49	0	1	10197	10244	4800795	4800747	1.33e-12	84.2
ptg000006l_rc_rotated	ptg000028l_1_1_1	77.622	143	28	3	8896	9036	12930225	12930365	1.33e-12	84.2
ptg000006l_rc_rotated	ptg000028l_1_1_1	77.622	143	28	3	9188	9328	12930225	12930365	1.33e-12	84.2
ptg000006l_rc_rotated	ptg000028l_1_1_1	77.622	143	28	3	9334	9474	12930225	12930365	1.33e-12	84.2
ptg000006l_rc_rotated	ptg000028l_1_1_1	77.622	143	28	4	9480	9620	12930225	12930365	1.33e-12	84.2
ptg000006l_rc_rotated	ptg000028l_1_1_1	77.622	143	28	3	9626	9766	12930225	12930365	1.33e-12	84.2
ptg000006l_rc_rotated	ptg000028l_1_1_1	77.622	143	28	3	9772	9912	12930225	12930365	1.33e-12	84.2
ptg000006l_rc_rotated	ptg000028l_1_1_1	77.622	143	28	4	9918	10058	12930225	12930365	1.33e-12	84.2
ptg000006l_rc_rotated	ptg000028l_1_1_1	77.622	143	28	3	10064	10204	12930225	12930365	1.33e-12	84.2
ptg000006l_rc_rotated	ptg000028l_1_1_1	92.982	57	3	1	10189	10244	12930225	12930281	4.79e-12	82.4
ptg000006l_rc_rotated	ptg000028l_1_1_1	94.340	53	3	0	8601	8653	16278257	16278309	4.79e-12	82.4
ptg000006l_rc_rotated	ptg000028l_1_1_1	96.000	50	2	0	10130	10179	16278380	16278331	4.79e-12	82.4
ptg000006l_rc_rotated	ptg000028l_1_1_1	96.000	50	2	0	9838	9887	16278380	16278331	4.79e-12	82.4
ptg000006l_rc_rotated	ptg000028l_1_1_1	96.000	50	2	0	9692	9741	16278380	16278331	4.79e-12	82.4
ptg000006l_rc_rotated	ptg000028l_1_1_1	96.000	50	2	0	9400	9449	16278380	16278331	4.79e-12	82.4
ptg000006l_rc_rotated	ptg000028l_1_1_1	96.000	50	2	0	9254	9303	16278380	16278331	4.79e-12	82.4
ptg000006l_rc_rotated	ptg000028l_1_1_1	96.000	50	2	0	8962	9011	16278380	16278331	4.79e-12	82.4
ptg000006l_rc_rotated	ptg000028l_1_1_1	96.000	50	2	0	8670	8719	16278380	16278331	4.79e-12	82.4
ptg000006l_rc_rotated	ptg000028l_1_1_1	95.918	49	2	0	4023	4071	1166461	1166413	1.72e-11	80.5
ptg000006l_rc_rotated	ptg000028l_1_1_1	100.000	42	0	0	8271	8312	861234	861193	6.19e-11	78.7
ptg000006l_rc_rotated	ptg000028l_1_1_1	88.889	63	7	0	2855	2917	7033716	7033654	6.19e-11	78.7
ptg000006l_rc_rotated	ptg000028l_1_1_1	76.923	143	29	3	8750	8890	12930225	12930365	6.19e-11	78.7
ptg000006l_rc_rotated	ptg000028l_1_1_1	95.833	48	2	0	8818	8865	16278378	16278331	6.19e-11	78.7
ptg000006l_rc_rotated	ptg000028l_1_1_1	95.833	48	2	0	8380	8427	16278378	16278331	6.19e-11	78.7
ptg000006l_rc_rotated	ptg000028l_1_1_1	92.453	53	4	0	9039	9091	16278257	16278309	2.23e-10	76.8
ptg000006l_rc_rotated	ptg000028l_1_1_1	94.000	50	3	0	9108	9157	16278380	16278331	2.23e-10	76.8
ptg000006l_rc_rotated	ptg000028l_1_1_1	94.000	50	3	0	8524	8573	16278380	16278331	2.23e-10	76.8
ptg000006l_rc_rotated	ptg000028l_1_1_1	100.000	39	0	0	10130	10168	861231	861193	2.88e-09	73.1
ptg000006l_rc_rotated	ptg000028l_1_1_1	100.000	39	0	0	9838	9876	861231	861193	2.88e-09	73.1
ptg000006l_rc_rotated	ptg000028l_1_1_1	100.000	39	0	0	9692	9730	861231	861193	2.88e-09	73.1
ptg000006l_rc_rotated	ptg000028l_1_1_1	100.000	39	0	0	9400	9438	861231	861193	2.88e-09	73.1
ptg000006l_rc_rotated	ptg000028l_1_1_1	100.000	39	0	0	9254	9292	861231	861193	2.88e-09	73.1
ptg000006l_rc_rotated	ptg000028l_1_1_1	100.000	39	0	0	8962	9000	861231	861193	2.88e-09	73.1
ptg000006l_rc_rotated	ptg000028l_1_1_1	100.000	39	0	0	8670	8708	861231	861193	2.88e-09	73.1
ptg000006l_rc_rotated	ptg000028l_1_1_1	81.818	88	14	2	10072	10157	4800795	4800708	2.88e-09	73.1
ptg000006l_rc_rotated	ptg000028l_1_1_1	81.818	88	14	2	9926	10011	4800795	4800708	2.88e-09	73.1
ptg000006l_rc_rotated	ptg000028l_1_1_1	81.818	88	14	2	9780	9865	4800795	4800708	2.88e-09	73.1
ptg000006l_rc_rotated	ptg000028l_1_1_1	81.818	88	14	2	9634	9719	4800795	4800708	2.88e-09	73.1
ptg000006l_rc_rotated	ptg000028l_1_1_1	81.818	88	14	2	9488	9573	4800795	4800708	2.88e-09	73.1
ptg000006l_rc_rotated	ptg000028l_1_1_1	81.818	88	14	2	9342	9427	4800795	4800708	2.88e-09	73.1
ptg000006l_rc_rotated	ptg000028l_1_1_1	81.818	88	14	2	9196	9281	4800795	4800708	2.88e-09	73.1
ptg000006l_rc_rotated	ptg000028l_1_1_1	81.818	88	14	2	8904	8989	4800795	4800708	2.88e-09	73.1
ptg000006l_rc_rotated	ptg000028l_1_1_1	76.389	144	28	4	8604	8744	12930225	12930365	2.88e-09	73.1
ptg000006l_rc_rotated	ptg000028l_1_1_1	76.389	144	28	4	9042	9182	12930225	12930365	2.88e-09	73.1
ptg000006l_rc_rotated	ptg000028l_1_1_1	76.389	144	28	4	9501	9641	12930225	12930365	2.88e-09	73.1
ptg000006l_rc_rotated	ptg000028l_1_1_1	76.389	144	28	4	9939	10079	12930225	12930365	2.88e-09	73.1
ptg000006l_rc_rotated	ptg000028l_1_1_1	88.525	61	5	2	8312	8370	12930225	12930285	2.88e-09	73.1
ptg000006l_rc_rotated	ptg000028l_1_1_1	100.000	38	0	0	9984	10021	861231	861194	1.04e-08	71.3
ptg000006l_rc_rotated	ptg000028l_1_1_1	100.000	38	0	0	9546	9583	861231	861194	1.04e-08	71.3
ptg000006l_rc_rotated	ptg000028l_1_1_1	100.000	37	0	0	8818	8854	861229	861193	3.73e-08	69.4
ptg000006l_rc_rotated	ptg000028l_1_1_1	100.000	37	0	0	8380	8416	861229	861193	3.73e-08	69.4
ptg000006l_rc_rotated	ptg000028l_1_1_1	97.436	39	1	0	9108	9146	861231	861193	1.34e-07	67.6
ptg000006l_rc_rotated	ptg000028l_1_1_1	97.436	39	1	0	8524	8562	861231	861193	1.34e-07	67.6
ptg000006l_rc_rotated	ptg000028l_1_1_1	80.682	88	15	2	8758	8843	4800795	4800708	1.34e-07	67.6
ptg000006l_rc_rotated	ptg000028l_1_1_1	80.682	88	15	2	8466	8551	4800795	4800708	1.34e-07	67.6
ptg000006l_rc_rotated	ptg000028l_1_1_1	80.682	88	15	2	8320	8405	4800795	4800708	1.34e-07	67.6
ptg000006l_rc_rotated	ptg000028l_1_1_1	75.694	144	29	4	9209	9349	12930225	12930365	1.34e-07	67.6
ptg000006l_rc_rotated	ptg000028l_1_1_1	75.694	144	29	4	9355	9495	12930225	12930365	1.34e-07	67.6
ptg000006l_rc_rotated	ptg000028l_1_1_1	75.694	144	29	4	9647	9787	12930225	12930365	1.34e-07	67.6
ptg000006l_rc_rotated	ptg000028l_1_1_1	75.694	144	29	4	9793	9933	12930225	12930365	1.34e-07	67.6
ptg000006l_rc_rotated	ptg000028l_1_1_1	75.694	144	29	4	10085	10225	12930225	12930365	1.34e-07	67.6
ptg000006l_rc_rotated	ptg000028l_1_1_1	80.952	84	15	1	9053	9135	4800791	4800708	4.82e-07	65.8
ptg000006l_rc_rotated	ptg000028l_1_1_1	80.952	84	15	1	8615	8697	4800791	4800708	4.82e-07	65.8
ptg000006l_rc_rotated	ptg000028l_1_1_1	79.381	97	16	2	8670	8765	12930272	12930365	4.82e-07	65.8
ptg000006l_rc_rotated	ptg000028l_1_1_1	91.489	47	4	0	10067	10113	16278402	16278356	4.82e-07	65.8
ptg000006l_rc_rotated	ptg000028l_1_1_1	91.489	47	4	0	9921	9967	16278402	16278356	4.82e-07	65.8
ptg000006l_rc_rotated	ptg000028l_1_1_1	91.489	47	4	0	9775	9821	16278402	16278356	4.82e-07	65.8
ptg000006l_rc_rotated	ptg000028l_1_1_1	91.489	47	4	0	9629	9675	16278402	16278356	4.82e-07	65.8
ptg000006l_rc_rotated	ptg000028l_1_1_1	91.489	47	4	0	9483	9529	16278402	16278356	4.82e-07	65.8
ptg000006l_rc_rotated	ptg000028l_1_1_1	91.489	47	4	0	9337	9383	16278402	16278356	4.82e-07	65.8
ptg000006l_rc_rotated	ptg000028l_1_1_1	91.489	47	4	0	9191	9237	16278402	16278356	4.82e-07	65.8
ptg000006l_rc_rotated	ptg000028l_1_1_1	91.489	47	4	0	8899	8945	16278402	16278356	4.82e-07	65.8
ptg000006l_rc_rotated	ptg000028l_1_1_1	91.489	47	4	0	8753	8799	16278402	16278356	4.82e-07	65.8
ptg000006l_rc_rotated	ptg000028l_1_1_1	91.489	47	4	0	8461	8507	16278402	16278356	4.82e-07	65.8
ptg000006l_rc_rotated	ptg000028l_1_1_1	91.489	47	4	0	8315	8361	16278402	16278356	4.82e-07	65.8
ptg000006l_rc_rotated	ptg000028l_1_1_1	97.368	38	1	0	9021	9058	22368991	22368954	4.82e-07	65.8
ptg000006l_rc_rotated	ptg000028l_1_1_1	97.368	38	1	0	8583	8620	22368991	22368954	4.82e-07	65.8
ptg000006l_rc_rotated	ptg000028l_1_1_1	97.368	38	1	0	8416	8453	22368991	22368954	4.82e-07	65.8
ptg000006l_rc_rotated	ptg000028l_1_1_1	100.000	34	0	0	17157	17190	23618589	23618556	1.73e-06	63.9
ptg000006l_rc_rotated	ptg000028l_1_1_1	75.000	144	30	4	8771	8911	12930225	12930365	6.24e-06	62.1
ptg000006l_rc_rotated	ptg000028l_1_1_1	75.000	144	30	4	9063	9203	12930225	12930365	6.24e-06	62.1
ptg000006l_rc_rotated	ptg000028l_1_1_1	100.000	33	0	0	8274	8306	12930333	12930365	6.24e-06	62.1
ptg000006l_rc_rotated	ptg000028l_1_1_1	100.000	33	0	0	8295	8327	12930333	12930365	6.24e-06	62.1
ptg000006l_rc_rotated	ptg000028l_1_1_1	100.000	33	0	0	8316	8348	12930333	12930365	6.24e-06	62.1
ptg000006l_rc_rotated	ptg000028l_1_1_1	100.000	33	0	0	8754	8786	12930333	12930365	6.24e-06	62.1
ptg000006l_rc_rotated	ptg000028l_1_1_1	100.000	33	0	0	9338	9370	12930333	12930365	6.24e-06	62.1
ptg000006l_rc_rotated	ptg000028l_1_1_1	100.000	33	0	0	9484	9516	12930333	12930365	6.24e-06	62.1
ptg000006l_rc_rotated	ptg000028l_1_1_1	100.000	33	0	0	9630	9662	12930333	12930365	6.24e-06	62.1
ptg000006l_rc_rotated	ptg000028l_1_1_1	100.000	33	0	0	9776	9808	12930333	12930365	6.24e-06	62.1
ptg000006l_rc_rotated	ptg000028l_1_1_1	100.000	33	0	0	9922	9954	12930333	12930365	6.24e-06	62.1
ptg000006l_rc_rotated	ptg000028l_1_1_1	100.000	33	0	0	10068	10100	12930333	12930365	6.24e-06	62.1
ptg000006l_rc_rotated	ptg000028l_1_1_1	91.111	45	4	0	9983	10027	22368988	22368944	6.24e-06	62.1
ptg000006l_rc_rotated	ptg000028l_1_1_1	91.111	45	4	0	9545	9589	22368988	22368944	6.24e-06	62.1
ptg000006l_rc_rotated	ptg000028l_1_1_1	100.000	32	0	0	10213	10244	16278402	16278371	2.24e-05	60.2
ptg000006l_rc_rotated	ptg000028l_1_1_1	97.143	35	1	0	10129	10163	22368988	22368954	2.24e-05	60.2
ptg000006l_rc_rotated	ptg000028l_1_1_1	97.143	35	1	0	9837	9871	22368988	22368954	2.24e-05	60.2
ptg000006l_rc_rotated	ptg000028l_1_1_1	97.143	35	1	0	9691	9725	22368988	22368954	2.24e-05	60.2
ptg000006l_rc_rotated	ptg000028l_1_1_1	97.143	35	1	0	9399	9433	22368988	22368954	2.24e-05	60.2
ptg000006l_rc_rotated	ptg000028l_1_1_1	97.143	35	1	0	9253	9287	22368988	22368954	2.24e-05	60.2
ptg000006l_rc_rotated	ptg000028l_1_1_1	97.143	35	1	0	8961	8995	22368988	22368954	2.24e-05	60.2
ptg000006l_rc_rotated	ptg000028l_1_1_1	97.143	35	1	0	8669	8703	22368988	22368954	2.24e-05	60.2
ptg000006l_rc_rotated	ptg000028l_1_1_1	100.000	31	0	0	6864	6894	861116	861146	8.07e-05	58.4
ptg000006l_rc_rotated	ptg000028l_1_1_1	92.500	40	3	0	10074	10113	861246	861207	8.07e-05	58.4
ptg000006l_rc_rotated	ptg000028l_1_1_1	92.500	40	3	0	9928	9967	861246	861207	8.07e-05	58.4
ptg000006l_rc_rotated	ptg000028l_1_1_1	92.500	40	3	0	9782	9821	861246	861207	8.07e-05	58.4
ptg000006l_rc_rotated	ptg000028l_1_1_1	92.500	40	3	0	9636	9675	861246	861207	8.07e-05	58.4
ptg000006l_rc_rotated	ptg000028l_1_1_1	92.500	40	3	0	9490	9529	861246	861207	8.07e-05	58.4
ptg000006l_rc_rotated	ptg000028l_1_1_1	92.500	40	3	0	9344	9383	861246	861207	8.07e-05	58.4
ptg000006l_rc_rotated	ptg000028l_1_1_1	92.500	40	3	0	9198	9237	861246	861207	8.07e-05	58.4
ptg000006l_rc_rotated	ptg000028l_1_1_1	92.500	40	3	0	8906	8945	861246	861207	8.07e-05	58.4
ptg000006l_rc_rotated	ptg000028l_1_1_1	92.500	40	3	0	8760	8799	861246	861207	8.07e-05	58.4
ptg000006l_rc_rotated	ptg000028l_1_1_1	92.500	40	3	0	8468	8507	861246	861207	8.07e-05	58.4
ptg000006l_rc_rotated	ptg000028l_1_1_1	92.500	40	3	0	8322	8361	861246	861207	8.07e-05	58.4
ptg000006l_rc_rotated	ptg000028l_1_1_1	100.000	31	0	0	10214	10244	12930333	12930363	8.07e-05	58.4
ptg000006l_rc_rotated	ptg000028l_1_1_1	92.308	39	3	0	9053	9091	861245	861207	2.90e-04	56.5
ptg000006l_rc_rotated	ptg000028l_1_1_1	97.059	34	0	1	10210	10242	12930225	12930258	2.90e-04	56.5
ptg000006l_rc_rotated	ptg000028l_1_1_1	100.000	29	0	0	10216	10244	16472581	16472553	0.001	54.7
ptg000006l_rc_rotated	ptg000028l_1_1_1	100.000	29	0	0	10195	10223	16472581	16472553	0.001	54.7
ptg000006l_rc_rotated	ptg000028l_1_1_1	100.000	29	0	0	10174	10202	16472581	16472553	0.001	54.7
ptg000006l_rc_rotated	ptg000028l_1_1_1	100.000	29	0	0	10153	10181	16472581	16472553	0.001	54.7
ptg000006l_rc_rotated	ptg000028l_1_1_1	100.000	29	0	0	10132	10160	16472581	16472553	0.001	54.7
ptg000006l_rc_rotated	ptg000028l_1_1_1	100.000	29	0	0	10070	10098	16472581	16472553	0.001	54.7
ptg000006l_rc_rotated	ptg000028l_1_1_1	100.000	29	0	0	10049	10077	16472581	16472553	0.001	54.7
ptg000006l_rc_rotated	ptg000028l_1_1_1	100.000	29	0	0	10028	10056	16472581	16472553	0.001	54.7
ptg000006l_rc_rotated	ptg000028l_1_1_1	100.000	29	0	0	9986	10014	16472581	16472553	0.001	54.7
ptg000006l_rc_rotated	ptg000028l_1_1_1	100.000	29	0	0	9924	9952	16472581	16472553	0.001	54.7
ptg000006l_rc_rotated	ptg000028l_1_1_1	100.000	29	0	0	9903	9931	16472581	16472553	0.001	54.7
ptg000006l_rc_rotated	ptg000028l_1_1_1	100.000	29	0	0	9882	9910	16472581	16472553	0.001	54.7
ptg000006l_rc_rotated	ptg000028l_1_1_1	100.000	29	0	0	9861	9889	16472581	16472553	0.001	54.7
ptg000006l_rc_rotated	ptg000028l_1_1_1	100.000	29	0	0	9840	9868	16472581	16472553	0.001	54.7
ptg000006l_rc_rotated	ptg000028l_1_1_1	100.000	29	0	0	9778	9806	16472581	16472553	0.001	54.7
ptg000006l_rc_rotated	ptg000028l_1_1_1	100.000	29	0	0	9757	9785	16472581	16472553	0.001	54.7
ptg000006l_rc_rotated	ptg000028l_1_1_1	100.000	29	0	0	9736	9764	16472581	16472553	0.001	54.7
ptg000006l_rc_rotated	ptg000028l_1_1_1	100.000	29	0	0	9715	9743	16472581	16472553	0.001	54.7
ptg000006l_rc_rotated	ptg000028l_1_1_1	100.000	29	0	0	9694	9722	16472581	16472553	0.001	54.7
ptg000006l_rc_rotated	ptg000028l_1_1_1	100.000	29	0	0	9632	9660	16472581	16472553	0.001	54.7
ptg000006l_rc_rotated	ptg000028l_1_1_1	100.000	29	0	0	9611	9639	16472581	16472553	0.001	54.7
ptg000006l_rc_rotated	ptg000028l_1_1_1	100.000	29	0	0	9590	9618	16472581	16472553	0.001	54.7
ptg000006l_rc_rotated	ptg000028l_1_1_1	100.000	29	0	0	9548	9576	16472581	16472553	0.001	54.7
ptg000006l_rc_rotated	ptg000028l_1_1_1	100.000	29	0	0	9486	9514	16472581	16472553	0.001	54.7
ptg000006l_rc_rotated	ptg000028l_1_1_1	100.000	29	0	0	9465	9493	16472581	16472553	0.001	54.7
ptg000006l_rc_rotated	ptg000028l_1_1_1	100.000	29	0	0	9444	9472	16472581	16472553	0.001	54.7
ptg000006l_rc_rotated	ptg000028l_1_1_1	100.000	29	0	0	9423	9451	16472581	16472553	0.001	54.7
ptg000006l_rc_rotated	ptg000028l_1_1_1	100.000	29	0	0	9402	9430	16472581	16472553	0.001	54.7
ptg000006l_rc_rotated	ptg000028l_1_1_1	100.000	29	0	0	9340	9368	16472581	16472553	0.001	54.7
ptg000006l_rc_rotated	ptg000028l_1_1_1	100.000	29	0	0	9319	9347	16472581	16472553	0.001	54.7
ptg000006l_rc_rotated	ptg000028l_1_1_1	100.000	29	0	0	9298	9326	16472581	16472553	0.001	54.7
ptg000006l_rc_rotated	ptg000028l_1_1_1	100.000	29	0	0	9277	9305	16472581	16472553	0.001	54.7
ptg000006l_rc_rotated	ptg000028l_1_1_1	100.000	29	0	0	9256	9284	16472581	16472553	0.001	54.7
ptg000006l_rc_rotated	ptg000028l_1_1_1	100.000	29	0	0	9194	9222	16472581	16472553	0.001	54.7
ptg000006l_rc_rotated	ptg000028l_1_1_1	100.000	29	0	0	9173	9201	16472581	16472553	0.001	54.7
ptg000006l_rc_rotated	ptg000028l_1_1_1	100.000	29	0	0	9152	9180	16472581	16472553	0.001	54.7
ptg000006l_rc_rotated	ptg000028l_1_1_1	100.000	29	0	0	9131	9159	16472581	16472553	0.001	54.7
ptg000006l_rc_rotated	ptg000028l_1_1_1	100.000	29	0	0	9006	9034	16472581	16472553	0.001	54.7
ptg000006l_rc_rotated	ptg000028l_1_1_1	100.000	29	0	0	8985	9013	16472581	16472553	0.001	54.7
ptg000006l_rc_rotated	ptg000028l_1_1_1	100.000	29	0	0	8964	8992	16472581	16472553	0.001	54.7
ptg000006l_rc_rotated	ptg000028l_1_1_1	100.000	29	0	0	8902	8930	16472581	16472553	0.001	54.7
ptg000006l_rc_rotated	ptg000028l_1_1_1	100.000	29	0	0	8881	8909	16472581	16472553	0.001	54.7
ptg000006l_rc_rotated	ptg000028l_1_1_1	100.000	29	0	0	8860	8888	16472581	16472553	0.001	54.7
ptg000006l_rc_rotated	ptg000028l_1_1_1	100.000	29	0	0	8839	8867	16472581	16472553	0.001	54.7
ptg000006l_rc_rotated	ptg000028l_1_1_1	100.000	29	0	0	8818	8846	16472581	16472553	0.001	54.7
ptg000006l_rc_rotated	ptg000028l_1_1_1	100.000	29	0	0	8756	8784	16472581	16472553	0.001	54.7
ptg000006l_rc_rotated	ptg000028l_1_1_1	100.000	29	0	0	8735	8763	16472581	16472553	0.001	54.7
ptg000006l_rc_rotated	ptg000028l_1_1_1	100.000	29	0	0	8714	8742	16472581	16472553	0.001	54.7
ptg000006l_rc_rotated	ptg000028l_1_1_1	100.000	29	0	0	8693	8721	16472581	16472553	0.001	54.7
ptg000006l_rc_rotated	ptg000028l_1_1_1	100.000	29	0	0	8672	8700	16472581	16472553	0.001	54.7
ptg000006l_rc_rotated	ptg000028l_1_1_1	100.000	29	0	0	8568	8596	16472581	16472553	0.001	54.7
ptg000006l_rc_rotated	ptg000028l_1_1_1	100.000	29	0	0	8547	8575	16472581	16472553	0.001	54.7
ptg000006l_rc_rotated	ptg000028l_1_1_1	100.000	29	0	0	8464	8492	16472581	16472553	0.001	54.7
ptg000006l_rc_rotated	ptg000028l_1_1_1	100.000	29	0	0	8401	8429	16472581	16472553	0.001	54.7
ptg000006l_rc_rotated	ptg000028l_1_1_1	100.000	29	0	0	8380	8408	16472581	16472553	0.001	54.7
ptg000006l_rc_rotated	ptg000028l_1_1_1	100.000	29	0	0	8318	8346	16472581	16472553	0.001	54.7
ptg000006l_rc_rotated	ptg000028l_1_1_1	100.000	29	0	0	8297	8325	16472581	16472553	0.001	54.7
ptg000006l_rc_rotated	ptg000028l_1_1_1	100.000	29	0	0	8276	8304	16472581	16472553	0.001	54.7
ptg000006l_rc_rotated	ptg000019l_1_1_1	75.084	891	151	45	12920	13805	21017028	21017852	1.19e-92	350
ptg000006l_rc_rotated	ptg000019l_1_1_1	83.729	295	35	8	592	885	4423510	4423228	1.23e-67	267
ptg000006l_rc_rotated	ptg000019l_1_1_1	84.871	271	21	13	7933	8189	3759273	3759537	2.66e-64	255
ptg000006l_rc_rotated	ptg000019l_1_1_1	97.297	111	3	0	5991	6101	21168513	21168623	2.74e-44	189
ptg000006l_rc_rotated	ptg000019l_1_1_1	82.266	203	33	1	11593	11795	9884603	9884802	2.76e-39	172
ptg000006l_rc_rotated	ptg000019l_1_1_1	90.909	121	6	4	6398	6516	3759273	3759390	7.73e-35	158
ptg000006l_rc_rotated	ptg000019l_1_1_1	90.909	121	6	4	7578	7696	3759273	3759390	7.73e-35	158
ptg000006l_rc_rotated	ptg000019l_1_1_1	90.083	121	11	1	12445	12564	5293505	5293625	2.78e-34	156
ptg000006l_rc_rotated	ptg000019l_1_1_1	87.931	116	12	2	17084	17198	17217091	17217205	3.62e-28	135
ptg000006l_rc_rotated	ptg000019l_1_1_1	98.649	74	0	1	88	161	2704499	2704571	1.69e-26	130
ptg000006l_rc_rotated	ptg000019l_1_1_1	86.154	130	5	5	6613	6741	3759273	3759390	6.06e-26	128
ptg000006l_rc_rotated	ptg000019l_1_1_1	83.019	159	8	10	7614	7769	3759246	3759388	2.18e-25	126
ptg000006l_rc_rotated	ptg000019l_1_1_1	94.872	78	4	0	8385	8462	19995269	19995346	2.82e-24	122
ptg000006l_rc_rotated	ptg000019l_1_1_1	94.872	78	4	0	8552	8629	19995269	19995346	2.82e-24	122
ptg000006l_rc_rotated	ptg000019l_1_1_1	94.872	78	4	0	8990	9067	19995269	19995346	2.82e-24	122
ptg000006l_rc_rotated	ptg000019l_1_1_1	95.946	74	2	1	12517	12590	15421374	15421302	3.65e-23	119
ptg000006l_rc_rotated	ptg000019l_1_1_1	81.250	160	13	11	7754	7911	3759246	3759390	1.70e-21	113
ptg000006l_rc_rotated	ptg000019l_1_1_1	80.488	164	17	8	11153	11313	6753240	6753089	6.10e-21	111
ptg000006l_rc_rotated	ptg000019l_1_1_1	92.424	66	3	1	11604	11667	3499011	3499076	2.21e-15	93.5
ptg000006l_rc_rotated	ptg000019l_1_1_1	91.429	70	3	2	7940	8009	3759081	3759147	2.21e-15	93.5
ptg000006l_rc_rotated	ptg000019l_1_1_1	88.406	69	5	2	3233	3298	16254590	16254522	1.72e-11	80.5
ptg000006l_rc_rotated	ptg000014l_1_1_1	89.474	266	27	1	9400	9664	14701815	14702080	3.33e-88	335
ptg000006l_rc_rotated	ptg000014l_1_1_1	89.474	266	27	1	9838	10102	14701815	14702080	3.33e-88	335
ptg000006l_rc_rotated	ptg000014l_1_1_1	88.973	263	28	1	9421	9682	14701815	14702077	7.20e-85	324
ptg000006l_rc_rotated	ptg000014l_1_1_1	88.973	263	28	1	9859	10120	14701815	14702077	7.20e-85	324
ptg000006l_rc_rotated	ptg000014l_1_1_1	89.388	245	25	1	9400	9643	14701836	14702080	7.25e-80	307
ptg000006l_rc_rotated	ptg000014l_1_1_1	89.388	245	25	1	9546	9789	14701836	14702080	7.25e-80	307
ptg000006l_rc_rotated	ptg000014l_1_1_1	89.388	245	25	1	9838	10081	14701836	14702080	7.25e-80	307
ptg000006l_rc_rotated	ptg000014l_1_1_1	89.388	245	25	1	9984	10227	14701836	14702080	7.25e-80	307
ptg000006l_rc_rotated	ptg000014l_1_1_1	89.362	235	24	1	9442	9675	14701815	14702049	5.65e-76	294
ptg000006l_rc_rotated	ptg000014l_1_1_1	89.362	235	24	1	9880	10113	14701815	14702049	5.65e-76	294
ptg000006l_rc_rotated	ptg000014l_1_1_1	86.090	266	35	2	9359	9622	14701815	14702080	3.40e-73	285
ptg000006l_rc_rotated	ptg000014l_1_1_1	86.090	266	35	2	9484	9747	14701815	14702080	3.40e-73	285
ptg000006l_rc_rotated	ptg000014l_1_1_1	86.090	266	35	2	9505	9768	14701815	14702080	3.40e-73	285
ptg000006l_rc_rotated	ptg000014l_1_1_1	86.090	266	35	2	9797	10060	14701815	14702080	3.40e-73	285
ptg000006l_rc_rotated	ptg000014l_1_1_1	86.090	266	35	2	9922	10185	14701815	14702080	3.40e-73	285
ptg000006l_rc_rotated	ptg000014l_1_1_1	86.090	266	35	2	9943	10206	14701815	14702080	3.40e-73	285
ptg000006l_rc_rotated	ptg000014l_1_1_1	85.338	266	37	2	9463	9726	14701815	14702080	7.36e-70	274
ptg000006l_rc_rotated	ptg000014l_1_1_1	85.338	266	37	2	9901	10164	14701815	14702080	7.36e-70	274
ptg000006l_rc_rotated	ptg000014l_1_1_1	85.417	240	27	6	11271	11506	16228744	16228979	2.07e-60	243
ptg000006l_rc_rotated	ptg000014l_1_1_1	77.656	273	53	6	13559	13829	2238379	2238113	2.15e-35	159
ptg000006l_rc_rotated	ptg000014l_1_1_1	96.774	62	1	1	11108	11169	8165145	8165085	3.67e-18	102
ptg000006l_rc_rotated	ptg000014l_1_1_1	90.278	72	7	0	11227	11298	6186207	6186278	6.15e-16	95.3
ptg000006l_rc_rotated	ptg000014l_1_1_1	95.082	61	1	1	12529	12589	15612148	15612090	6.15e-16	95.3
ptg000006l_rc_rotated	ptg000014l_1_1_1	97.872	47	1	0	9547	9593	2040203	2040249	4.79e-12	82.4
ptg000006l_rc_rotated	ptg000014l_1_1_1	97.872	47	1	0	9985	10031	2040203	2040249	4.79e-12	82.4
ptg000006l_rc_rotated	ptg000014l_1_1_1	95.833	48	2	0	8400	8447	2040203	2040250	6.19e-11	78.7
ptg000006l_rc_rotated	ptg000014l_1_1_1	95.833	48	2	0	8567	8614	2040203	2040250	6.19e-11	78.7
ptg000006l_rc_rotated	ptg000014l_1_1_1	95.833	48	2	0	9005	9052	2040203	2040250	6.19e-11	78.7
ptg000006l_rc_rotated	ptg000014l_1_1_1	95.745	47	2	0	8275	8321	2040203	2040249	2.23e-10	76.8
ptg000006l_rc_rotated	ptg000014l_1_1_1	95.745	47	2	0	8296	8342	2040203	2040249	2.23e-10	76.8
ptg000006l_rc_rotated	ptg000014l_1_1_1	95.745	47	2	0	8546	8592	2040203	2040249	2.23e-10	76.8
ptg000006l_rc_rotated	ptg000014l_1_1_1	95.745	47	2	0	8671	8717	2040203	2040249	2.23e-10	76.8
ptg000006l_rc_rotated	ptg000014l_1_1_1	95.745	47	2	0	8692	8738	2040203	2040249	2.23e-10	76.8
ptg000006l_rc_rotated	ptg000014l_1_1_1	95.745	47	2	0	8713	8759	2040203	2040249	2.23e-10	76.8
ptg000006l_rc_rotated	ptg000014l_1_1_1	95.745	47	2	0	8734	8780	2040203	2040249	2.23e-10	76.8
ptg000006l_rc_rotated	ptg000014l_1_1_1	95.745	47	2	0	8838	8884	2040203	2040249	2.23e-10	76.8
ptg000006l_rc_rotated	ptg000014l_1_1_1	95.745	47	2	0	8859	8905	2040203	2040249	2.23e-10	76.8
ptg000006l_rc_rotated	ptg000014l_1_1_1	95.745	47	2	0	8880	8926	2040203	2040249	2.23e-10	76.8
ptg000006l_rc_rotated	ptg000014l_1_1_1	95.745	47	2	0	8963	9009	2040203	2040249	2.23e-10	76.8
ptg000006l_rc_rotated	ptg000014l_1_1_1	95.745	47	2	0	8984	9030	2040203	2040249	2.23e-10	76.8
ptg000006l_rc_rotated	ptg000014l_1_1_1	95.745	47	2	0	9130	9176	2040203	2040249	2.23e-10	76.8
ptg000006l_rc_rotated	ptg000014l_1_1_1	95.745	47	2	0	9151	9197	2040203	2040249	2.23e-10	76.8
ptg000006l_rc_rotated	ptg000014l_1_1_1	95.745	47	2	0	9172	9218	2040203	2040249	2.23e-10	76.8
ptg000006l_rc_rotated	ptg000014l_1_1_1	95.745	47	2	0	9255	9301	2040203	2040249	2.23e-10	76.8
ptg000006l_rc_rotated	ptg000014l_1_1_1	95.745	47	2	0	9276	9322	2040203	2040249	2.23e-10	76.8
ptg000006l_rc_rotated	ptg000014l_1_1_1	95.745	47	2	0	9297	9343	2040203	2040249	2.23e-10	76.8
ptg000006l_rc_rotated	ptg000014l_1_1_1	95.745	47	2	0	9318	9364	2040203	2040249	2.23e-10	76.8
ptg000006l_rc_rotated	ptg000014l_1_1_1	95.745	47	2	0	9401	9447	2040203	2040249	2.23e-10	76.8
ptg000006l_rc_rotated	ptg000014l_1_1_1	95.745	47	2	0	9422	9468	2040203	2040249	2.23e-10	76.8
ptg000006l_rc_rotated	ptg000014l_1_1_1	95.745	47	2	0	9443	9489	2040203	2040249	2.23e-10	76.8
ptg000006l_rc_rotated	ptg000014l_1_1_1	95.745	47	2	0	9464	9510	2040203	2040249	2.23e-10	76.8
ptg000006l_rc_rotated	ptg000014l_1_1_1	95.745	47	2	0	9589	9635	2040203	2040249	2.23e-10	76.8
ptg000006l_rc_rotated	ptg000014l_1_1_1	95.745	47	2	0	9610	9656	2040203	2040249	2.23e-10	76.8
ptg000006l_rc_rotated	ptg000014l_1_1_1	95.745	47	2	0	9693	9739	2040203	2040249	2.23e-10	76.8
ptg000006l_rc_rotated	ptg000014l_1_1_1	95.745	47	2	0	9714	9760	2040203	2040249	2.23e-10	76.8
ptg000006l_rc_rotated	ptg000014l_1_1_1	95.745	47	2	0	9735	9781	2040203	2040249	2.23e-10	76.8
ptg000006l_rc_rotated	ptg000014l_1_1_1	95.745	47	2	0	9756	9802	2040203	2040249	2.23e-10	76.8
ptg000006l_rc_rotated	ptg000014l_1_1_1	95.745	47	2	0	9839	9885	2040203	2040249	2.23e-10	76.8
ptg000006l_rc_rotated	ptg000014l_1_1_1	95.745	47	2	0	9860	9906	2040203	2040249	2.23e-10	76.8
ptg000006l_rc_rotated	ptg000014l_1_1_1	95.745	47	2	0	9881	9927	2040203	2040249	2.23e-10	76.8
ptg000006l_rc_rotated	ptg000014l_1_1_1	95.745	47	2	0	9902	9948	2040203	2040249	2.23e-10	76.8
ptg000006l_rc_rotated	ptg000014l_1_1_1	95.745	47	2	0	10027	10073	2040203	2040249	2.23e-10	76.8
ptg000006l_rc_rotated	ptg000014l_1_1_1	95.745	47	2	0	10048	10094	2040203	2040249	2.23e-10	76.8
ptg000006l_rc_rotated	ptg000014l_1_1_1	95.745	47	2	0	10131	10177	2040203	2040249	2.23e-10	76.8
ptg000006l_rc_rotated	ptg000014l_1_1_1	95.745	47	2	0	10152	10198	2040203	2040249	2.23e-10	76.8
ptg000006l_rc_rotated	ptg000014l_1_1_1	95.745	47	2	0	10173	10219	2040203	2040249	2.23e-10	76.8
ptg000006l_rc_rotated	ptg000014l_1_1_1	95.745	47	2	0	10194	10240	2040203	2040249	2.23e-10	76.8
ptg000006l_rc_rotated	ptg000014l_1_1_1	95.652	46	2	0	8380	8425	2040204	2040249	8.01e-10	75.0
ptg000006l_rc_rotated	ptg000014l_1_1_1	95.652	46	2	0	8818	8863	2040204	2040249	8.01e-10	75.0
ptg000006l_rc_rotated	ptg000014l_1_1_1	93.617	47	3	0	8442	8488	2040203	2040249	1.04e-08	71.3
ptg000006l_rc_rotated	ptg000014l_1_1_1	93.617	47	3	0	8525	8571	2040203	2040249	1.04e-08	71.3
ptg000006l_rc_rotated	ptg000014l_1_1_1	93.617	47	3	0	9109	9155	2040203	2040249	1.04e-08	71.3
ptg000006l_rc_rotated	ptg000014l_1_1_1	100.000	37	0	0	9022	9058	16905306	16905270	3.73e-08	69.4
ptg000006l_rc_rotated	ptg000014l_1_1_1	100.000	37	0	0	8584	8620	16905306	16905270	3.73e-08	69.4
ptg000006l_rc_rotated	ptg000014l_1_1_1	100.000	37	0	0	8417	8453	16905306	16905270	3.73e-08	69.4
ptg000006l_rc_rotated	ptg000014l_1_1_1	97.297	37	1	0	10190	10226	16905306	16905270	1.73e-06	63.9
ptg000006l_rc_rotated	ptg000014l_1_1_1	97.297	37	1	0	10169	10205	16905306	16905270	1.73e-06	63.9
ptg000006l_rc_rotated	ptg000014l_1_1_1	97.297	37	1	0	10148	10184	16905306	16905270	1.73e-06	63.9
ptg000006l_rc_rotated	ptg000014l_1_1_1	97.297	37	1	0	10065	10101	16905306	16905270	1.73e-06	63.9
ptg000006l_rc_rotated	ptg000014l_1_1_1	97.297	37	1	0	10044	10080	16905306	16905270	1.73e-06	63.9
ptg000006l_rc_rotated	ptg000014l_1_1_1	97.297	37	1	0	10023	10059	16905306	16905270	1.73e-06	63.9
ptg000006l_rc_rotated	ptg000014l_1_1_1	97.297	37	1	0	9919	9955	16905306	16905270	1.73e-06	63.9
ptg000006l_rc_rotated	ptg000014l_1_1_1	97.297	37	1	0	9898	9934	16905306	16905270	1.73e-06	63.9
ptg000006l_rc_rotated	ptg000014l_1_1_1	97.297	37	1	0	9877	9913	16905306	16905270	1.73e-06	63.9
ptg000006l_rc_rotated	ptg000014l_1_1_1	97.297	37	1	0	9856	9892	16905306	16905270	1.73e-06	63.9
ptg000006l_rc_rotated	ptg000014l_1_1_1	97.297	37	1	0	9773	9809	16905306	16905270	1.73e-06	63.9
ptg000006l_rc_rotated	ptg000014l_1_1_1	97.297	37	1	0	9752	9788	16905306	16905270	1.73e-06	63.9
ptg000006l_rc_rotated	ptg000014l_1_1_1	97.297	37	1	0	9731	9767	16905306	16905270	1.73e-06	63.9
ptg000006l_rc_rotated	ptg000014l_1_1_1	97.297	37	1	0	9710	9746	16905306	16905270	1.73e-06	63.9
ptg000006l_rc_rotated	ptg000014l_1_1_1	97.297	37	1	0	9627	9663	16905306	16905270	1.73e-06	63.9
ptg000006l_rc_rotated	ptg000014l_1_1_1	97.297	37	1	0	9606	9642	16905306	16905270	1.73e-06	63.9
ptg000006l_rc_rotated	ptg000014l_1_1_1	97.297	37	1	0	9585	9621	16905306	16905270	1.73e-06	63.9
ptg000006l_rc_rotated	ptg000014l_1_1_1	97.297	37	1	0	9481	9517	16905306	16905270	1.73e-06	63.9
ptg000006l_rc_rotated	ptg000014l_1_1_1	97.297	37	1	0	9460	9496	16905306	16905270	1.73e-06	63.9
ptg000006l_rc_rotated	ptg000014l_1_1_1	97.297	37	1	0	9439	9475	16905306	16905270	1.73e-06	63.9
ptg000006l_rc_rotated	ptg000014l_1_1_1	97.297	37	1	0	9418	9454	16905306	16905270	1.73e-06	63.9
ptg000006l_rc_rotated	ptg000014l_1_1_1	97.297	37	1	0	9335	9371	16905306	16905270	1.73e-06	63.9
ptg000006l_rc_rotated	ptg000014l_1_1_1	97.297	37	1	0	9314	9350	16905306	16905270	1.73e-06	63.9
ptg000006l_rc_rotated	ptg000014l_1_1_1	97.297	37	1	0	9293	9329	16905306	16905270	1.73e-06	63.9
ptg000006l_rc_rotated	ptg000014l_1_1_1	97.297	37	1	0	9272	9308	16905306	16905270	1.73e-06	63.9
ptg000006l_rc_rotated	ptg000014l_1_1_1	97.297	37	1	0	9189	9225	16905306	16905270	1.73e-06	63.9
ptg000006l_rc_rotated	ptg000014l_1_1_1	97.297	37	1	0	9168	9204	16905306	16905270	1.73e-06	63.9
ptg000006l_rc_rotated	ptg000014l_1_1_1	97.297	37	1	0	9147	9183	16905306	16905270	1.73e-06	63.9
ptg000006l_rc_rotated	ptg000014l_1_1_1	97.297	37	1	0	9126	9162	16905306	16905270	1.73e-06	63.9
ptg000006l_rc_rotated	ptg000014l_1_1_1	97.297	37	1	0	9001	9037	16905306	16905270	1.73e-06	63.9
ptg000006l_rc_rotated	ptg000014l_1_1_1	97.297	37	1	0	8980	9016	16905306	16905270	1.73e-06	63.9
ptg000006l_rc_rotated	ptg000014l_1_1_1	97.297	37	1	0	8897	8933	16905306	16905270	1.73e-06	63.9
ptg000006l_rc_rotated	ptg000014l_1_1_1	97.297	37	1	0	8876	8912	16905306	16905270	1.73e-06	63.9
ptg000006l_rc_rotated	ptg000014l_1_1_1	97.297	37	1	0	8855	8891	16905306	16905270	1.73e-06	63.9
ptg000006l_rc_rotated	ptg000014l_1_1_1	97.297	37	1	0	8834	8870	16905306	16905270	1.73e-06	63.9
ptg000006l_rc_rotated	ptg000014l_1_1_1	97.297	37	1	0	8751	8787	16905306	16905270	1.73e-06	63.9
ptg000006l_rc_rotated	ptg000014l_1_1_1	97.297	37	1	0	8730	8766	16905306	16905270	1.73e-06	63.9
ptg000006l_rc_rotated	ptg000014l_1_1_1	97.297	37	1	0	8709	8745	16905306	16905270	1.73e-06	63.9
ptg000006l_rc_rotated	ptg000014l_1_1_1	97.297	37	1	0	8688	8724	16905306	16905270	1.73e-06	63.9
ptg000006l_rc_rotated	ptg000014l_1_1_1	97.297	37	1	0	8563	8599	16905306	16905270	1.73e-06	63.9
ptg000006l_rc_rotated	ptg000014l_1_1_1	97.297	37	1	0	8542	8578	16905306	16905270	1.73e-06	63.9
ptg000006l_rc_rotated	ptg000014l_1_1_1	97.297	37	1	0	8459	8495	16905306	16905270	1.73e-06	63.9
ptg000006l_rc_rotated	ptg000014l_1_1_1	97.297	37	1	0	8396	8432	16905306	16905270	1.73e-06	63.9
ptg000006l_rc_rotated	ptg000014l_1_1_1	97.297	37	1	0	8313	8349	16905306	16905270	1.73e-06	63.9
ptg000006l_rc_rotated	ptg000014l_1_1_1	97.297	37	1	0	8292	8328	16905306	16905270	1.73e-06	63.9
ptg000006l_rc_rotated	ptg000014l_1_1_1	97.222	36	1	0	359	394	16649579	16649544	6.24e-06	62.1
ptg000006l_rc_rotated	ptg000014l_1_1_1	97.059	34	1	0	10211	10244	16905306	16905273	8.07e-05	58.4
ptg000006l_rc_rotated	ptg000043l_1_1_1	80.759	395	57	15	2319	2701	12632235	12631848	7.31e-75	291
ptg000006l_rc_rotated	ptg000043l_1_1_1	88.940	217	17	5	15393	15606	6863824	6863612	5.73e-66	261
ptg000006l_rc_rotated	ptg000043l_1_1_1	93.220	177	12	0	4222	4398	12352131	12351955	5.73e-66	261
ptg000006l_rc_rotated	ptg000043l_1_1_1	84.314	255	29	7	11323	11569	24769120	24768869	2.68e-59	239
ptg000006l_rc_rotated	ptg000043l_1_1_1	82.014	278	48	2	9399	9674	38973529	38973806	3.47e-58	235
ptg000006l_rc_rotated	ptg000043l_1_1_1	82.014	278	48	2	9837	10112	38973529	38973806	3.47e-58	235
ptg000006l_rc_rotated	ptg000043l_1_1_1	93.590	156	10	0	11346	11501	8780171	8780016	1.25e-57	233
ptg000006l_rc_rotated	ptg000043l_1_1_1	82.812	256	42	2	9546	9799	38973551	38973806	5.81e-56	228
ptg000006l_rc_rotated	ptg000043l_1_1_1	82.812	256	42	2	9984	10237	38973551	38973806	5.81e-56	228
ptg000006l_rc_rotated	ptg000043l_1_1_1	77.898	371	73	7	4442	4804	32611062	32611431	2.70e-54	222
ptg000006l_rc_rotated	ptg000043l_1_1_1	88.889	171	19	0	4369	4539	16139076	16138906	5.85e-51	211
ptg000006l_rc_rotated	ptg000043l_1_1_1	82.192	219	38	1	9884	10101	38760246	38760028	9.86e-44	187
ptg000006l_rc_rotated	ptg000043l_1_1_1	82.192	219	38	1	9446	9663	38760246	38760028	9.86e-44	187
ptg000006l_rc_rotated	ptg000043l_1_1_1	86.145	166	22	1	2127	2292	12332678	12332842	5.93e-41	178
ptg000006l_rc_rotated	ptg000043l_1_1_1	81.776	214	36	3	3164	3376	6523363	6523152	2.13e-40	176
ptg000006l_rc_rotated	ptg000043l_1_1_1	82.635	167	22	5	12544	12709	28556247	28556407	7.79e-30	141
ptg000006l_rc_rotated	ptg000043l_1_1_1	87.805	123	10	4	4895	5014	23484745	23484625	2.80e-29	139
ptg000006l_rc_rotated	ptg000043l_1_1_1	86.508	126	13	4	10174	10297	32673565	32673688	3.62e-28	135
ptg000006l_rc_rotated	ptg000043l_1_1_1	74.286	350	68	18	10898	11240	28606532	28606198	6.06e-26	128
ptg000006l_rc_rotated	ptg000043l_1_1_1	88.636	88	10	0	2389	2476	19296009	19296096	7.90e-20	108
ptg000006l_rc_rotated	ptg000043l_1_1_1	98.305	59	1	0	11623	11681	8635042	8635100	1.02e-18	104
ptg000006l_rc_rotated	ptg000043l_1_1_1	100.000	54	0	0	19133	19186	35763800	35763747	1.32e-17	100
ptg000006l_rc_rotated	ptg000043l_1_1_1	96.491	57	2	0	11340	11396	25797330	25797274	6.15e-16	95.3
ptg000006l_rc_rotated	ptg000043l_1_1_1	85.714	91	12	1	1577	1667	38407325	38407414	6.15e-16	95.3
ptg000006l_rc_rotated	ptg000043l_1_1_1	91.549	71	3	1	6016	6086	38563567	38563634	6.15e-16	95.3
ptg000006l_rc_rotated	ptg000043l_1_1_1	94.915	59	3	0	7818	7876	21964114	21964172	2.21e-15	93.5
ptg000006l_rc_rotated	ptg000043l_1_1_1	98.113	53	1	0	8276	8328	32673565	32673617	2.21e-15	93.5
ptg000006l_rc_rotated	ptg000043l_1_1_1	98.113	53	1	0	8297	8349	32673565	32673617	2.21e-15	93.5
ptg000006l_rc_rotated	ptg000043l_1_1_1	98.113	53	1	0	8380	8432	32673565	32673617	2.21e-15	93.5
ptg000006l_rc_rotated	ptg000043l_1_1_1	98.113	53	1	0	8547	8599	32673565	32673617	2.21e-15	93.5
ptg000006l_rc_rotated	ptg000043l_1_1_1	98.113	53	1	0	8672	8724	32673565	32673617	2.21e-15	93.5
ptg000006l_rc_rotated	ptg000043l_1_1_1	98.113	53	1	0	8693	8745	32673565	32673617	2.21e-15	93.5
ptg000006l_rc_rotated	ptg000043l_1_1_1	98.113	53	1	0	8714	8766	32673565	32673617	2.21e-15	93.5
ptg000006l_rc_rotated	ptg000043l_1_1_1	98.113	53	1	0	8735	8787	32673565	32673617	2.21e-15	93.5
ptg000006l_rc_rotated	ptg000043l_1_1_1	98.113	53	1	0	8818	8870	32673565	32673617	2.21e-15	93.5
ptg000006l_rc_rotated	ptg000043l_1_1_1	98.113	53	1	0	8839	8891	32673565	32673617	2.21e-15	93.5
ptg000006l_rc_rotated	ptg000043l_1_1_1	98.113	53	1	0	8860	8912	32673565	32673617	2.21e-15	93.5
ptg000006l_rc_rotated	ptg000043l_1_1_1	98.113	53	1	0	8881	8933	32673565	32673617	2.21e-15	93.5
ptg000006l_rc_rotated	ptg000043l_1_1_1	98.113	53	1	0	8964	9016	32673565	32673617	2.21e-15	93.5
ptg000006l_rc_rotated	ptg000043l_1_1_1	98.113	53	1	0	8985	9037	32673565	32673617	2.21e-15	93.5
ptg000006l_rc_rotated	ptg000043l_1_1_1	98.113	53	1	0	9131	9183	32673565	32673617	2.21e-15	93.5
ptg000006l_rc_rotated	ptg000043l_1_1_1	98.113	53	1	0	9152	9204	32673565	32673617	2.21e-15	93.5
ptg000006l_rc_rotated	ptg000043l_1_1_1	98.113	53	1	0	9173	9225	32673565	32673617	2.21e-15	93.5
ptg000006l_rc_rotated	ptg000043l_1_1_1	98.113	53	1	0	9256	9308	32673565	32673617	2.21e-15	93.5
ptg000006l_rc_rotated	ptg000043l_1_1_1	98.113	53	1	0	9277	9329	32673565	32673617	2.21e-15	93.5
ptg000006l_rc_rotated	ptg000043l_1_1_1	98.113	53	1	0	9298	9350	32673565	32673617	2.21e-15	93.5
ptg000006l_rc_rotated	ptg000043l_1_1_1	98.113	53	1	0	9319	9371	32673565	32673617	2.21e-15	93.5
ptg000006l_rc_rotated	ptg000043l_1_1_1	98.113	53	1	0	9402	9454	32673565	32673617	2.21e-15	93.5
ptg000006l_rc_rotated	ptg000043l_1_1_1	98.113	53	1	0	9423	9475	32673565	32673617	2.21e-15	93.5
ptg000006l_rc_rotated	ptg000043l_1_1_1	98.113	53	1	0	9444	9496	32673565	32673617	2.21e-15	93.5
ptg000006l_rc_rotated	ptg000043l_1_1_1	98.113	53	1	0	9465	9517	32673565	32673617	2.21e-15	93.5
ptg000006l_rc_rotated	ptg000043l_1_1_1	98.113	53	1	0	9590	9642	32673565	32673617	2.21e-15	93.5
ptg000006l_rc_rotated	ptg000043l_1_1_1	98.113	53	1	0	9611	9663	32673565	32673617	2.21e-15	93.5
ptg000006l_rc_rotated	ptg000043l_1_1_1	98.113	53	1	0	9694	9746	32673565	32673617	2.21e-15	93.5
ptg000006l_rc_rotated	ptg000043l_1_1_1	98.113	53	1	0	9715	9767	32673565	32673617	2.21e-15	93.5
ptg000006l_rc_rotated	ptg000043l_1_1_1	98.113	53	1	0	9736	9788	32673565	32673617	2.21e-15	93.5
ptg000006l_rc_rotated	ptg000043l_1_1_1	98.113	53	1	0	9757	9809	32673565	32673617	2.21e-15	93.5
ptg000006l_rc_rotated	ptg000043l_1_1_1	98.113	53	1	0	9840	9892	32673565	32673617	2.21e-15	93.5
ptg000006l_rc_rotated	ptg000043l_1_1_1	98.113	53	1	0	9861	9913	32673565	32673617	2.21e-15	93.5
ptg000006l_rc_rotated	ptg000043l_1_1_1	98.113	53	1	0	9882	9934	32673565	32673617	2.21e-15	93.5
ptg000006l_rc_rotated	ptg000043l_1_1_1	98.113	53	1	0	9903	9955	32673565	32673617	2.21e-15	93.5
ptg000006l_rc_rotated	ptg000043l_1_1_1	98.113	53	1	0	10028	10080	32673565	32673617	2.21e-15	93.5
ptg000006l_rc_rotated	ptg000043l_1_1_1	98.113	53	1	0	10049	10101	32673565	32673617	2.21e-15	93.5
ptg000006l_rc_rotated	ptg000043l_1_1_1	98.113	53	1	0	10132	10184	32673565	32673617	2.21e-15	93.5
ptg000006l_rc_rotated	ptg000043l_1_1_1	98.113	53	1	0	10153	10205	32673565	32673617	2.21e-15	93.5
ptg000006l_rc_rotated	ptg000043l_1_1_1	90.141	71	7	0	8396	8466	33010828	33010898	2.21e-15	93.5
ptg000006l_rc_rotated	ptg000043l_1_1_1	90.141	71	7	0	8563	8633	33010828	33010898	2.21e-15	93.5
ptg000006l_rc_rotated	ptg000043l_1_1_1	90.141	71	7	0	9001	9071	33010828	33010898	2.21e-15	93.5
ptg000006l_rc_rotated	ptg000043l_1_1_1	82.883	111	7	6	7601	7699	17997997	17997887	2.86e-14	89.8
ptg000006l_rc_rotated	ptg000043l_1_1_1	82.883	111	7	4	6421	6519	17997997	17997887	2.86e-14	89.8
ptg000006l_rc_rotated	ptg000043l_1_1_1	96.226	53	2	0	8401	8453	32673565	32673617	1.03e-13	87.9
ptg000006l_rc_rotated	ptg000043l_1_1_1	96.226	53	2	0	8443	8495	32673565	32673617	1.03e-13	87.9
ptg000006l_rc_rotated	ptg000043l_1_1_1	96.226	53	2	0	8526	8578	32673565	32673617	1.03e-13	87.9
ptg000006l_rc_rotated	ptg000043l_1_1_1	96.226	53	2	0	8568	8620	32673565	32673617	1.03e-13	87.9
ptg000006l_rc_rotated	ptg000043l_1_1_1	96.226	53	2	0	9006	9058	32673565	32673617	1.03e-13	87.9
ptg000006l_rc_rotated	ptg000043l_1_1_1	96.226	53	2	0	9110	9162	32673565	32673617	1.03e-13	87.9
ptg000006l_rc_rotated	ptg000043l_1_1_1	96.226	53	2	0	9569	9621	32673565	32673617	1.03e-13	87.9
ptg000006l_rc_rotated	ptg000043l_1_1_1	96.226	53	2	0	10007	10059	32673565	32673617	1.03e-13	87.9
ptg000006l_rc_rotated	ptg000043l_1_1_1	98.000	50	1	0	10195	10244	32673565	32673614	1.03e-13	87.9
ptg000006l_rc_rotated	ptg000043l_1_1_1	94.340	53	3	0	14859	14911	15946099	15946151	4.79e-12	82.4
ptg000006l_rc_rotated	ptg000043l_1_1_1	76.398	161	27	6	11723	11881	19791157	19791006	2.23e-10	76.8
ptg000006l_rc_rotated	ptg000043l_1_1_1	100.000	37	0	0	8271	8307	32673581	32673617	3.73e-08	69.4
ptg000006l_rc_rotated	ptg000043l_1_1_1	91.489	47	4	0	9546	9592	32673584	32673630	4.82e-07	65.8
ptg000006l_rc_rotated	ptg000043l_1_1_1	91.489	47	4	0	9984	10030	32673584	32673630	4.82e-07	65.8
ptg000006l_rc_rotated	ptg000043l_1_1_1	100.000	34	0	0	8670	8703	32673584	32673617	1.73e-06	63.9
ptg000006l_rc_rotated	ptg000043l_1_1_1	100.000	34	0	0	8962	8995	32673584	32673617	1.73e-06	63.9
ptg000006l_rc_rotated	ptg000043l_1_1_1	100.000	34	0	0	9254	9287	32673584	32673617	1.73e-06	63.9
ptg000006l_rc_rotated	ptg000043l_1_1_1	100.000	34	0	0	9400	9433	32673584	32673617	1.73e-06	63.9
ptg000006l_rc_rotated	ptg000043l_1_1_1	100.000	34	0	0	9692	9725	32673584	32673617	1.73e-06	63.9
ptg000006l_rc_rotated	ptg000043l_1_1_1	100.000	34	0	0	9838	9871	32673584	32673617	1.73e-06	63.9
ptg000006l_rc_rotated	ptg000043l_1_1_1	100.000	34	0	0	10130	10163	32673584	32673617	1.73e-06	63.9
ptg000006l_rc_rotated	ptg000043l_1_1_1	100.000	32	0	0	4798	4829	25797388	25797357	2.24e-05	60.2
ptg000006l_rc_rotated	ptg000043l_1_1_1	100.000	32	0	0	8380	8411	32673586	32673617	2.24e-05	60.2
ptg000006l_rc_rotated	ptg000043l_1_1_1	100.000	32	0	0	8818	8849	32673586	32673617	2.24e-05	60.2
ptg000006l_rc_rotated	ptg000043l_1_1_1	100.000	28	0	0	14901	14928	24673584	24673557	0.004	52.8
ptg000006l_rc_rotated	ptg000033l_1_1_1	79.562	411	77	6	14332	14737	717582	717174	9.45e-74	287
ptg000006l_rc_rotated	ptg000033l_1_1_1	92.208	77	5	1	12608	12683	12954721	12954645	7.90e-20	108
ptg000006l_rc_rotated	ptg000033l_1_1_1	87.692	65	4	3	4340	4402	7431470	7431532	2.88e-09	73.1
ptg000006l_rc_rotated	ptg000033l_1_1_1	88.333	60	5	2	2235	2293	4997291	4997233	1.04e-08	71.3
ptg000006l_rc_rotated	ptg000033l_1_1_1	94.737	38	1	1	10197	10233	5289173	5289136	8.07e-05	58.4
ptg000006l_rc_rotated	ptg000033l_1_1_1	94.737	38	1	1	10176	10212	5289173	5289136	8.07e-05	58.4
ptg000006l_rc_rotated	ptg000033l_1_1_1	94.737	38	1	1	10155	10191	5289173	5289136	8.07e-05	58.4
ptg000006l_rc_rotated	ptg000033l_1_1_1	94.737	38	1	1	10134	10170	5289173	5289136	8.07e-05	58.4
ptg000006l_rc_rotated	ptg000033l_1_1_1	94.737	38	1	1	10051	10087	5289173	5289136	8.07e-05	58.4
ptg000006l_rc_rotated	ptg000033l_1_1_1	94.737	38	1	1	10030	10066	5289173	5289136	8.07e-05	58.4
ptg000006l_rc_rotated	ptg000033l_1_1_1	94.737	38	1	1	9905	9941	5289173	5289136	8.07e-05	58.4
ptg000006l_rc_rotated	ptg000033l_1_1_1	94.737	38	1	1	9884	9920	5289173	5289136	8.07e-05	58.4
ptg000006l_rc_rotated	ptg000033l_1_1_1	94.737	38	1	1	9863	9899	5289173	5289136	8.07e-05	58.4
ptg000006l_rc_rotated	ptg000033l_1_1_1	94.737	38	1	1	9842	9878	5289173	5289136	8.07e-05	58.4
ptg000006l_rc_rotated	ptg000033l_1_1_1	94.737	38	1	1	9759	9795	5289173	5289136	8.07e-05	58.4
ptg000006l_rc_rotated	ptg000033l_1_1_1	94.737	38	1	1	9738	9774	5289173	5289136	8.07e-05	58.4
ptg000006l_rc_rotated	ptg000033l_1_1_1	94.737	38	1	1	9717	9753	5289173	5289136	8.07e-05	58.4
ptg000006l_rc_rotated	ptg000033l_1_1_1	94.737	38	1	1	9696	9732	5289173	5289136	8.07e-05	58.4
ptg000006l_rc_rotated	ptg000033l_1_1_1	94.737	38	1	1	9613	9649	5289173	5289136	8.07e-05	58.4
ptg000006l_rc_rotated	ptg000033l_1_1_1	94.737	38	1	1	9592	9628	5289173	5289136	8.07e-05	58.4
ptg000006l_rc_rotated	ptg000033l_1_1_1	94.737	38	1	1	9467	9503	5289173	5289136	8.07e-05	58.4
ptg000006l_rc_rotated	ptg000033l_1_1_1	94.737	38	1	1	9446	9482	5289173	5289136	8.07e-05	58.4
ptg000006l_rc_rotated	ptg000033l_1_1_1	94.737	38	1	1	9425	9461	5289173	5289136	8.07e-05	58.4
ptg000006l_rc_rotated	ptg000033l_1_1_1	94.737	38	1	1	9404	9440	5289173	5289136	8.07e-05	58.4
ptg000006l_rc_rotated	ptg000033l_1_1_1	94.737	38	1	1	9321	9357	5289173	5289136	8.07e-05	58.4
ptg000006l_rc_rotated	ptg000033l_1_1_1	94.737	38	1	1	9300	9336	5289173	5289136	8.07e-05	58.4
ptg000006l_rc_rotated	ptg000033l_1_1_1	94.737	38	1	1	9279	9315	5289173	5289136	8.07e-05	58.4
ptg000006l_rc_rotated	ptg000033l_1_1_1	94.737	38	1	1	9258	9294	5289173	5289136	8.07e-05	58.4
ptg000006l_rc_rotated	ptg000033l_1_1_1	94.737	38	1	1	9175	9211	5289173	5289136	8.07e-05	58.4
ptg000006l_rc_rotated	ptg000033l_1_1_1	94.737	38	1	1	9154	9190	5289173	5289136	8.07e-05	58.4
ptg000006l_rc_rotated	ptg000033l_1_1_1	94.737	38	1	1	9133	9169	5289173	5289136	8.07e-05	58.4
ptg000006l_rc_rotated	ptg000033l_1_1_1	94.737	38	1	1	9008	9044	5289173	5289136	8.07e-05	58.4
ptg000006l_rc_rotated	ptg000033l_1_1_1	94.737	38	1	1	8987	9023	5289173	5289136	8.07e-05	58.4
ptg000006l_rc_rotated	ptg000033l_1_1_1	94.737	38	1	1	8966	9002	5289173	5289136	8.07e-05	58.4
ptg000006l_rc_rotated	ptg000033l_1_1_1	94.737	38	1	1	8883	8919	5289173	5289136	8.07e-05	58.4
ptg000006l_rc_rotated	ptg000033l_1_1_1	94.737	38	1	1	8862	8898	5289173	5289136	8.07e-05	58.4
ptg000006l_rc_rotated	ptg000033l_1_1_1	94.737	38	1	1	8841	8877	5289173	5289136	8.07e-05	58.4
ptg000006l_rc_rotated	ptg000033l_1_1_1	94.737	38	1	1	8820	8856	5289173	5289136	8.07e-05	58.4
ptg000006l_rc_rotated	ptg000033l_1_1_1	94.737	38	1	1	8737	8773	5289173	5289136	8.07e-05	58.4
ptg000006l_rc_rotated	ptg000033l_1_1_1	94.737	38	1	1	8716	8752	5289173	5289136	8.07e-05	58.4
ptg000006l_rc_rotated	ptg000033l_1_1_1	94.737	38	1	1	8695	8731	5289173	5289136	8.07e-05	58.4
ptg000006l_rc_rotated	ptg000033l_1_1_1	94.737	38	1	1	8674	8710	5289173	5289136	8.07e-05	58.4
ptg000006l_rc_rotated	ptg000033l_1_1_1	94.737	38	1	1	8570	8606	5289173	5289136	8.07e-05	58.4
ptg000006l_rc_rotated	ptg000033l_1_1_1	94.737	38	1	1	8549	8585	5289173	5289136	8.07e-05	58.4
ptg000006l_rc_rotated	ptg000033l_1_1_1	94.737	38	1	1	8403	8439	5289173	5289136	8.07e-05	58.4
ptg000006l_rc_rotated	ptg000033l_1_1_1	94.737	38	1	1	8382	8418	5289173	5289136	8.07e-05	58.4
ptg000006l_rc_rotated	ptg000033l_1_1_1	94.737	38	1	1	8299	8335	5289173	5289136	8.07e-05	58.4
ptg000006l_rc_rotated	ptg000033l_1_1_1	94.737	38	1	1	8278	8314	5289173	5289136	8.07e-05	58.4
ptg000006l_rc_rotated	ptg000033l_1_1_1	97.059	34	1	0	9988	10021	5289173	5289140	8.07e-05	58.4
ptg000006l_rc_rotated	ptg000033l_1_1_1	97.059	34	1	0	9550	9583	5289173	5289140	8.07e-05	58.4
ptg000006l_rc_rotated	ptg000033l_1_1_1	100.000	30	0	0	10072	10101	5289173	5289144	2.90e-04	56.5
ptg000006l_rc_rotated	ptg000033l_1_1_1	100.000	30	0	0	9926	9955	5289173	5289144	2.90e-04	56.5
ptg000006l_rc_rotated	ptg000033l_1_1_1	100.000	30	0	0	9780	9809	5289173	5289144	2.90e-04	56.5
ptg000006l_rc_rotated	ptg000033l_1_1_1	100.000	30	0	0	9634	9663	5289173	5289144	2.90e-04	56.5
ptg000006l_rc_rotated	ptg000033l_1_1_1	100.000	30	0	0	9488	9517	5289173	5289144	2.90e-04	56.5
ptg000006l_rc_rotated	ptg000033l_1_1_1	100.000	30	0	0	9342	9371	5289173	5289144	2.90e-04	56.5
ptg000006l_rc_rotated	ptg000033l_1_1_1	100.000	30	0	0	9196	9225	5289173	5289144	2.90e-04	56.5
ptg000006l_rc_rotated	ptg000033l_1_1_1	100.000	30	0	0	8904	8933	5289173	5289144	2.90e-04	56.5
ptg000006l_rc_rotated	ptg000033l_1_1_1	100.000	30	0	0	8758	8787	5289173	5289144	2.90e-04	56.5
ptg000006l_rc_rotated	ptg000033l_1_1_1	100.000	30	0	0	8466	8495	5289173	5289144	2.90e-04	56.5
ptg000006l_rc_rotated	ptg000033l_1_1_1	100.000	30	0	0	8320	8349	5289173	5289144	2.90e-04	56.5
ptg000006l_rc_rotated	ptg000031l_1_1_1	88.128	219	25	1	17939	18157	24672895	24672678	2.06e-65	259
ptg000006l_rc_rotated	ptg000031l_1_1_1	95.349	129	5	1	259	386	7110128	7110000	9.79e-49	204
ptg000006l_rc_rotated	ptg000031l_1_1_1	83.645	214	24	9	10186	10397	17990534	17990738	7.62e-45	191
ptg000006l_rc_rotated	ptg000031l_1_1_1	88.272	162	15	3	242	401	23572202	23572043	7.62e-45	191
ptg000006l_rc_rotated	ptg000031l_1_1_1	92.793	111	8	0	8678	8788	18608039	18608149	5.98e-36	161
ptg000006l_rc_rotated	ptg000031l_1_1_1	92.793	111	8	0	8824	8934	18608039	18608149	5.98e-36	161
ptg000006l_rc_rotated	ptg000031l_1_1_1	92.793	111	8	0	9116	9226	18608039	18608149	5.98e-36	161
ptg000006l_rc_rotated	ptg000031l_1_1_1	92.793	111	8	0	9262	9372	18608039	18608149	5.98e-36	161
ptg000006l_rc_rotated	ptg000031l_1_1_1	92.793	111	8	0	9408	9518	18608039	18608149	5.98e-36	161
ptg000006l_rc_rotated	ptg000031l_1_1_1	92.793	111	8	0	9554	9664	18608039	18608149	5.98e-36	161
ptg000006l_rc_rotated	ptg000031l_1_1_1	92.793	111	8	0	9700	9810	18608039	18608149	5.98e-36	161
ptg000006l_rc_rotated	ptg000031l_1_1_1	92.793	111	8	0	9846	9956	18608039	18608149	5.98e-36	161
ptg000006l_rc_rotated	ptg000031l_1_1_1	92.793	111	8	0	9992	10102	18608039	18608149	5.98e-36	161
ptg000006l_rc_rotated	ptg000031l_1_1_1	91.892	111	9	0	8386	8496	18608039	18608149	2.78e-34	156
ptg000006l_rc_rotated	ptg000031l_1_1_1	91.892	111	9	0	8970	9080	18608039	18608149	2.78e-34	156
ptg000006l_rc_rotated	ptg000031l_1_1_1	92.523	107	8	0	10138	10244	18608039	18608145	1.00e-33	154
ptg000006l_rc_rotated	ptg000031l_1_1_1	94.000	100	6	0	8524	8623	18608052	18608151	3.60e-33	152
ptg000006l_rc_rotated	ptg000031l_1_1_1	94.000	100	6	0	8670	8769	18608052	18608151	3.60e-33	152
ptg000006l_rc_rotated	ptg000031l_1_1_1	94.000	100	6	0	9254	9353	18608052	18608151	3.60e-33	152
ptg000006l_rc_rotated	ptg000031l_1_1_1	94.000	100	6	0	9400	9499	18608052	18608151	3.60e-33	152
ptg000006l_rc_rotated	ptg000031l_1_1_1	94.000	100	6	0	9692	9791	18608052	18608151	3.60e-33	152
ptg000006l_rc_rotated	ptg000031l_1_1_1	94.000	100	6	0	9838	9937	18608052	18608151	3.60e-33	152
ptg000006l_rc_rotated	ptg000031l_1_1_1	94.000	100	6	0	10130	10229	18608052	18608151	3.60e-33	152
ptg000006l_rc_rotated	ptg000031l_1_1_1	90.991	111	10	0	8532	8642	18608039	18608149	1.29e-32	150
ptg000006l_rc_rotated	ptg000031l_1_1_1	93.878	98	6	0	8818	8915	18608054	18608151	4.65e-32	148
ptg000006l_rc_rotated	ptg000031l_1_1_1	93.000	100	7	0	8962	9061	18608052	18608151	1.67e-31	147
ptg000006l_rc_rotated	ptg000031l_1_1_1	93.000	100	7	0	9108	9207	18608052	18608151	1.67e-31	147
ptg000006l_rc_rotated	ptg000031l_1_1_1	92.857	98	7	0	8380	8477	18608054	18608151	2.16e-30	143
ptg000006l_rc_rotated	ptg000031l_1_1_1	86.508	126	17	0	17901	18026	9270716	9270841	2.80e-29	139
ptg000006l_rc_rotated	ptg000031l_1_1_1	85.106	141	14	3	5942	6082	14177463	14177596	1.01e-28	137
ptg000006l_rc_rotated	ptg000031l_1_1_1	91.089	101	9	0	8699	8799	18608039	18608139	1.01e-28	137
ptg000006l_rc_rotated	ptg000031l_1_1_1	91.089	101	9	0	8845	8945	18608039	18608139	1.01e-28	137
ptg000006l_rc_rotated	ptg000031l_1_1_1	91.089	101	9	0	9137	9237	18608039	18608139	1.01e-28	137
ptg000006l_rc_rotated	ptg000031l_1_1_1	91.089	101	9	0	9283	9383	18608039	18608139	1.01e-28	137
ptg000006l_rc_rotated	ptg000031l_1_1_1	91.089	101	9	0	9429	9529	18608039	18608139	1.01e-28	137
ptg000006l_rc_rotated	ptg000031l_1_1_1	91.089	101	9	0	9721	9821	18608039	18608139	1.01e-28	137
ptg000006l_rc_rotated	ptg000031l_1_1_1	91.089	101	9	0	9867	9967	18608039	18608139	1.01e-28	137
ptg000006l_rc_rotated	ptg000031l_1_1_1	97.468	79	2	0	9546	9624	18608073	18608151	3.62e-28	135
ptg000006l_rc_rotated	ptg000031l_1_1_1	97.468	79	2	0	9984	10062	18608073	18608151	3.62e-28	135
ptg000006l_rc_rotated	ptg000031l_1_1_1	90.099	101	10	0	8991	9091	18608039	18608139	4.69e-27	132
ptg000006l_rc_rotated	ptg000031l_1_1_1	90.099	101	10	0	9575	9675	18608039	18608139	4.69e-27	132
ptg000006l_rc_rotated	ptg000031l_1_1_1	90.099	101	10	0	10013	10113	18608039	18608139	4.69e-27	132
ptg000006l_rc_rotated	ptg000031l_1_1_1	89.109	101	11	0	8553	8653	18608039	18608139	2.18e-25	126
ptg000006l_rc_rotated	ptg000031l_1_1_1	92.135	89	7	0	8273	8361	18608051	18608139	2.18e-25	126
ptg000006l_rc_rotated	ptg000031l_1_1_1	91.860	86	7	0	10159	10244	18608039	18608124	1.01e-23	121
ptg000006l_rc_rotated	ptg000031l_1_1_1	98.413	63	1	0	18564	18626	20591474	20591412	6.10e-21	111
ptg000006l_rc_rotated	ptg000031l_1_1_1	91.250	80	7	0	8428	8507	18608039	18608118	2.20e-20	110
ptg000006l_rc_rotated	ptg000031l_1_1_1	93.151	73	3	2	4942	5014	26319967	26319897	2.84e-19	106
ptg000006l_rc_rotated	ptg000031l_1_1_1	90.000	80	8	0	8282	8361	18608039	18608118	1.02e-18	104
ptg000006l_rc_rotated	ptg000031l_1_1_1	90.000	80	8	0	8720	8799	18608039	18608118	1.02e-18	104
ptg000006l_rc_rotated	ptg000031l_1_1_1	90.000	80	8	0	8866	8945	18608039	18608118	1.02e-18	104
ptg000006l_rc_rotated	ptg000031l_1_1_1	90.000	80	8	0	9158	9237	18608039	18608118	1.02e-18	104
ptg000006l_rc_rotated	ptg000031l_1_1_1	90.000	80	8	0	9304	9383	18608039	18608118	1.02e-18	104
ptg000006l_rc_rotated	ptg000031l_1_1_1	90.000	80	8	0	9450	9529	18608039	18608118	1.02e-18	104
ptg000006l_rc_rotated	ptg000031l_1_1_1	90.000	80	8	0	9596	9675	18608039	18608118	1.02e-18	104
ptg000006l_rc_rotated	ptg000031l_1_1_1	90.000	80	8	0	9742	9821	18608039	18608118	1.02e-18	104
ptg000006l_rc_rotated	ptg000031l_1_1_1	90.000	80	8	0	9888	9967	18608039	18608118	1.02e-18	104
ptg000006l_rc_rotated	ptg000031l_1_1_1	90.000	80	8	0	10034	10113	18608039	18608118	1.02e-18	104
ptg000006l_rc_rotated	ptg000031l_1_1_1	94.118	68	4	0	7792	7859	21370196	21370129	1.02e-18	104
ptg000006l_rc_rotated	ptg000031l_1_1_1	100.000	56	0	0	8623	8678	23859986	23859931	1.02e-18	104
ptg000006l_rc_rotated	ptg000031l_1_1_1	89.024	82	9	0	1509	1590	22430197	22430278	3.67e-18	102
ptg000006l_rc_rotated	ptg000031l_1_1_1	98.214	56	1	0	10083	10138	23859986	23859931	4.75e-17	99.0
ptg000006l_rc_rotated	ptg000031l_1_1_1	98.214	56	1	0	9937	9992	23859986	23859931	4.75e-17	99.0
ptg000006l_rc_rotated	ptg000031l_1_1_1	98.214	56	1	0	9791	9846	23859986	23859931	4.75e-17	99.0
ptg000006l_rc_rotated	ptg000031l_1_1_1	98.214	56	1	0	9645	9700	23859986	23859931	4.75e-17	99.0
ptg000006l_rc_rotated	ptg000031l_1_1_1	98.214	56	1	0	9499	9554	23859986	23859931	4.75e-17	99.0
ptg000006l_rc_rotated	ptg000031l_1_1_1	98.214	56	1	0	9353	9408	23859986	23859931	4.75e-17	99.0
ptg000006l_rc_rotated	ptg000031l_1_1_1	98.214	56	1	0	9207	9262	23859986	23859931	4.75e-17	99.0
ptg000006l_rc_rotated	ptg000031l_1_1_1	98.214	56	1	0	8915	8970	23859986	23859931	4.75e-17	99.0
ptg000006l_rc_rotated	ptg000031l_1_1_1	96.552	58	2	0	9546	9603	18608094	18608151	1.71e-16	97.1
ptg000006l_rc_rotated	ptg000031l_1_1_1	96.552	58	2	0	9984	10041	18608094	18608151	1.71e-16	97.1
ptg000006l_rc_rotated	ptg000031l_1_1_1	98.148	54	1	0	9061	9114	23859986	23859933	6.15e-16	95.3
ptg000006l_rc_rotated	ptg000031l_1_1_1	98.113	53	1	0	18377	18429	20768341	20768289	2.21e-15	93.5
ptg000006l_rc_rotated	ptg000031l_1_1_1	96.429	56	2	0	8769	8824	23859986	23859931	2.21e-15	93.5
ptg000006l_rc_rotated	ptg000031l_1_1_1	96.429	56	2	0	8477	8532	23859986	23859931	2.21e-15	93.5
ptg000006l_rc_rotated	ptg000031l_1_1_1	96.429	56	2	0	8331	8386	23859986	23859931	2.21e-15	93.5
ptg000006l_rc_rotated	ptg000031l_1_1_1	88.158	76	9	0	1041	1116	6780252	6780177	7.95e-15	91.6
ptg000006l_rc_rotated	ptg000031l_1_1_1	90.769	65	6	0	10180	10244	18608039	18608103	1.03e-13	87.9
ptg000006l_rc_rotated	ptg000031l_1_1_1	96.154	52	2	0	8321	8372	16901812	16901863	3.70e-13	86.1
ptg000006l_rc_rotated	ptg000031l_1_1_1	96.154	52	2	0	8467	8518	16901812	16901863	3.70e-13	86.1
ptg000006l_rc_rotated	ptg000031l_1_1_1	96.154	52	2	0	8759	8810	16901812	16901863	3.70e-13	86.1
ptg000006l_rc_rotated	ptg000031l_1_1_1	96.154	52	2	0	8905	8956	16901812	16901863	3.70e-13	86.1
ptg000006l_rc_rotated	ptg000031l_1_1_1	96.154	52	2	0	9197	9248	16901812	16901863	3.70e-13	86.1
ptg000006l_rc_rotated	ptg000031l_1_1_1	96.154	52	2	0	9343	9394	16901812	16901863	3.70e-13	86.1
ptg000006l_rc_rotated	ptg000031l_1_1_1	96.154	52	2	0	9489	9540	16901812	16901863	3.70e-13	86.1
ptg000006l_rc_rotated	ptg000031l_1_1_1	96.154	52	2	0	9635	9686	16901812	16901863	3.70e-13	86.1
ptg000006l_rc_rotated	ptg000031l_1_1_1	96.154	52	2	0	9781	9832	16901812	16901863	3.70e-13	86.1
ptg000006l_rc_rotated	ptg000031l_1_1_1	96.154	52	2	0	9927	9978	16901812	16901863	3.70e-13	86.1
ptg000006l_rc_rotated	ptg000031l_1_1_1	96.154	52	2	0	10073	10124	16901812	16901863	3.70e-13	86.1
ptg000006l_rc_rotated	ptg000031l_1_1_1	97.917	48	1	0	7942	7989	21370196	21370149	1.33e-12	84.2
ptg000006l_rc_rotated	ptg000031l_1_1_1	97.917	48	1	0	7587	7634	21370196	21370149	1.33e-12	84.2
ptg000006l_rc_rotated	ptg000031l_1_1_1	97.917	48	1	0	6407	6454	21370196	21370149	1.33e-12	84.2
ptg000006l_rc_rotated	ptg000031l_1_1_1	90.323	62	6	0	4009	4070	11022416	11022355	4.79e-12	82.4
ptg000006l_rc_rotated	ptg000031l_1_1_1	94.444	54	2	1	3233	3286	12256513	12256565	4.79e-12	82.4
ptg000006l_rc_rotated	ptg000031l_1_1_1	96.000	50	2	0	9053	9102	16901814	16901863	4.79e-12	82.4
ptg000006l_rc_rotated	ptg000031l_1_1_1	87.879	66	7	1	2664	2728	7166701	7166636	2.23e-10	76.8
ptg000006l_rc_rotated	ptg000031l_1_1_1	100.000	41	0	0	8413	8453	17990534	17990574	2.23e-10	76.8
ptg000006l_rc_rotated	ptg000031l_1_1_1	100.000	41	0	0	8580	8620	17990534	17990574	2.23e-10	76.8
ptg000006l_rc_rotated	ptg000031l_1_1_1	100.000	41	0	0	9018	9058	17990534	17990574	2.23e-10	76.8
ptg000006l_rc_rotated	ptg000031l_1_1_1	84.211	76	10	2	8587	8661	1785682	1785756	2.88e-09	73.1
ptg000006l_rc_rotated	ptg000031l_1_1_1	87.302	63	8	0	8309	8371	17990534	17990596	2.88e-09	73.1
ptg000006l_rc_rotated	ptg000031l_1_1_1	87.302	63	8	0	8455	8517	17990534	17990596	2.88e-09	73.1
ptg000006l_rc_rotated	ptg000031l_1_1_1	87.302	63	8	0	8747	8809	17990534	17990596	2.88e-09	73.1
ptg000006l_rc_rotated	ptg000031l_1_1_1	87.302	63	8	0	8893	8955	17990534	17990596	2.88e-09	73.1
ptg000006l_rc_rotated	ptg000031l_1_1_1	87.302	63	8	0	9185	9247	17990534	17990596	2.88e-09	73.1
ptg000006l_rc_rotated	ptg000031l_1_1_1	87.302	63	8	0	9331	9393	17990534	17990596	2.88e-09	73.1
ptg000006l_rc_rotated	ptg000031l_1_1_1	87.302	63	8	0	9477	9539	17990534	17990596	2.88e-09	73.1
ptg000006l_rc_rotated	ptg000031l_1_1_1	87.302	63	8	0	9623	9685	17990534	17990596	2.88e-09	73.1
ptg000006l_rc_rotated	ptg000031l_1_1_1	87.302	63	8	0	9769	9831	17990534	17990596	2.88e-09	73.1
ptg000006l_rc_rotated	ptg000031l_1_1_1	87.302	63	8	0	9915	9977	17990534	17990596	2.88e-09	73.1
ptg000006l_rc_rotated	ptg000031l_1_1_1	87.302	63	8	0	10061	10123	17990534	17990596	2.88e-09	73.1
ptg000006l_rc_rotated	ptg000031l_1_1_1	97.561	41	1	0	9551	9591	16901812	16901852	1.04e-08	71.3
ptg000006l_rc_rotated	ptg000031l_1_1_1	97.561	41	1	0	9989	10029	16901812	16901852	1.04e-08	71.3
ptg000006l_rc_rotated	ptg000031l_1_1_1	97.561	41	1	0	8288	8328	17990534	17990574	1.04e-08	71.3
ptg000006l_rc_rotated	ptg000031l_1_1_1	97.561	41	1	0	8392	8432	17990534	17990574	1.04e-08	71.3
ptg000006l_rc_rotated	ptg000031l_1_1_1	97.561	41	1	0	8538	8578	17990534	17990574	1.04e-08	71.3
ptg000006l_rc_rotated	ptg000031l_1_1_1	97.561	41	1	0	8559	8599	17990534	17990574	1.04e-08	71.3
ptg000006l_rc_rotated	ptg000031l_1_1_1	97.561	41	1	0	8684	8724	17990534	17990574	1.04e-08	71.3
ptg000006l_rc_rotated	ptg000031l_1_1_1	97.561	41	1	0	8705	8745	17990534	17990574	1.04e-08	71.3
ptg000006l_rc_rotated	ptg000031l_1_1_1	97.561	41	1	0	8726	8766	17990534	17990574	1.04e-08	71.3
ptg000006l_rc_rotated	ptg000031l_1_1_1	97.561	41	1	0	8830	8870	17990534	17990574	1.04e-08	71.3
ptg000006l_rc_rotated	ptg000031l_1_1_1	97.561	41	1	0	8851	8891	17990534	17990574	1.04e-08	71.3
ptg000006l_rc_rotated	ptg000031l_1_1_1	97.561	41	1	0	8872	8912	17990534	17990574	1.04e-08	71.3
ptg000006l_rc_rotated	ptg000031l_1_1_1	97.561	41	1	0	8976	9016	17990534	17990574	1.04e-08	71.3
ptg000006l_rc_rotated	ptg000031l_1_1_1	97.561	41	1	0	8997	9037	17990534	17990574	1.04e-08	71.3
ptg000006l_rc_rotated	ptg000031l_1_1_1	97.561	41	1	0	9122	9162	17990534	17990574	1.04e-08	71.3
ptg000006l_rc_rotated	ptg000031l_1_1_1	97.561	41	1	0	9143	9183	17990534	17990574	1.04e-08	71.3
ptg000006l_rc_rotated	ptg000031l_1_1_1	97.561	41	1	0	9164	9204	17990534	17990574	1.04e-08	71.3
ptg000006l_rc_rotated	ptg000031l_1_1_1	97.561	41	1	0	9268	9308	17990534	17990574	1.04e-08	71.3
ptg000006l_rc_rotated	ptg000031l_1_1_1	97.561	41	1	0	9289	9329	17990534	17990574	1.04e-08	71.3
ptg000006l_rc_rotated	ptg000031l_1_1_1	97.561	41	1	0	9310	9350	17990534	17990574	1.04e-08	71.3
ptg000006l_rc_rotated	ptg000031l_1_1_1	97.561	41	1	0	9414	9454	17990534	17990574	1.04e-08	71.3
ptg000006l_rc_rotated	ptg000031l_1_1_1	97.561	41	1	0	9435	9475	17990534	17990574	1.04e-08	71.3
ptg000006l_rc_rotated	ptg000031l_1_1_1	97.561	41	1	0	9456	9496	17990534	17990574	1.04e-08	71.3
ptg000006l_rc_rotated	ptg000031l_1_1_1	97.561	41	1	0	9602	9642	17990534	17990574	1.04e-08	71.3
ptg000006l_rc_rotated	ptg000031l_1_1_1	97.561	41	1	0	9706	9746	17990534	17990574	1.04e-08	71.3
ptg000006l_rc_rotated	ptg000031l_1_1_1	97.561	41	1	0	9727	9767	17990534	17990574	1.04e-08	71.3
ptg000006l_rc_rotated	ptg000031l_1_1_1	97.561	41	1	0	9748	9788	17990534	17990574	1.04e-08	71.3
ptg000006l_rc_rotated	ptg000031l_1_1_1	97.561	41	1	0	9852	9892	17990534	17990574	1.04e-08	71.3
ptg000006l_rc_rotated	ptg000031l_1_1_1	97.561	41	1	0	9873	9913	17990534	17990574	1.04e-08	71.3
ptg000006l_rc_rotated	ptg000031l_1_1_1	97.561	41	1	0	9894	9934	17990534	17990574	1.04e-08	71.3
ptg000006l_rc_rotated	ptg000031l_1_1_1	97.561	41	1	0	10040	10080	17990534	17990574	1.04e-08	71.3
ptg000006l_rc_rotated	ptg000031l_1_1_1	97.561	41	1	0	10144	10184	17990534	17990574	1.04e-08	71.3
ptg000006l_rc_rotated	ptg000031l_1_1_1	82.895	76	11	2	9025	9099	1785682	1785756	1.34e-07	67.6
ptg000006l_rc_rotated	ptg000031l_1_1_1	95.238	42	1	1	8420	8461	1785682	1785722	4.82e-07	65.8
ptg000006l_rc_rotated	ptg000031l_1_1_1	95.122	41	2	0	8279	8319	16901812	16901852	4.82e-07	65.8
ptg000006l_rc_rotated	ptg000031l_1_1_1	95.122	41	2	0	8300	8340	16901812	16901852	4.82e-07	65.8
ptg000006l_rc_rotated	ptg000031l_1_1_1	95.122	41	2	0	8383	8423	16901812	16901852	4.82e-07	65.8
ptg000006l_rc_rotated	ptg000031l_1_1_1	95.122	41	2	0	8404	8444	16901812	16901852	4.82e-07	65.8
ptg000006l_rc_rotated	ptg000031l_1_1_1	95.122	41	2	0	8550	8590	16901812	16901852	4.82e-07	65.8
ptg000006l_rc_rotated	ptg000031l_1_1_1	95.122	41	2	0	8571	8611	16901812	16901852	4.82e-07	65.8
ptg000006l_rc_rotated	ptg000031l_1_1_1	95.122	41	2	0	8675	8715	16901812	16901852	4.82e-07	65.8
ptg000006l_rc_rotated	ptg000031l_1_1_1	95.122	41	2	0	8696	8736	16901812	16901852	4.82e-07	65.8
ptg000006l_rc_rotated	ptg000031l_1_1_1	95.122	41	2	0	8717	8757	16901812	16901852	4.82e-07	65.8
ptg000006l_rc_rotated	ptg000031l_1_1_1	95.122	41	2	0	8738	8778	16901812	16901852	4.82e-07	65.8
ptg000006l_rc_rotated	ptg000031l_1_1_1	95.122	41	2	0	8821	8861	16901812	16901852	4.82e-07	65.8
ptg000006l_rc_rotated	ptg000031l_1_1_1	95.122	41	2	0	8842	8882	16901812	16901852	4.82e-07	65.8
ptg000006l_rc_rotated	ptg000031l_1_1_1	95.122	41	2	0	8863	8903	16901812	16901852	4.82e-07	65.8
ptg000006l_rc_rotated	ptg000031l_1_1_1	95.122	41	2	0	8884	8924	16901812	16901852	4.82e-07	65.8
ptg000006l_rc_rotated	ptg000031l_1_1_1	95.122	41	2	0	8967	9007	16901812	16901852	4.82e-07	65.8
ptg000006l_rc_rotated	ptg000031l_1_1_1	95.122	41	2	0	8988	9028	16901812	16901852	4.82e-07	65.8
ptg000006l_rc_rotated	ptg000031l_1_1_1	95.122	41	2	0	9009	9049	16901812	16901852	4.82e-07	65.8
ptg000006l_rc_rotated	ptg000031l_1_1_1	95.122	41	2	0	9134	9174	16901812	16901852	4.82e-07	65.8
ptg000006l_rc_rotated	ptg000031l_1_1_1	95.122	41	2	0	9155	9195	16901812	16901852	4.82e-07	65.8
ptg000006l_rc_rotated	ptg000031l_1_1_1	95.122	41	2	0	9176	9216	16901812	16901852	4.82e-07	65.8
ptg000006l_rc_rotated	ptg000031l_1_1_1	95.122	41	2	0	9259	9299	16901812	16901852	4.82e-07	65.8
ptg000006l_rc_rotated	ptg000031l_1_1_1	95.122	41	2	0	9280	9320	16901812	16901852	4.82e-07	65.8
ptg000006l_rc_rotated	ptg000031l_1_1_1	95.122	41	2	0	9301	9341	16901812	16901852	4.82e-07	65.8
ptg000006l_rc_rotated	ptg000031l_1_1_1	95.122	41	2	0	9322	9362	16901812	16901852	4.82e-07	65.8
ptg000006l_rc_rotated	ptg000031l_1_1_1	95.122	41	2	0	9405	9445	16901812	16901852	4.82e-07	65.8
ptg000006l_rc_rotated	ptg000031l_1_1_1	95.122	41	2	0	9426	9466	16901812	16901852	4.82e-07	65.8
ptg000006l_rc_rotated	ptg000031l_1_1_1	95.122	41	2	0	9447	9487	16901812	16901852	4.82e-07	65.8
ptg000006l_rc_rotated	ptg000031l_1_1_1	95.122	41	2	0	9468	9508	16901812	16901852	4.82e-07	65.8
ptg000006l_rc_rotated	ptg000031l_1_1_1	95.122	41	2	0	9593	9633	16901812	16901852	4.82e-07	65.8
ptg000006l_rc_rotated	ptg000031l_1_1_1	95.122	41	2	0	9614	9654	16901812	16901852	4.82e-07	65.8
ptg000006l_rc_rotated	ptg000031l_1_1_1	95.122	41	2	0	9697	9737	16901812	16901852	4.82e-07	65.8
ptg000006l_rc_rotated	ptg000031l_1_1_1	95.122	41	2	0	9718	9758	16901812	16901852	4.82e-07	65.8
ptg000006l_rc_rotated	ptg000031l_1_1_1	95.122	41	2	0	9739	9779	16901812	16901852	4.82e-07	65.8
ptg000006l_rc_rotated	ptg000031l_1_1_1	95.122	41	2	0	9760	9800	16901812	16901852	4.82e-07	65.8
ptg000006l_rc_rotated	ptg000031l_1_1_1	95.122	41	2	0	9843	9883	16901812	16901852	4.82e-07	65.8
ptg000006l_rc_rotated	ptg000031l_1_1_1	95.122	41	2	0	9864	9904	16901812	16901852	4.82e-07	65.8
ptg000006l_rc_rotated	ptg000031l_1_1_1	95.122	41	2	0	9885	9925	16901812	16901852	4.82e-07	65.8
ptg000006l_rc_rotated	ptg000031l_1_1_1	95.122	41	2	0	9906	9946	16901812	16901852	4.82e-07	65.8
ptg000006l_rc_rotated	ptg000031l_1_1_1	95.122	41	2	0	10031	10071	16901812	16901852	4.82e-07	65.8
ptg000006l_rc_rotated	ptg000031l_1_1_1	95.122	41	2	0	10052	10092	16901812	16901852	4.82e-07	65.8
ptg000006l_rc_rotated	ptg000031l_1_1_1	95.122	41	2	0	10135	10175	16901812	16901852	4.82e-07	65.8
ptg000006l_rc_rotated	ptg000031l_1_1_1	95.122	41	2	0	10156	10196	16901812	16901852	4.82e-07	65.8
ptg000006l_rc_rotated	ptg000031l_1_1_1	95.122	41	2	0	10177	10217	16901812	16901852	4.82e-07	65.8
ptg000006l_rc_rotated	ptg000031l_1_1_1	95.122	41	2	0	10198	10238	16901812	16901852	4.82e-07	65.8
ptg000006l_rc_rotated	ptg000031l_1_1_1	95.122	41	2	0	9581	9621	17990534	17990574	4.82e-07	65.8
ptg000006l_rc_rotated	ptg000031l_1_1_1	95.122	41	2	0	10019	10059	17990534	17990574	4.82e-07	65.8
ptg000006l_rc_rotated	ptg000031l_1_1_1	79.775	89	16	2	8669	8757	1785681	1785767	1.73e-06	63.9
ptg000006l_rc_rotated	ptg000031l_1_1_1	79.775	89	16	2	8961	9049	1785681	1785767	1.73e-06	63.9
ptg000006l_rc_rotated	ptg000031l_1_1_1	79.775	89	16	2	9253	9341	1785681	1785767	1.73e-06	63.9
ptg000006l_rc_rotated	ptg000031l_1_1_1	79.775	89	16	2	9399	9487	1785681	1785767	1.73e-06	63.9
ptg000006l_rc_rotated	ptg000031l_1_1_1	79.775	89	16	2	9545	9633	1785681	1785767	1.73e-06	63.9
ptg000006l_rc_rotated	ptg000031l_1_1_1	79.775	89	16	2	9691	9779	1785681	1785767	1.73e-06	63.9
ptg000006l_rc_rotated	ptg000031l_1_1_1	79.775	89	16	2	9837	9925	1785681	1785767	1.73e-06	63.9
ptg000006l_rc_rotated	ptg000031l_1_1_1	79.775	89	16	2	9983	10071	1785681	1785767	1.73e-06	63.9
ptg000006l_rc_rotated	ptg000031l_1_1_1	79.775	89	16	2	10129	10217	1785681	1785767	1.73e-06	63.9
ptg000006l_rc_rotated	ptg000031l_1_1_1	100.000	34	0	0	10165	10198	17990534	17990567	1.73e-06	63.9
ptg000006l_rc_rotated	ptg000031l_1_1_1	94.872	39	2	0	8448	8486	16901814	16901852	6.24e-06	62.1
ptg000006l_rc_rotated	ptg000031l_1_1_1	94.872	39	2	0	8531	8569	16901814	16901852	6.24e-06	62.1
ptg000006l_rc_rotated	ptg000031l_1_1_1	92.500	40	3	0	14895	14934	1019745	1019784	8.07e-05	58.4
ptg000006l_rc_rotated	ptg000031l_1_1_1	96.875	32	1	0	9027	9058	21020845	21020814	0.001	54.7
ptg000006l_rc_rotated	ptg000031l_1_1_1	96.875	32	1	0	8589	8620	21020845	21020814	0.001	54.7
ptg000006l_rc_rotated	ptg000031l_1_1_1	96.875	32	1	0	8422	8453	21020845	21020814	0.001	54.7
ptg000006l_rc_rotated	ptg000015l_1_1_1	90.909	187	16	1	9908	10094	4982503	4982318	1.24e-62	250
ptg000006l_rc_rotated	ptg000015l_1_1_1	90.909	187	16	1	9845	10031	4982503	4982318	1.24e-62	250
ptg000006l_rc_rotated	ptg000015l_1_1_1	90.909	187	16	1	9470	9656	4982503	4982318	1.24e-62	250
ptg000006l_rc_rotated	ptg000015l_1_1_1	90.909	187	16	1	9407	9593	4982503	4982318	1.24e-62	250
ptg000006l_rc_rotated	ptg000015l_1_1_1	90.374	187	17	1	10054	10240	4982503	4982318	5.77e-61	244
ptg000006l_rc_rotated	ptg000015l_1_1_1	90.374	187	17	1	9762	9948	4982503	4982318	5.77e-61	244
ptg000006l_rc_rotated	ptg000015l_1_1_1	90.374	187	17	1	9699	9885	4982503	4982318	5.77e-61	244
ptg000006l_rc_rotated	ptg000015l_1_1_1	90.374	187	17	1	9616	9802	4982503	4982318	5.77e-61	244
ptg000006l_rc_rotated	ptg000015l_1_1_1	90.374	187	17	1	9324	9510	4982503	4982318	5.77e-61	244
ptg000006l_rc_rotated	ptg000015l_1_1_1	90.374	187	17	1	9261	9447	4982503	4982318	5.77e-61	244
ptg000006l_rc_rotated	ptg000015l_1_1_1	90.374	187	17	1	9178	9364	4982503	4982318	5.77e-61	244
ptg000006l_rc_rotated	ptg000015l_1_1_1	90.374	187	17	1	8823	9009	4982503	4982318	5.77e-61	244
ptg000006l_rc_rotated	ptg000015l_1_1_1	90.374	187	17	1	8385	8571	4982503	4982318	5.77e-61	244
ptg000006l_rc_rotated	ptg000015l_1_1_1	90.323	186	17	1	9116	9301	4982502	4982318	2.07e-60	243
ptg000006l_rc_rotated	ptg000015l_1_1_1	89.175	194	19	2	8447	8640	4982504	4982313	7.46e-60	241
ptg000006l_rc_rotated	ptg000015l_1_1_1	89.840	187	18	1	9991	10177	4982503	4982318	2.68e-59	239
ptg000006l_rc_rotated	ptg000015l_1_1_1	89.840	187	18	1	9553	9739	4982503	4982318	2.68e-59	239
ptg000006l_rc_rotated	ptg000015l_1_1_1	89.840	187	18	1	8886	9072	4982503	4982318	2.68e-59	239
ptg000006l_rc_rotated	ptg000015l_1_1_1	89.840	187	18	1	8740	8926	4982503	4982318	2.68e-59	239
ptg000006l_rc_rotated	ptg000015l_1_1_1	89.840	187	18	1	8677	8863	4982503	4982318	2.68e-59	239
ptg000006l_rc_rotated	ptg000015l_1_1_1	89.362	188	19	1	8530	8717	4982504	4982318	3.47e-58	235
ptg000006l_rc_rotated	ptg000015l_1_1_1	89.305	187	19	1	9032	9218	4982503	4982318	1.25e-57	233
ptg000006l_rc_rotated	ptg000015l_1_1_1	89.305	187	19	1	8969	9155	4982503	4982318	1.25e-57	233
ptg000006l_rc_rotated	ptg000015l_1_1_1	89.305	187	19	1	8594	8780	4982503	4982318	1.25e-57	233
ptg000006l_rc_rotated	ptg000015l_1_1_1	89.305	187	19	1	8302	8488	4982503	4982318	1.25e-57	233
ptg000006l_rc_rotated	ptg000015l_1_1_1	87.437	199	22	3	2441	2638	4254767	4254571	2.09e-55	226
ptg000006l_rc_rotated	ptg000015l_1_1_1	88.298	188	19	3	8990	9176	4982503	4982318	2.70e-54	222
ptg000006l_rc_rotated	ptg000015l_1_1_1	86.869	198	23	3	2367	2563	6103151	6102956	3.50e-53	219
ptg000006l_rc_rotated	ptg000015l_1_1_1	87.766	188	20	3	9720	9906	4982503	4982318	1.26e-52	217
ptg000006l_rc_rotated	ptg000015l_1_1_1	87.766	188	20	3	9282	9468	4982503	4982318	1.26e-52	217
ptg000006l_rc_rotated	ptg000015l_1_1_1	87.766	188	20	3	9136	9322	4982503	4982318	1.26e-52	217
ptg000006l_rc_rotated	ptg000015l_1_1_1	87.766	188	20	3	8844	9030	4982503	4982318	1.26e-52	217
ptg000006l_rc_rotated	ptg000015l_1_1_1	87.766	188	20	3	8552	8738	4982503	4982318	1.26e-52	217
ptg000006l_rc_rotated	ptg000015l_1_1_1	87.766	188	20	3	8406	8592	4982503	4982318	1.26e-52	217
ptg000006l_rc_rotated	ptg000015l_1_1_1	86.598	194	23	3	9052	9244	4982504	4982313	5.85e-51	211
ptg000006l_rc_rotated	ptg000015l_1_1_1	87.234	188	21	3	10012	10198	4982503	4982318	5.85e-51	211
ptg000006l_rc_rotated	ptg000015l_1_1_1	87.234	188	21	3	9866	10052	4982503	4982318	5.85e-51	211
ptg000006l_rc_rotated	ptg000015l_1_1_1	87.234	188	21	3	9574	9760	4982503	4982318	5.85e-51	211
ptg000006l_rc_rotated	ptg000015l_1_1_1	87.234	188	21	3	9428	9614	4982503	4982318	5.85e-51	211
ptg000006l_rc_rotated	ptg000015l_1_1_1	87.234	188	21	3	8698	8884	4982503	4982318	5.85e-51	211
ptg000006l_rc_rotated	ptg000015l_1_1_1	86.528	193	23	3	9783	9974	4982503	4982313	2.10e-50	209
ptg000006l_rc_rotated	ptg000015l_1_1_1	86.528	193	23	3	9637	9828	4982503	4982313	2.10e-50	209
ptg000006l_rc_rotated	ptg000015l_1_1_1	86.528	193	23	3	9345	9536	4982503	4982313	2.10e-50	209
ptg000006l_rc_rotated	ptg000015l_1_1_1	86.528	193	23	3	9199	9390	4982503	4982313	2.10e-50	209
ptg000006l_rc_rotated	ptg000015l_1_1_1	86.528	193	23	3	8323	8514	4982503	4982313	2.10e-50	209
ptg000006l_rc_rotated	ptg000015l_1_1_1	86.082	194	24	3	8614	8806	4982504	4982313	2.72e-49	206
ptg000006l_rc_rotated	ptg000015l_1_1_1	86.082	194	23	4	8865	9057	4982503	4982313	2.72e-49	206
ptg000006l_rc_rotated	ptg000015l_1_1_1	95.312	128	6	0	8672	8799	4921603	4921730	9.79e-49	204
ptg000006l_rc_rotated	ptg000015l_1_1_1	95.312	128	6	0	8818	8945	4921603	4921730	9.79e-49	204
ptg000006l_rc_rotated	ptg000015l_1_1_1	95.312	128	6	0	9110	9237	4921603	4921730	9.79e-49	204
ptg000006l_rc_rotated	ptg000015l_1_1_1	95.312	128	6	0	9256	9383	4921603	4921730	9.79e-49	204
ptg000006l_rc_rotated	ptg000015l_1_1_1	95.312	128	6	0	9402	9529	4921603	4921730	9.79e-49	204
ptg000006l_rc_rotated	ptg000015l_1_1_1	95.312	128	6	0	9694	9821	4921603	4921730	9.79e-49	204
ptg000006l_rc_rotated	ptg000015l_1_1_1	95.312	128	6	0	9840	9967	4921603	4921730	9.79e-49	204
ptg000006l_rc_rotated	ptg000015l_1_1_1	86.010	193	24	3	9929	10120	4982503	4982313	9.79e-49	204
ptg000006l_rc_rotated	ptg000015l_1_1_1	86.010	193	24	3	9491	9682	4982503	4982313	9.79e-49	204
ptg000006l_rc_rotated	ptg000015l_1_1_1	86.010	193	24	3	8907	9098	4982503	4982313	9.79e-49	204
ptg000006l_rc_rotated	ptg000015l_1_1_1	86.010	193	24	3	8761	8952	4982503	4982313	9.79e-49	204
ptg000006l_rc_rotated	ptg000015l_1_1_1	86.010	193	24	3	8469	8660	4982503	4982313	9.79e-49	204
ptg000006l_rc_rotated	ptg000015l_1_1_1	86.170	188	23	3	10033	10219	4982503	4982318	1.27e-47	200
ptg000006l_rc_rotated	ptg000015l_1_1_1	86.170	188	23	3	9741	9927	4982503	4982318	1.27e-47	200
ptg000006l_rc_rotated	ptg000015l_1_1_1	86.170	188	23	3	9595	9781	4982503	4982318	1.27e-47	200
ptg000006l_rc_rotated	ptg000015l_1_1_1	86.170	188	23	3	9303	9489	4982503	4982318	1.27e-47	200
ptg000006l_rc_rotated	ptg000015l_1_1_1	86.170	188	23	3	9157	9343	4982503	4982318	1.27e-47	200
ptg000006l_rc_rotated	ptg000015l_1_1_1	86.170	188	23	3	8573	8759	4982503	4982318	1.27e-47	200
ptg000006l_rc_rotated	ptg000015l_1_1_1	94.531	128	7	0	8380	8507	4921603	4921730	4.55e-47	198
ptg000006l_rc_rotated	ptg000015l_1_1_1	94.531	128	7	0	8964	9091	4921603	4921730	4.55e-47	198
ptg000006l_rc_rotated	ptg000015l_1_1_1	94.531	128	7	0	9548	9675	4921603	4921730	4.55e-47	198
ptg000006l_rc_rotated	ptg000015l_1_1_1	94.531	128	7	0	9986	10113	4921603	4921730	4.55e-47	198
ptg000006l_rc_rotated	ptg000015l_1_1_1	96.639	119	4	0	8670	8788	4921622	4921740	4.55e-47	198
ptg000006l_rc_rotated	ptg000015l_1_1_1	96.639	119	4	0	9254	9372	4921622	4921740	4.55e-47	198
ptg000006l_rc_rotated	ptg000015l_1_1_1	96.639	119	4	0	9400	9518	4921622	4921740	4.55e-47	198
ptg000006l_rc_rotated	ptg000015l_1_1_1	96.639	119	4	0	9692	9810	4921622	4921740	4.55e-47	198
ptg000006l_rc_rotated	ptg000015l_1_1_1	96.639	119	4	0	9838	9956	4921622	4921740	4.55e-47	198
ptg000006l_rc_rotated	ptg000015l_1_1_1	86.339	183	21	4	8271	8452	4982492	4982313	1.64e-46	196
ptg000006l_rc_rotated	ptg000015l_1_1_1	96.581	117	4	0	8818	8934	4921624	4921740	5.89e-46	195
ptg000006l_rc_rotated	ptg000015l_1_1_1	85.052	194	25	4	8427	8619	4982503	4982313	5.89e-46	195
ptg000006l_rc_rotated	ptg000015l_1_1_1	85.638	188	24	3	9887	10073	4982503	4982318	5.89e-46	195
ptg000006l_rc_rotated	ptg000015l_1_1_1	85.638	188	24	3	9449	9635	4982503	4982318	5.89e-46	195
ptg000006l_rc_rotated	ptg000015l_1_1_1	85.638	188	24	3	8719	8905	4982503	4982318	5.89e-46	195
ptg000006l_rc_rotated	ptg000015l_1_1_1	97.345	113	3	0	10132	10244	4921603	4921715	2.12e-45	193
ptg000006l_rc_rotated	ptg000015l_1_1_1	95.798	119	5	0	8524	8642	4921622	4921740	2.12e-45	193
ptg000006l_rc_rotated	ptg000015l_1_1_1	95.798	119	5	0	8962	9080	4921622	4921740	2.12e-45	193
ptg000006l_rc_rotated	ptg000015l_1_1_1	95.798	119	5	0	9108	9226	4921622	4921740	2.12e-45	193
ptg000006l_rc_rotated	ptg000015l_1_1_1	95.798	119	5	0	9546	9664	4921622	4921740	2.12e-45	193
ptg000006l_rc_rotated	ptg000015l_1_1_1	95.798	119	5	0	9984	10102	4921622	4921740	2.12e-45	193
ptg000006l_rc_rotated	ptg000015l_1_1_1	96.522	115	4	0	10130	10244	4921622	4921736	7.62e-45	191
ptg000006l_rc_rotated	ptg000015l_1_1_1	87.135	171	19	3	10075	10244	4982503	4982335	7.62e-45	191
ptg000006l_rc_rotated	ptg000015l_1_1_1	95.726	117	5	0	8380	8496	4921624	4921740	2.74e-44	189
ptg000006l_rc_rotated	ptg000015l_1_1_1	85.106	188	25	3	8281	8467	4982503	4982318	2.74e-44	189
ptg000006l_rc_rotated	ptg000015l_1_1_1	92.969	128	9	0	8526	8653	4921603	4921730	9.86e-44	187
ptg000006l_rc_rotated	ptg000015l_1_1_1	98.095	105	2	0	8524	8628	4921643	4921747	1.28e-42	183
ptg000006l_rc_rotated	ptg000015l_1_1_1	85.632	174	22	3	9984	10156	4982489	4982318	1.65e-41	180
ptg000006l_rc_rotated	ptg000015l_1_1_1	85.632	174	22	3	9546	9718	4982489	4982318	1.65e-41	180
ptg000006l_rc_rotated	ptg000015l_1_1_1	87.742	155	18	1	8271	8425	4982471	4982318	1.65e-41	180
ptg000006l_rc_rotated	ptg000015l_1_1_1	97.143	105	3	0	8962	9066	4921643	4921747	5.93e-41	178
ptg000006l_rc_rotated	ptg000015l_1_1_1	85.057	174	23	3	9692	9864	4982489	4982318	7.68e-40	174
ptg000006l_rc_rotated	ptg000015l_1_1_1	85.057	174	23	3	9254	9426	4982489	4982318	7.68e-40	174
ptg000006l_rc_rotated	ptg000015l_1_1_1	88.276	145	16	1	8401	8544	4921603	4921747	2.76e-39	172
ptg000006l_rc_rotated	ptg000015l_1_1_1	96.190	105	4	0	8670	8774	4921643	4921747	2.76e-39	172
ptg000006l_rc_rotated	ptg000015l_1_1_1	96.190	105	4	0	9254	9358	4921643	4921747	2.76e-39	172
ptg000006l_rc_rotated	ptg000015l_1_1_1	96.190	105	4	0	9400	9504	4921643	4921747	2.76e-39	172
ptg000006l_rc_rotated	ptg000015l_1_1_1	96.190	105	4	0	9692	9796	4921643	4921747	2.76e-39	172
ptg000006l_rc_rotated	ptg000015l_1_1_1	96.190	105	4	0	9838	9942	4921643	4921747	2.76e-39	172
ptg000006l_rc_rotated	ptg000015l_1_1_1	96.190	105	4	0	10130	10234	4921643	4921747	2.76e-39	172
ptg000006l_rc_rotated	ptg000015l_1_1_1	90.769	130	10	2	8962	9091	4982468	4982341	2.76e-39	172
ptg000006l_rc_rotated	ptg000015l_1_1_1	84.884	172	23	3	8818	8988	4982487	4982318	9.93e-39	171
ptg000006l_rc_rotated	ptg000015l_1_1_1	95.370	108	4	1	10137	10244	4982503	4982397	9.93e-39	171
ptg000006l_rc_rotated	ptg000015l_1_1_1	96.117	103	4	0	8818	8920	4921645	4921747	3.57e-38	169
ptg000006l_rc_rotated	ptg000015l_1_1_1	84.483	174	24	3	9108	9280	4982489	4982318	3.57e-38	169
ptg000006l_rc_rotated	ptg000015l_1_1_1	84.483	174	24	3	8670	8842	4982489	4982318	3.57e-38	169
ptg000006l_rc_rotated	ptg000015l_1_1_1	84.483	174	24	3	8524	8696	4982489	4982318	3.57e-38	169
ptg000006l_rc_rotated	ptg000015l_1_1_1	87.586	145	17	1	8318	8461	4921603	4921747	1.28e-37	167
ptg000006l_rc_rotated	ptg000015l_1_1_1	87.586	145	17	1	8902	9045	4921603	4921747	1.28e-37	167
ptg000006l_rc_rotated	ptg000015l_1_1_1	87.586	145	17	1	9194	9337	4921603	4921747	1.28e-37	167
ptg000006l_rc_rotated	ptg000015l_1_1_1	87.586	145	17	1	9340	9483	4921603	4921747	1.28e-37	167
ptg000006l_rc_rotated	ptg000015l_1_1_1	87.586	145	17	1	9632	9775	4921603	4921747	1.28e-37	167
ptg000006l_rc_rotated	ptg000015l_1_1_1	87.586	145	17	1	9778	9921	4921603	4921747	1.28e-37	167
ptg000006l_rc_rotated	ptg000015l_1_1_1	87.586	145	17	1	10070	10213	4921603	4921747	1.28e-37	167
ptg000006l_rc_rotated	ptg000015l_1_1_1	95.238	105	5	0	9108	9212	4921643	4921747	1.28e-37	167
ptg000006l_rc_rotated	ptg000015l_1_1_1	95.238	105	5	0	9546	9650	4921643	4921747	1.28e-37	167
ptg000006l_rc_rotated	ptg000015l_1_1_1	95.238	105	5	0	9984	10088	4921643	4921747	1.28e-37	167
ptg000006l_rc_rotated	ptg000015l_1_1_1	90.000	130	11	2	9838	9967	4982468	4982341	1.28e-37	167
ptg000006l_rc_rotated	ptg000015l_1_1_1	90.000	130	11	2	9692	9821	4982468	4982341	1.28e-37	167
ptg000006l_rc_rotated	ptg000015l_1_1_1	90.000	130	11	2	9400	9529	4982468	4982341	1.28e-37	167
ptg000006l_rc_rotated	ptg000015l_1_1_1	90.000	130	11	2	9254	9383	4982468	4982341	1.28e-37	167
ptg000006l_rc_rotated	ptg000015l_1_1_1	90.000	130	11	2	8670	8799	4982468	4982341	1.28e-37	167
ptg000006l_rc_rotated	ptg000015l_1_1_1	94.393	107	6	0	8693	8799	4921603	4921709	4.62e-37	165
ptg000006l_rc_rotated	ptg000015l_1_1_1	94.393	107	6	0	8839	8945	4921603	4921709	4.62e-37	165
ptg000006l_rc_rotated	ptg000015l_1_1_1	94.393	107	6	0	9131	9237	4921603	4921709	4.62e-37	165
ptg000006l_rc_rotated	ptg000015l_1_1_1	94.393	107	6	0	9277	9383	4921603	4921709	4.62e-37	165
ptg000006l_rc_rotated	ptg000015l_1_1_1	94.393	107	6	0	9423	9529	4921603	4921709	4.62e-37	165
ptg000006l_rc_rotated	ptg000015l_1_1_1	94.393	107	6	0	9715	9821	4921603	4921709	4.62e-37	165
ptg000006l_rc_rotated	ptg000015l_1_1_1	94.393	107	6	0	9861	9967	4921603	4921709	4.62e-37	165
ptg000006l_rc_rotated	ptg000015l_1_1_1	93.694	111	6	1	10130	10240	4982489	4982380	4.62e-37	165
ptg000006l_rc_rotated	ptg000015l_1_1_1	89.231	130	14	0	2867	2996	2066264	2066135	1.66e-36	163
ptg000006l_rc_rotated	ptg000015l_1_1_1	95.146	103	5	0	8380	8482	4921645	4921747	1.66e-36	163
ptg000006l_rc_rotated	ptg000015l_1_1_1	83.908	174	25	3	8962	9134	4982489	4982318	1.66e-36	163
ptg000006l_rc_rotated	ptg000015l_1_1_1	89.844	128	11	2	8818	8945	4982466	4982341	1.66e-36	163
ptg000006l_rc_rotated	ptg000015l_1_1_1	86.897	145	18	1	8464	8607	4921603	4921747	5.98e-36	161
ptg000006l_rc_rotated	ptg000015l_1_1_1	86.897	145	18	1	8589	8732	4921603	4921747	5.98e-36	161
ptg000006l_rc_rotated	ptg000015l_1_1_1	86.897	145	18	1	8756	8899	4921603	4921747	5.98e-36	161
ptg000006l_rc_rotated	ptg000015l_1_1_1	86.897	145	18	1	8881	9024	4921603	4921747	5.98e-36	161
ptg000006l_rc_rotated	ptg000015l_1_1_1	86.897	145	18	1	9173	9316	4921603	4921747	5.98e-36	161
ptg000006l_rc_rotated	ptg000015l_1_1_1	86.897	145	18	1	9319	9462	4921603	4921747	5.98e-36	161
ptg000006l_rc_rotated	ptg000015l_1_1_1	86.897	145	18	1	9486	9629	4921603	4921747	5.98e-36	161
ptg000006l_rc_rotated	ptg000015l_1_1_1	86.897	145	18	1	9611	9754	4921603	4921747	5.98e-36	161
ptg000006l_rc_rotated	ptg000015l_1_1_1	86.897	145	18	1	9757	9900	4921603	4921747	5.98e-36	161
ptg000006l_rc_rotated	ptg000015l_1_1_1	86.897	145	18	1	9924	10067	4921603	4921747	5.98e-36	161
ptg000006l_rc_rotated	ptg000015l_1_1_1	86.897	145	18	1	10049	10192	4921603	4921747	5.98e-36	161
ptg000006l_rc_rotated	ptg000015l_1_1_1	89.231	130	12	2	9984	10113	4982468	4982341	5.98e-36	161
ptg000006l_rc_rotated	ptg000015l_1_1_1	89.231	130	12	2	9546	9675	4982468	4982341	5.98e-36	161
ptg000006l_rc_rotated	ptg000015l_1_1_1	89.231	130	12	2	9108	9237	4982468	4982341	5.98e-36	161
ptg000006l_rc_rotated	ptg000015l_1_1_1	89.231	130	12	2	8524	8653	4982468	4982341	5.98e-36	161
ptg000006l_rc_rotated	ptg000015l_1_1_1	93.458	107	7	0	8985	9091	4921603	4921709	2.15e-35	159
ptg000006l_rc_rotated	ptg000015l_1_1_1	93.458	107	7	0	9569	9675	4921603	4921709	2.15e-35	159
ptg000006l_rc_rotated	ptg000015l_1_1_1	93.458	107	7	0	10007	10113	4921603	4921709	2.15e-35	159
ptg000006l_rc_rotated	ptg000015l_1_1_1	83.721	172	25	3	8380	8550	4982487	4982318	2.15e-35	159
ptg000006l_rc_rotated	ptg000015l_1_1_1	89.062	128	12	2	8380	8507	4982466	4982341	7.73e-35	158
ptg000006l_rc_rotated	ptg000015l_1_1_1	86.207	145	19	1	8297	8440	4921603	4921747	2.78e-34	156
ptg000006l_rc_rotated	ptg000015l_1_1_1	86.207	145	19	1	8568	8711	4921603	4921747	2.78e-34	156
ptg000006l_rc_rotated	ptg000015l_1_1_1	86.207	145	19	1	8610	8753	4921603	4921747	2.78e-34	156
ptg000006l_rc_rotated	ptg000015l_1_1_1	86.207	145	19	1	8735	8878	4921603	4921747	2.78e-34	156
ptg000006l_rc_rotated	ptg000015l_1_1_1	86.207	145	19	1	8860	9003	4921603	4921747	2.78e-34	156
ptg000006l_rc_rotated	ptg000015l_1_1_1	86.207	145	19	1	9006	9149	4921603	4921747	2.78e-34	156
ptg000006l_rc_rotated	ptg000015l_1_1_1	86.207	145	19	1	9048	9191	4921603	4921747	2.78e-34	156
ptg000006l_rc_rotated	ptg000015l_1_1_1	86.207	145	19	1	9152	9295	4921603	4921747	2.78e-34	156
ptg000006l_rc_rotated	ptg000015l_1_1_1	86.207	145	19	1	9298	9441	4921603	4921747	2.78e-34	156
ptg000006l_rc_rotated	ptg000015l_1_1_1	86.207	145	19	1	9465	9608	4921603	4921747	2.78e-34	156
ptg000006l_rc_rotated	ptg000015l_1_1_1	86.207	145	19	1	9590	9733	4921603	4921747	2.78e-34	156
ptg000006l_rc_rotated	ptg000015l_1_1_1	86.207	145	19	1	9736	9879	4921603	4921747	2.78e-34	156
ptg000006l_rc_rotated	ptg000015l_1_1_1	86.207	145	19	1	9903	10046	4921603	4921747	2.78e-34	156
ptg000006l_rc_rotated	ptg000015l_1_1_1	86.207	145	19	1	10028	10171	4921603	4921747	2.78e-34	156
ptg000006l_rc_rotated	ptg000015l_1_1_1	91.304	115	8	2	10130	10244	4982468	4982356	2.78e-34	156
ptg000006l_rc_rotated	ptg000015l_1_1_1	92.523	107	8	0	8547	8653	4921603	4921709	1.00e-33	154
ptg000006l_rc_rotated	ptg000015l_1_1_1	96.739	92	3	0	10153	10244	4921603	4921694	1.00e-33	154
ptg000006l_rc_rotated	ptg000015l_1_1_1	85.517	145	20	1	8276	8419	4921603	4921747	1.29e-32	150
ptg000006l_rc_rotated	ptg000015l_1_1_1	85.517	145	20	1	8443	8586	4921603	4921747	1.29e-32	150
ptg000006l_rc_rotated	ptg000015l_1_1_1	85.517	145	20	1	8714	8857	4921603	4921747	1.29e-32	150
ptg000006l_rc_rotated	ptg000015l_1_1_1	85.517	145	20	1	9444	9587	4921603	4921747	1.29e-32	150
ptg000006l_rc_rotated	ptg000015l_1_1_1	85.517	145	20	1	9882	10025	4921603	4921747	1.29e-32	150
ptg000006l_rc_rotated	ptg000015l_1_1_1	98.750	80	1	0	17756	17835	3886239	3886318	2.16e-30	143
ptg000006l_rc_rotated	ptg000015l_1_1_1	94.505	91	5	0	8271	8361	4921640	4921730	7.79e-30	141
ptg000006l_rc_rotated	ptg000015l_1_1_1	96.250	80	3	0	8271	8350	4921661	4921740	4.69e-27	132
ptg000006l_rc_rotated	ptg000015l_1_1_1	94.253	87	4	1	10158	10244	4982503	4982418	4.69e-27	132
ptg000006l_rc_rotated	ptg000015l_1_1_1	90.816	98	8	1	8271	8368	4982409	4982313	1.69e-26	130
ptg000006l_rc_rotated	ptg000015l_1_1_1	91.209	91	7	1	8271	8361	4982430	4982341	2.82e-24	122
ptg000006l_rc_rotated	ptg000015l_1_1_1	97.101	69	2	0	10174	10242	4921603	4921671	1.31e-22	117
ptg000006l_rc_rotated	ptg000015l_1_1_1	96.970	66	2	0	8271	8336	4921682	4921747	6.10e-21	111
ptg000006l_rc_rotated	ptg000015l_1_1_1	94.444	72	3	1	8271	8342	4982388	4982318	2.20e-20	110
ptg000006l_rc_rotated	ptg000015l_1_1_1	81.481	135	22	3	8271	8404	4982450	4982318	7.90e-20	108
ptg000006l_rc_rotated	ptg000015l_1_1_1	96.774	62	2	0	10179	10240	4982503	4982442	1.02e-18	104
ptg000006l_rc_rotated	ptg000015l_1_1_1	98.182	55	1	0	9143	9197	4982372	4982318	1.71e-16	97.1
ptg000006l_rc_rotated	ptg000015l_1_1_1	89.189	74	4	2	5999	6071	3501559	3501489	2.86e-14	89.8
ptg000006l_rc_rotated	ptg000015l_1_1_1	98.039	51	1	0	8271	8321	4982368	4982318	2.86e-14	89.8
ptg000006l_rc_rotated	ptg000015l_1_1_1	100.000	45	0	0	10200	10244	4982503	4982459	1.33e-12	84.2
ptg000006l_rc_rotated	ptg000015l_1_1_1	96.000	50	2	0	10195	10244	4921603	4921652	4.79e-12	82.4
ptg000006l_rc_rotated	ptg000015l_1_1_1	89.474	57	6	0	3819	3875	7438789	7438733	2.88e-09	73.1
ptg000006l_rc_rotated	ptg000010l_1_1_1	88.636	176	16	3	11060	11234	1758924	1759096	5.85e-51	211
ptg000006l_rc_rotated	ptg000010l_1_1_1	96.629	89	3	0	319	407	5653472	5653384	4.65e-32	148
ptg000006l_rc_rotated	ptg000010l_1_1_1	91.000	100	6	2	18489	18586	6061533	6061631	4.69e-27	132
ptg000006l_rc_rotated	ptg000010l_1_1_1	97.333	75	1	1	2722	2796	12675499	12675426	2.18e-25	126
ptg000006l_rc_rotated	ptg000010l_1_1_1	95.714	70	3	0	4813	4882	2354949	2354880	1.70e-21	113
ptg000006l_rc_rotated	ptg000010l_1_1_1	85.437	103	14	1	3651	3752	16016978	16017080	2.84e-19	106
ptg000006l_rc_rotated	ptg000010l_1_1_1	95.000	60	2	1	10176	10234	5058818	5058759	2.21e-15	93.5
ptg000006l_rc_rotated	ptg000010l_1_1_1	95.000	60	2	1	10155	10213	5058818	5058759	2.21e-15	93.5
ptg000006l_rc_rotated	ptg000010l_1_1_1	95.000	60	2	1	10134	10192	5058818	5058759	2.21e-15	93.5
ptg000006l_rc_rotated	ptg000010l_1_1_1	95.000	60	2	1	10030	10088	5058818	5058759	2.21e-15	93.5
ptg000006l_rc_rotated	ptg000010l_1_1_1	95.000	60	2	1	9884	9942	5058818	5058759	2.21e-15	93.5
ptg000006l_rc_rotated	ptg000010l_1_1_1	95.000	60	2	1	9863	9921	5058818	5058759	2.21e-15	93.5
ptg000006l_rc_rotated	ptg000010l_1_1_1	95.000	60	2	1	9842	9900	5058818	5058759	2.21e-15	93.5
ptg000006l_rc_rotated	ptg000010l_1_1_1	95.000	60	2	1	9738	9796	5058818	5058759	2.21e-15	93.5
ptg000006l_rc_rotated	ptg000010l_1_1_1	95.000	60	2	1	9717	9775	5058818	5058759	2.21e-15	93.5
ptg000006l_rc_rotated	ptg000010l_1_1_1	95.000	60	2	1	9696	9754	5058818	5058759	2.21e-15	93.5
ptg000006l_rc_rotated	ptg000010l_1_1_1	95.000	60	2	1	9592	9650	5058818	5058759	2.21e-15	93.5
ptg000006l_rc_rotated	ptg000010l_1_1_1	95.000	60	2	1	9446	9504	5058818	5058759	2.21e-15	93.5
ptg000006l_rc_rotated	ptg000010l_1_1_1	95.000	60	2	1	9425	9483	5058818	5058759	2.21e-15	93.5
ptg000006l_rc_rotated	ptg000010l_1_1_1	95.000	60	2	1	9404	9462	5058818	5058759	2.21e-15	93.5
ptg000006l_rc_rotated	ptg000010l_1_1_1	95.000	60	2	1	9300	9358	5058818	5058759	2.21e-15	93.5
ptg000006l_rc_rotated	ptg000010l_1_1_1	95.000	60	2	1	9279	9337	5058818	5058759	2.21e-15	93.5
ptg000006l_rc_rotated	ptg000010l_1_1_1	95.000	60	2	1	9258	9316	5058818	5058759	2.21e-15	93.5
ptg000006l_rc_rotated	ptg000010l_1_1_1	95.000	60	2	1	9154	9212	5058818	5058759	2.21e-15	93.5
ptg000006l_rc_rotated	ptg000010l_1_1_1	95.000	60	2	1	9133	9191	5058818	5058759	2.21e-15	93.5
ptg000006l_rc_rotated	ptg000010l_1_1_1	95.000	60	2	1	8987	9045	5058818	5058759	2.21e-15	93.5
ptg000006l_rc_rotated	ptg000010l_1_1_1	95.000	60	2	1	8966	9024	5058818	5058759	2.21e-15	93.5
ptg000006l_rc_rotated	ptg000010l_1_1_1	95.000	60	2	1	8862	8920	5058818	5058759	2.21e-15	93.5
ptg000006l_rc_rotated	ptg000010l_1_1_1	95.000	60	2	1	8841	8899	5058818	5058759	2.21e-15	93.5
ptg000006l_rc_rotated	ptg000010l_1_1_1	95.000	60	2	1	8820	8878	5058818	5058759	2.21e-15	93.5
ptg000006l_rc_rotated	ptg000010l_1_1_1	95.000	60	2	1	8716	8774	5058818	5058759	2.21e-15	93.5
ptg000006l_rc_rotated	ptg000010l_1_1_1	95.000	60	2	1	8695	8753	5058818	5058759	2.21e-15	93.5
ptg000006l_rc_rotated	ptg000010l_1_1_1	95.000	60	2	1	8674	8732	5058818	5058759	2.21e-15	93.5
ptg000006l_rc_rotated	ptg000010l_1_1_1	95.000	60	2	1	8549	8607	5058818	5058759	2.21e-15	93.5
ptg000006l_rc_rotated	ptg000010l_1_1_1	95.000	60	2	1	8382	8440	5058818	5058759	2.21e-15	93.5
ptg000006l_rc_rotated	ptg000010l_1_1_1	95.000	60	2	1	8278	8336	5058818	5058759	2.21e-15	93.5
ptg000006l_rc_rotated	ptg000010l_1_1_1	96.429	56	2	0	8531	8586	5058814	5058759	2.21e-15	93.5
ptg000006l_rc_rotated	ptg000010l_1_1_1	98.077	52	1	0	9119	9170	5058810	5058759	7.95e-15	91.6
ptg000006l_rc_rotated	ptg000010l_1_1_1	93.333	60	3	1	10009	10067	5058818	5058759	1.03e-13	87.9
ptg000006l_rc_rotated	ptg000010l_1_1_1	93.333	60	3	1	9571	9629	5058818	5058759	1.03e-13	87.9
ptg000006l_rc_rotated	ptg000010l_1_1_1	93.333	60	3	1	9008	9066	5058818	5058759	1.03e-13	87.9
ptg000006l_rc_rotated	ptg000010l_1_1_1	93.333	60	3	1	8570	8628	5058818	5058759	1.03e-13	87.9
ptg000006l_rc_rotated	ptg000010l_1_1_1	93.333	60	3	1	8424	8482	5058818	5058759	1.03e-13	87.9
ptg000006l_rc_rotated	ptg000010l_1_1_1	93.333	60	3	1	8403	8461	5058818	5058759	1.03e-13	87.9
ptg000006l_rc_rotated	ptg000010l_1_1_1	100.000	44	0	0	8272	8315	5058802	5058759	4.79e-12	82.4
ptg000006l_rc_rotated	ptg000010l_1_1_1	94.340	53	2	1	10051	10102	5058818	5058766	1.72e-11	80.5
ptg000006l_rc_rotated	ptg000010l_1_1_1	94.340	53	2	1	9905	9956	5058818	5058766	1.72e-11	80.5
ptg000006l_rc_rotated	ptg000010l_1_1_1	94.340	53	2	1	9759	9810	5058818	5058766	1.72e-11	80.5
ptg000006l_rc_rotated	ptg000010l_1_1_1	94.340	53	2	1	9613	9664	5058818	5058766	1.72e-11	80.5
ptg000006l_rc_rotated	ptg000010l_1_1_1	94.340	53	2	1	9467	9518	5058818	5058766	1.72e-11	80.5
ptg000006l_rc_rotated	ptg000010l_1_1_1	94.340	53	2	1	9321	9372	5058818	5058766	1.72e-11	80.5
ptg000006l_rc_rotated	ptg000010l_1_1_1	94.340	53	2	1	9175	9226	5058818	5058766	1.72e-11	80.5
ptg000006l_rc_rotated	ptg000010l_1_1_1	94.340	53	2	1	8883	8934	5058818	5058766	1.72e-11	80.5
ptg000006l_rc_rotated	ptg000010l_1_1_1	94.340	53	2	1	8737	8788	5058818	5058766	1.72e-11	80.5
ptg000006l_rc_rotated	ptg000010l_1_1_1	94.340	53	2	1	8299	8350	5058818	5058766	1.72e-11	80.5
ptg000006l_rc_rotated	ptg000010l_1_1_1	95.918	49	2	0	8448	8496	5058814	5058766	1.72e-11	80.5
ptg000006l_rc_rotated	ptg000010l_1_1_1	100.000	42	0	0	10130	10171	5058800	5058759	6.19e-11	78.7
ptg000006l_rc_rotated	ptg000010l_1_1_1	100.000	42	0	0	9838	9879	5058800	5058759	6.19e-11	78.7
ptg000006l_rc_rotated	ptg000010l_1_1_1	100.000	42	0	0	9692	9733	5058800	5058759	6.19e-11	78.7
ptg000006l_rc_rotated	ptg000010l_1_1_1	100.000	42	0	0	9400	9441	5058800	5058759	6.19e-11	78.7
ptg000006l_rc_rotated	ptg000010l_1_1_1	100.000	42	0	0	9254	9295	5058800	5058759	6.19e-11	78.7
ptg000006l_rc_rotated	ptg000010l_1_1_1	100.000	42	0	0	8962	9003	5058800	5058759	6.19e-11	78.7
ptg000006l_rc_rotated	ptg000010l_1_1_1	100.000	42	0	0	8670	8711	5058800	5058759	6.19e-11	78.7
ptg000006l_rc_rotated	ptg000010l_1_1_1	100.000	40	0	0	8818	8857	5058798	5058759	8.01e-10	75.0
ptg000006l_rc_rotated	ptg000010l_1_1_1	100.000	40	0	0	8380	8419	5058798	5058759	8.01e-10	75.0
ptg000006l_rc_rotated	ptg000010l_1_1_1	92.453	53	3	1	9029	9080	5058818	5058766	8.01e-10	75.0
ptg000006l_rc_rotated	ptg000010l_1_1_1	97.619	42	1	0	9984	10025	5058800	5058759	2.88e-09	73.1
ptg000006l_rc_rotated	ptg000010l_1_1_1	97.619	42	1	0	9546	9587	5058800	5058759	2.88e-09	73.1
ptg000006l_rc_rotated	ptg000010l_1_1_1	97.619	42	1	0	9108	9149	5058800	5058759	2.88e-09	73.1
ptg000006l_rc_rotated	ptg000010l_1_1_1	97.619	42	1	0	8524	8565	5058800	5058759	2.88e-09	73.1
ptg000006l_rc_rotated	ptg000010l_1_1_1	93.878	49	2	1	10197	10244	5058818	5058770	2.88e-09	73.1
ptg000006l_rc_rotated	ptg000010l_1_1_1	97.561	41	1	0	8276	8316	4349489	4349529	1.04e-08	71.3
ptg000006l_rc_rotated	ptg000010l_1_1_1	97.561	41	1	0	8297	8337	4349489	4349529	1.04e-08	71.3
ptg000006l_rc_rotated	ptg000010l_1_1_1	97.561	41	1	0	8380	8420	4349489	4349529	1.04e-08	71.3
ptg000006l_rc_rotated	ptg000010l_1_1_1	97.561	41	1	0	8401	8441	4349489	4349529	1.04e-08	71.3
ptg000006l_rc_rotated	ptg000010l_1_1_1	97.561	41	1	0	8547	8587	4349489	4349529	1.04e-08	71.3
ptg000006l_rc_rotated	ptg000010l_1_1_1	97.561	41	1	0	8568	8608	4349489	4349529	1.04e-08	71.3
ptg000006l_rc_rotated	ptg000010l_1_1_1	97.561	41	1	0	8672	8712	4349489	4349529	1.04e-08	71.3
ptg000006l_rc_rotated	ptg000010l_1_1_1	97.561	41	1	0	8693	8733	4349489	4349529	1.04e-08	71.3
ptg000006l_rc_rotated	ptg000010l_1_1_1	97.561	41	1	0	8714	8754	4349489	4349529	1.04e-08	71.3
ptg000006l_rc_rotated	ptg000010l_1_1_1	97.561	41	1	0	8735	8775	4349489	4349529	1.04e-08	71.3
ptg000006l_rc_rotated	ptg000010l_1_1_1	97.561	41	1	0	8818	8858	4349489	4349529	1.04e-08	71.3
ptg000006l_rc_rotated	ptg000010l_1_1_1	97.561	41	1	0	8839	8879	4349489	4349529	1.04e-08	71.3
ptg000006l_rc_rotated	ptg000010l_1_1_1	97.561	41	1	0	8860	8900	4349489	4349529	1.04e-08	71.3
ptg000006l_rc_rotated	ptg000010l_1_1_1	97.561	41	1	0	8881	8921	4349489	4349529	1.04e-08	71.3
ptg000006l_rc_rotated	ptg000010l_1_1_1	97.561	41	1	0	8964	9004	4349489	4349529	1.04e-08	71.3
ptg000006l_rc_rotated	ptg000010l_1_1_1	97.561	41	1	0	8985	9025	4349489	4349529	1.04e-08	71.3
ptg000006l_rc_rotated	ptg000010l_1_1_1	97.561	41	1	0	9006	9046	4349489	4349529	1.04e-08	71.3
ptg000006l_rc_rotated	ptg000010l_1_1_1	97.561	41	1	0	9131	9171	4349489	4349529	1.04e-08	71.3
ptg000006l_rc_rotated	ptg000010l_1_1_1	97.561	41	1	0	9152	9192	4349489	4349529	1.04e-08	71.3
ptg000006l_rc_rotated	ptg000010l_1_1_1	97.561	41	1	0	9173	9213	4349489	4349529	1.04e-08	71.3
ptg000006l_rc_rotated	ptg000010l_1_1_1	97.561	41	1	0	9256	9296	4349489	4349529	1.04e-08	71.3
ptg000006l_rc_rotated	ptg000010l_1_1_1	97.561	41	1	0	9277	9317	4349489	4349529	1.04e-08	71.3
ptg000006l_rc_rotated	ptg000010l_1_1_1	97.561	41	1	0	9298	9338	4349489	4349529	1.04e-08	71.3
ptg000006l_rc_rotated	ptg000010l_1_1_1	97.561	41	1	0	9319	9359	4349489	4349529	1.04e-08	71.3
ptg000006l_rc_rotated	ptg000010l_1_1_1	97.561	41	1	0	9402	9442	4349489	4349529	1.04e-08	71.3
ptg000006l_rc_rotated	ptg000010l_1_1_1	97.561	41	1	0	9423	9463	4349489	4349529	1.04e-08	71.3
ptg000006l_rc_rotated	ptg000010l_1_1_1	97.561	41	1	0	9444	9484	4349489	4349529	1.04e-08	71.3
ptg000006l_rc_rotated	ptg000010l_1_1_1	97.561	41	1	0	9465	9505	4349489	4349529	1.04e-08	71.3
ptg000006l_rc_rotated	ptg000010l_1_1_1	97.561	41	1	0	9590	9630	4349489	4349529	1.04e-08	71.3
ptg000006l_rc_rotated	ptg000010l_1_1_1	97.561	41	1	0	9611	9651	4349489	4349529	1.04e-08	71.3
ptg000006l_rc_rotated	ptg000010l_1_1_1	97.561	41	1	0	9694	9734	4349489	4349529	1.04e-08	71.3
ptg000006l_rc_rotated	ptg000010l_1_1_1	97.561	41	1	0	9715	9755	4349489	4349529	1.04e-08	71.3
ptg000006l_rc_rotated	ptg000010l_1_1_1	97.561	41	1	0	9736	9776	4349489	4349529	1.04e-08	71.3
ptg000006l_rc_rotated	ptg000010l_1_1_1	97.561	41	1	0	9757	9797	4349489	4349529	1.04e-08	71.3
ptg000006l_rc_rotated	ptg000010l_1_1_1	97.561	41	1	0	9840	9880	4349489	4349529	1.04e-08	71.3
ptg000006l_rc_rotated	ptg000010l_1_1_1	97.561	41	1	0	9861	9901	4349489	4349529	1.04e-08	71.3
ptg000006l_rc_rotated	ptg000010l_1_1_1	97.561	41	1	0	9882	9922	4349489	4349529	1.04e-08	71.3
ptg000006l_rc_rotated	ptg000010l_1_1_1	97.561	41	1	0	9903	9943	4349489	4349529	1.04e-08	71.3
ptg000006l_rc_rotated	ptg000010l_1_1_1	97.561	41	1	0	10028	10068	4349489	4349529	1.04e-08	71.3
ptg000006l_rc_rotated	ptg000010l_1_1_1	97.561	41	1	0	10049	10089	4349489	4349529	1.04e-08	71.3
ptg000006l_rc_rotated	ptg000010l_1_1_1	97.561	41	1	0	10132	10172	4349489	4349529	1.04e-08	71.3
ptg000006l_rc_rotated	ptg000010l_1_1_1	97.561	41	1	0	10153	10193	4349489	4349529	1.04e-08	71.3
ptg000006l_rc_rotated	ptg000010l_1_1_1	97.561	41	1	0	10174	10214	4349489	4349529	1.04e-08	71.3
ptg000006l_rc_rotated	ptg000010l_1_1_1	97.561	41	1	0	10195	10235	4349489	4349529	1.04e-08	71.3
ptg000006l_rc_rotated	ptg000010l_1_1_1	100.000	36	0	0	8448	8483	4349494	4349529	1.34e-07	67.6
ptg000006l_rc_rotated	ptg000010l_1_1_1	100.000	36	0	0	8531	8566	4349494	4349529	1.34e-07	67.6
ptg000006l_rc_rotated	ptg000010l_1_1_1	95.122	41	2	0	9110	9150	4349489	4349529	4.82e-07	65.8
ptg000006l_rc_rotated	ptg000010l_1_1_1	95.122	41	2	0	9548	9588	4349489	4349529	4.82e-07	65.8
ptg000006l_rc_rotated	ptg000010l_1_1_1	95.122	41	2	0	9986	10026	4349489	4349529	4.82e-07	65.8
ptg000006l_rc_rotated	ptg000010l_1_1_1	96.970	33	1	0	8318	8350	4349489	4349521	2.90e-04	56.5
ptg000006l_rc_rotated	ptg000010l_1_1_1	96.970	33	1	0	8464	8496	4349489	4349521	2.90e-04	56.5
ptg000006l_rc_rotated	ptg000010l_1_1_1	96.970	33	1	0	8756	8788	4349489	4349521	2.90e-04	56.5
ptg000006l_rc_rotated	ptg000010l_1_1_1	96.970	33	1	0	8902	8934	4349489	4349521	2.90e-04	56.5
ptg000006l_rc_rotated	ptg000010l_1_1_1	96.970	33	1	0	9194	9226	4349489	4349521	2.90e-04	56.5
ptg000006l_rc_rotated	ptg000010l_1_1_1	96.970	33	1	0	9340	9372	4349489	4349521	2.90e-04	56.5
ptg000006l_rc_rotated	ptg000010l_1_1_1	96.970	33	1	0	9486	9518	4349489	4349521	2.90e-04	56.5
ptg000006l_rc_rotated	ptg000010l_1_1_1	96.970	33	1	0	9632	9664	4349489	4349521	2.90e-04	56.5
ptg000006l_rc_rotated	ptg000010l_1_1_1	96.970	33	1	0	9778	9810	4349489	4349521	2.90e-04	56.5
ptg000006l_rc_rotated	ptg000010l_1_1_1	96.970	33	1	0	9924	9956	4349489	4349521	2.90e-04	56.5
ptg000006l_rc_rotated	ptg000010l_1_1_1	96.970	33	1	0	10070	10102	4349489	4349521	2.90e-04	56.5
ptg000006l_rc_rotated	ptg000010l_1_1_1	100.000	28	0	0	9053	9080	4349494	4349521	0.004	52.8
ptg000006l_rc_rotated	ptg000002l_1_1_1	86.842	190	22	2	339	528	19582145	19581959	2.10e-50	209
ptg000006l_rc_rotated	ptg000002l_1_1_1	77.384	367	60	10	12884	13241	15334841	15334489	1.64e-46	196
ptg000006l_rc_rotated	ptg000002l_1_1_1	86.184	152	17	4	182	331	30042569	30042420	5.98e-36	161
ptg000006l_rc_rotated	ptg000002l_1_1_1	89.076	119	12	1	4759	4876	15999446	15999564	1.67e-31	147
ptg000006l_rc_rotated	ptg000002l_1_1_1	87.826	115	12	2	3219	3332	18323966	18323853	1.30e-27	134
ptg000006l_rc_rotated	ptg000002l_1_1_1	95.062	81	3	1	8569	8649	29098272	29098351	2.18e-25	126
ptg000006l_rc_rotated	ptg000002l_1_1_1	97.297	74	1	1	10791	10863	8683183	8683256	7.84e-25	124
ptg000006l_rc_rotated	ptg000002l_1_1_1	96.053	76	3	0	8381	8456	29098272	29098347	7.84e-25	124
ptg000006l_rc_rotated	ptg000002l_1_1_1	96.053	76	3	0	8402	8477	29098272	29098347	7.84e-25	124
ptg000006l_rc_rotated	ptg000002l_1_1_1	96.053	76	3	0	8527	8602	29098272	29098347	7.84e-25	124
ptg000006l_rc_rotated	ptg000002l_1_1_1	96.053	76	3	0	8548	8623	29098272	29098347	7.84e-25	124
ptg000006l_rc_rotated	ptg000002l_1_1_1	96.053	76	3	0	8986	9061	29098272	29098347	7.84e-25	124
ptg000006l_rc_rotated	ptg000002l_1_1_1	93.827	81	4	1	9007	9087	29098272	29098351	1.01e-23	121
ptg000006l_rc_rotated	ptg000002l_1_1_1	100.000	64	0	0	8594	8657	18409861	18409798	3.65e-23	119
ptg000006l_rc_rotated	ptg000002l_1_1_1	98.438	64	1	0	9032	9095	18409861	18409798	1.70e-21	113
ptg000006l_rc_rotated	ptg000002l_1_1_1	94.118	68	4	0	2419	2486	28165912	28165979	1.02e-18	104
ptg000006l_rc_rotated	ptg000002l_1_1_1	100.000	54	0	0	8588	8641	4328275	4328222	1.32e-17	100
ptg000006l_rc_rotated	ptg000002l_1_1_1	95.161	62	3	0	12919	12980	11298273	11298334	4.75e-17	99.0
ptg000006l_rc_rotated	ptg000002l_1_1_1	96.552	58	1	1	8421	8478	4328275	4328219	6.15e-16	95.3
ptg000006l_rc_rotated	ptg000002l_1_1_1	98.148	54	1	0	9026	9079	4328275	4328222	6.15e-16	95.3
ptg000006l_rc_rotated	ptg000002l_1_1_1	92.188	64	5	0	8444	8507	29098272	29098335	7.95e-15	91.6
ptg000006l_rc_rotated	ptg000002l_1_1_1	93.333	60	4	0	813	872	4237111	4237170	2.86e-14	89.8
ptg000006l_rc_rotated	ptg000002l_1_1_1	92.063	63	5	0	8573	8635	18409861	18409799	2.86e-14	89.8
ptg000006l_rc_rotated	ptg000002l_1_1_1	93.333	60	4	0	9011	9070	18409861	18409802	2.86e-14	89.8
ptg000006l_rc_rotated	ptg000002l_1_1_1	93.333	60	4	0	8427	8486	18409861	18409802	2.86e-14	89.8
ptg000006l_rc_rotated	ptg000002l_1_1_1	93.333	60	4	0	8406	8465	18409861	18409802	2.86e-14	89.8
ptg000006l_rc_rotated	ptg000002l_1_1_1	91.803	61	4	1	10067	10126	10348448	10348388	1.33e-12	84.2
ptg000006l_rc_rotated	ptg000002l_1_1_1	91.803	61	4	1	9921	9980	10348448	10348388	1.33e-12	84.2
ptg000006l_rc_rotated	ptg000002l_1_1_1	91.803	61	4	1	9775	9834	10348448	10348388	1.33e-12	84.2
ptg000006l_rc_rotated	ptg000002l_1_1_1	91.803	61	4	1	9629	9688	10348448	10348388	1.33e-12	84.2
ptg000006l_rc_rotated	ptg000002l_1_1_1	91.803	61	4	1	9483	9542	10348448	10348388	1.33e-12	84.2
ptg000006l_rc_rotated	ptg000002l_1_1_1	91.803	61	4	1	9337	9396	10348448	10348388	1.33e-12	84.2
ptg000006l_rc_rotated	ptg000002l_1_1_1	91.803	61	4	1	9191	9250	10348448	10348388	1.33e-12	84.2
ptg000006l_rc_rotated	ptg000002l_1_1_1	91.803	61	4	1	8899	8958	10348448	10348388	1.33e-12	84.2
ptg000006l_rc_rotated	ptg000002l_1_1_1	91.803	61	4	1	8753	8812	10348448	10348388	1.33e-12	84.2
ptg000006l_rc_rotated	ptg000002l_1_1_1	91.803	61	4	1	8607	8666	10348448	10348388	1.33e-12	84.2
ptg000006l_rc_rotated	ptg000002l_1_1_1	91.803	61	4	1	8461	8520	10348448	10348388	1.33e-12	84.2
ptg000006l_rc_rotated	ptg000002l_1_1_1	91.803	61	4	1	8315	8374	10348448	10348388	1.33e-12	84.2
ptg000006l_rc_rotated	ptg000002l_1_1_1	92.857	56	4	0	8586	8641	10348448	10348393	4.79e-12	82.4
ptg000006l_rc_rotated	ptg000002l_1_1_1	95.918	49	2	0	9024	9072	10348448	10348400	1.72e-11	80.5
ptg000006l_rc_rotated	ptg000002l_1_1_1	95.918	49	2	0	8419	8467	10348448	10348400	1.72e-11	80.5
ptg000006l_rc_rotated	ptg000002l_1_1_1	91.071	56	5	0	9003	9058	10348448	10348393	2.23e-10	76.8
ptg000006l_rc_rotated	ptg000002l_1_1_1	91.071	56	5	0	8565	8620	10348448	10348393	2.23e-10	76.8
ptg000006l_rc_rotated	ptg000002l_1_1_1	91.071	56	5	0	8398	8453	10348448	10348393	2.23e-10	76.8
ptg000006l_rc_rotated	ptg000002l_1_1_1	97.727	44	1	0	11093	11136	21001410	21001453	2.23e-10	76.8
ptg000006l_rc_rotated	ptg000002l_1_1_1	93.878	49	3	0	10192	10240	10348448	10348400	8.01e-10	75.0
ptg000006l_rc_rotated	ptg000002l_1_1_1	93.878	49	3	0	10171	10219	10348448	10348400	8.01e-10	75.0
ptg000006l_rc_rotated	ptg000002l_1_1_1	93.878	49	3	0	10150	10198	10348448	10348400	8.01e-10	75.0
ptg000006l_rc_rotated	ptg000002l_1_1_1	93.878	49	3	0	10046	10094	10348448	10348400	8.01e-10	75.0
ptg000006l_rc_rotated	ptg000002l_1_1_1	93.878	49	3	0	10025	10073	10348448	10348400	8.01e-10	75.0
ptg000006l_rc_rotated	ptg000002l_1_1_1	93.878	49	3	0	9900	9948	10348448	10348400	8.01e-10	75.0
ptg000006l_rc_rotated	ptg000002l_1_1_1	93.878	49	3	0	9879	9927	10348448	10348400	8.01e-10	75.0
ptg000006l_rc_rotated	ptg000002l_1_1_1	93.878	49	3	0	9858	9906	10348448	10348400	8.01e-10	75.0
ptg000006l_rc_rotated	ptg000002l_1_1_1	93.878	49	3	0	9754	9802	10348448	10348400	8.01e-10	75.0
ptg000006l_rc_rotated	ptg000002l_1_1_1	93.878	49	3	0	9733	9781	10348448	10348400	8.01e-10	75.0
ptg000006l_rc_rotated	ptg000002l_1_1_1	93.878	49	3	0	9712	9760	10348448	10348400	8.01e-10	75.0
ptg000006l_rc_rotated	ptg000002l_1_1_1	93.878	49	3	0	9608	9656	10348448	10348400	8.01e-10	75.0
ptg000006l_rc_rotated	ptg000002l_1_1_1	93.878	49	3	0	9587	9635	10348448	10348400	8.01e-10	75.0
ptg000006l_rc_rotated	ptg000002l_1_1_1	93.878	49	3	0	9462	9510	10348448	10348400	8.01e-10	75.0
ptg000006l_rc_rotated	ptg000002l_1_1_1	93.878	49	3	0	9441	9489	10348448	10348400	8.01e-10	75.0
ptg000006l_rc_rotated	ptg000002l_1_1_1	93.878	49	3	0	9420	9468	10348448	10348400	8.01e-10	75.0
ptg000006l_rc_rotated	ptg000002l_1_1_1	93.878	49	3	0	9316	9364	10348448	10348400	8.01e-10	75.0
ptg000006l_rc_rotated	ptg000002l_1_1_1	93.878	49	3	0	9295	9343	10348448	10348400	8.01e-10	75.0
ptg000006l_rc_rotated	ptg000002l_1_1_1	93.878	49	3	0	9274	9322	10348448	10348400	8.01e-10	75.0
ptg000006l_rc_rotated	ptg000002l_1_1_1	93.878	49	3	0	9170	9218	10348448	10348400	8.01e-10	75.0
ptg000006l_rc_rotated	ptg000002l_1_1_1	93.878	49	3	0	9149	9197	10348448	10348400	8.01e-10	75.0
ptg000006l_rc_rotated	ptg000002l_1_1_1	93.878	49	3	0	9128	9176	10348448	10348400	8.01e-10	75.0
ptg000006l_rc_rotated	ptg000002l_1_1_1	93.878	49	3	0	8982	9030	10348448	10348400	8.01e-10	75.0
ptg000006l_rc_rotated	ptg000002l_1_1_1	93.878	49	3	0	8878	8926	10348448	10348400	8.01e-10	75.0
ptg000006l_rc_rotated	ptg000002l_1_1_1	93.878	49	3	0	8857	8905	10348448	10348400	8.01e-10	75.0
ptg000006l_rc_rotated	ptg000002l_1_1_1	93.878	49	3	0	8836	8884	10348448	10348400	8.01e-10	75.0
ptg000006l_rc_rotated	ptg000002l_1_1_1	93.878	49	3	0	8732	8780	10348448	10348400	8.01e-10	75.0
ptg000006l_rc_rotated	ptg000002l_1_1_1	93.878	49	3	0	8711	8759	10348448	10348400	8.01e-10	75.0
ptg000006l_rc_rotated	ptg000002l_1_1_1	93.878	49	3	0	8690	8738	10348448	10348400	8.01e-10	75.0
ptg000006l_rc_rotated	ptg000002l_1_1_1	93.878	49	3	0	8544	8592	10348448	10348400	8.01e-10	75.0
ptg000006l_rc_rotated	ptg000002l_1_1_1	93.878	49	3	0	8294	8342	10348448	10348400	8.01e-10	75.0
ptg000006l_rc_rotated	ptg000002l_1_1_1	89.474	57	5	1	7828	7884	15359167	15359112	1.04e-08	71.3
ptg000006l_rc_rotated	ptg000002l_1_1_1	100.000	38	0	0	8439	8476	30982697	30982734	1.04e-08	71.3
ptg000006l_rc_rotated	ptg000002l_1_1_1	100.000	37	0	0	9044	9080	30982697	30982733	3.73e-08	69.4
ptg000006l_rc_rotated	ptg000002l_1_1_1	100.000	36	0	0	8524	8559	30982699	30982734	1.34e-07	67.6
ptg000006l_rc_rotated	ptg000002l_1_1_1	95.122	41	2	0	8269	8309	30982694	30982734	4.82e-07	65.8
ptg000006l_rc_rotated	ptg000002l_1_1_1	97.368	38	1	0	8293	8330	30982697	30982734	4.82e-07	65.8
ptg000006l_rc_rotated	ptg000002l_1_1_1	97.368	38	1	0	8397	8434	30982697	30982734	4.82e-07	65.8
ptg000006l_rc_rotated	ptg000002l_1_1_1	97.368	38	1	0	8543	8580	30982697	30982734	4.82e-07	65.8
ptg000006l_rc_rotated	ptg000002l_1_1_1	97.368	38	1	0	8564	8601	30982697	30982734	4.82e-07	65.8
ptg000006l_rc_rotated	ptg000002l_1_1_1	97.368	38	1	0	8689	8726	30982697	30982734	4.82e-07	65.8
ptg000006l_rc_rotated	ptg000002l_1_1_1	97.368	38	1	0	8710	8747	30982697	30982734	4.82e-07	65.8
ptg000006l_rc_rotated	ptg000002l_1_1_1	97.368	38	1	0	8731	8768	30982697	30982734	4.82e-07	65.8
ptg000006l_rc_rotated	ptg000002l_1_1_1	97.368	38	1	0	8835	8872	30982697	30982734	4.82e-07	65.8
ptg000006l_rc_rotated	ptg000002l_1_1_1	97.368	38	1	0	8856	8893	30982697	30982734	4.82e-07	65.8
ptg000006l_rc_rotated	ptg000002l_1_1_1	97.368	38	1	0	8877	8914	30982697	30982734	4.82e-07	65.8
ptg000006l_rc_rotated	ptg000002l_1_1_1	97.368	38	1	0	8981	9018	30982697	30982734	4.82e-07	65.8
ptg000006l_rc_rotated	ptg000002l_1_1_1	97.368	38	1	0	9002	9039	30982697	30982734	4.82e-07	65.8
ptg000006l_rc_rotated	ptg000002l_1_1_1	97.368	38	1	0	9127	9164	30982697	30982734	4.82e-07	65.8
ptg000006l_rc_rotated	ptg000002l_1_1_1	97.368	38	1	0	9148	9185	30982697	30982734	4.82e-07	65.8
ptg000006l_rc_rotated	ptg000002l_1_1_1	97.368	38	1	0	9169	9206	30982697	30982734	4.82e-07	65.8
ptg000006l_rc_rotated	ptg000002l_1_1_1	97.368	38	1	0	9273	9310	30982697	30982734	4.82e-07	65.8
ptg000006l_rc_rotated	ptg000002l_1_1_1	97.368	38	1	0	9294	9331	30982697	30982734	4.82e-07	65.8
ptg000006l_rc_rotated	ptg000002l_1_1_1	97.368	38	1	0	9315	9352	30982697	30982734	4.82e-07	65.8
ptg000006l_rc_rotated	ptg000002l_1_1_1	97.368	38	1	0	9419	9456	30982697	30982734	4.82e-07	65.8
ptg000006l_rc_rotated	ptg000002l_1_1_1	97.368	38	1	0	9440	9477	30982697	30982734	4.82e-07	65.8
ptg000006l_rc_rotated	ptg000002l_1_1_1	97.368	38	1	0	9461	9498	30982697	30982734	4.82e-07	65.8
ptg000006l_rc_rotated	ptg000002l_1_1_1	97.368	38	1	0	9586	9623	30982697	30982734	4.82e-07	65.8
ptg000006l_rc_rotated	ptg000002l_1_1_1	97.368	38	1	0	9607	9644	30982697	30982734	4.82e-07	65.8
ptg000006l_rc_rotated	ptg000002l_1_1_1	97.368	38	1	0	9711	9748	30982697	30982734	4.82e-07	65.8
ptg000006l_rc_rotated	ptg000002l_1_1_1	97.368	38	1	0	9732	9769	30982697	30982734	4.82e-07	65.8
ptg000006l_rc_rotated	ptg000002l_1_1_1	97.368	38	1	0	9753	9790	30982697	30982734	4.82e-07	65.8
ptg000006l_rc_rotated	ptg000002l_1_1_1	97.368	38	1	0	9857	9894	30982697	30982734	4.82e-07	65.8
ptg000006l_rc_rotated	ptg000002l_1_1_1	97.368	38	1	0	9878	9915	30982697	30982734	4.82e-07	65.8
ptg000006l_rc_rotated	ptg000002l_1_1_1	97.368	38	1	0	9899	9936	30982697	30982734	4.82e-07	65.8
ptg000006l_rc_rotated	ptg000002l_1_1_1	97.368	38	1	0	10024	10061	30982697	30982734	4.82e-07	65.8
ptg000006l_rc_rotated	ptg000002l_1_1_1	97.368	38	1	0	10045	10082	30982697	30982734	4.82e-07	65.8
ptg000006l_rc_rotated	ptg000002l_1_1_1	97.368	38	1	0	10149	10186	30982697	30982734	4.82e-07	65.8
ptg000006l_rc_rotated	ptg000002l_1_1_1	97.368	38	1	0	10170	10207	30982697	30982734	4.82e-07	65.8
ptg000006l_rc_rotated	ptg000002l_1_1_1	97.368	38	1	0	10191	10228	30982697	30982734	4.82e-07	65.8
ptg000006l_rc_rotated	ptg000002l_1_1_1	97.297	37	1	0	8314	8350	30982697	30982733	1.73e-06	63.9
ptg000006l_rc_rotated	ptg000002l_1_1_1	97.297	37	1	0	8460	8496	30982697	30982733	1.73e-06	63.9
ptg000006l_rc_rotated	ptg000002l_1_1_1	97.297	37	1	0	8606	8642	30982697	30982733	1.73e-06	63.9
ptg000006l_rc_rotated	ptg000002l_1_1_1	97.297	37	1	0	8752	8788	30982697	30982733	1.73e-06	63.9
ptg000006l_rc_rotated	ptg000002l_1_1_1	97.297	37	1	0	8898	8934	30982697	30982733	1.73e-06	63.9
ptg000006l_rc_rotated	ptg000002l_1_1_1	97.297	37	1	0	9190	9226	30982697	30982733	1.73e-06	63.9
ptg000006l_rc_rotated	ptg000002l_1_1_1	97.297	37	1	0	9336	9372	30982697	30982733	1.73e-06	63.9
ptg000006l_rc_rotated	ptg000002l_1_1_1	97.297	37	1	0	9482	9518	30982697	30982733	1.73e-06	63.9
ptg000006l_rc_rotated	ptg000002l_1_1_1	97.297	37	1	0	9628	9664	30982697	30982733	1.73e-06	63.9
ptg000006l_rc_rotated	ptg000002l_1_1_1	97.297	37	1	0	9774	9810	30982697	30982733	1.73e-06	63.9
ptg000006l_rc_rotated	ptg000002l_1_1_1	97.297	37	1	0	9920	9956	30982697	30982733	1.73e-06	63.9
ptg000006l_rc_rotated	ptg000002l_1_1_1	97.297	37	1	0	10066	10102	30982697	30982733	1.73e-06	63.9
ptg000006l_rc_rotated	ptg000002l_1_1_1	89.583	48	5	0	8609	8656	4328275	4328228	6.24e-06	62.1
ptg000006l_rc_rotated	ptg000002l_1_1_1	97.222	36	1	0	8670	8705	30982699	30982734	6.24e-06	62.1
ptg000006l_rc_rotated	ptg000002l_1_1_1	97.222	36	1	0	8962	8997	30982699	30982734	6.24e-06	62.1
ptg000006l_rc_rotated	ptg000002l_1_1_1	97.222	36	1	0	9254	9289	30982699	30982734	6.24e-06	62.1
ptg000006l_rc_rotated	ptg000002l_1_1_1	97.222	36	1	0	9400	9435	30982699	30982734	6.24e-06	62.1
ptg000006l_rc_rotated	ptg000002l_1_1_1	97.222	36	1	0	9546	9581	30982699	30982734	6.24e-06	62.1
ptg000006l_rc_rotated	ptg000002l_1_1_1	97.222	36	1	0	9692	9727	30982699	30982734	6.24e-06	62.1
ptg000006l_rc_rotated	ptg000002l_1_1_1	97.222	36	1	0	9838	9873	30982699	30982734	6.24e-06	62.1
ptg000006l_rc_rotated	ptg000002l_1_1_1	97.222	36	1	0	9984	10019	30982699	30982734	6.24e-06	62.1
ptg000006l_rc_rotated	ptg000002l_1_1_1	97.222	36	1	0	10130	10165	30982699	30982734	6.24e-06	62.1
ptg000006l_rc_rotated	ptg000002l_1_1_1	90.698	43	4	0	8614	8656	18409862	18409820	8.07e-05	58.4
ptg000006l_rc_rotated	ptg000002l_1_1_1	90.698	43	4	0	9049	9091	29098272	29098314	8.07e-05	58.4
ptg000006l_rc_rotated	ptg000002l_1_1_1	97.059	34	1	0	8380	8413	30982701	30982734	8.07e-05	58.4
ptg000006l_rc_rotated	ptg000002l_1_1_1	97.059	34	1	0	8818	8851	30982701	30982734	8.07e-05	58.4
ptg000006l_rc_rotated	ptg000002l_1_1_1	94.444	36	2	0	9108	9143	30982699	30982734	2.90e-04	56.5
ptg000006l_rc_rotated	ptg000002l_1_1_1	96.875	32	1	0	10213	10244	10348448	10348417	0.001	54.7
ptg000006l_rc_rotated	ptg000036l_1_1_1	95.276	127	6	0	11321	11447	15093859	15093733	3.52e-48	202
ptg000006l_rc_rotated	ptg000036l_1_1_1	88.514	148	13	4	12566	12710	21103456	21103310	2.13e-40	176
ptg000006l_rc_rotated	ptg000036l_1_1_1	83.978	181	27	1	5942	6122	7318564	7318386	2.76e-39	172
ptg000006l_rc_rotated	ptg000036l_1_1_1	92.553	94	4	1	8527	8620	33000483	33000573	4.69e-27	132
ptg000006l_rc_rotated	ptg000036l_1_1_1	92.553	94	4	1	8673	8766	33000483	33000573	4.69e-27	132
ptg000006l_rc_rotated	ptg000036l_1_1_1	92.553	94	4	1	8694	8787	33000483	33000573	4.69e-27	132
ptg000006l_rc_rotated	ptg000036l_1_1_1	92.553	94	4	1	8819	8912	33000483	33000573	4.69e-27	132
ptg000006l_rc_rotated	ptg000036l_1_1_1	92.553	94	4	1	8840	8933	33000483	33000573	4.69e-27	132
ptg000006l_rc_rotated	ptg000036l_1_1_1	92.553	94	4	1	9132	9225	33000483	33000573	4.69e-27	132
ptg000006l_rc_rotated	ptg000036l_1_1_1	92.553	94	4	1	9257	9350	33000483	33000573	4.69e-27	132
ptg000006l_rc_rotated	ptg000036l_1_1_1	92.553	94	4	1	9278	9371	33000483	33000573	4.69e-27	132
ptg000006l_rc_rotated	ptg000036l_1_1_1	92.553	94	4	1	9403	9496	33000483	33000573	4.69e-27	132
ptg000006l_rc_rotated	ptg000036l_1_1_1	92.553	94	4	1	9424	9517	33000483	33000573	4.69e-27	132
ptg000006l_rc_rotated	ptg000036l_1_1_1	92.553	94	4	1	9695	9788	33000483	33000573	4.69e-27	132
ptg000006l_rc_rotated	ptg000036l_1_1_1	92.553	94	4	1	9716	9809	33000483	33000573	4.69e-27	132
ptg000006l_rc_rotated	ptg000036l_1_1_1	92.553	94	4	1	9841	9934	33000483	33000573	4.69e-27	132
ptg000006l_rc_rotated	ptg000036l_1_1_1	92.553	94	4	1	9862	9955	33000483	33000573	4.69e-27	132
ptg000006l_rc_rotated	ptg000036l_1_1_1	92.553	94	4	1	10133	10226	33000483	33000573	4.69e-27	132
ptg000006l_rc_rotated	ptg000036l_1_1_1	92.308	91	6	1	11097	11187	712132	712221	6.06e-26	128
ptg000006l_rc_rotated	ptg000036l_1_1_1	93.258	89	3	1	9116	9204	33000488	33000573	6.06e-26	128
ptg000006l_rc_rotated	ptg000036l_1_1_1	91.489	94	5	1	8381	8474	33000483	33000573	2.18e-25	126
ptg000006l_rc_rotated	ptg000036l_1_1_1	91.489	94	5	1	8965	9058	33000483	33000573	2.18e-25	126
ptg000006l_rc_rotated	ptg000036l_1_1_1	91.489	94	5	1	8986	9079	33000483	33000573	2.18e-25	126
ptg000006l_rc_rotated	ptg000036l_1_1_1	91.489	94	5	1	9570	9663	33000483	33000573	2.18e-25	126
ptg000006l_rc_rotated	ptg000036l_1_1_1	91.489	94	5	1	10008	10101	33000483	33000573	2.18e-25	126
ptg000006l_rc_rotated	ptg000036l_1_1_1	92.308	91	4	1	10154	10244	33000483	33000570	2.18e-25	126
ptg000006l_rc_rotated	ptg000036l_1_1_1	97.260	73	2	0	16946	17018	15209671	15209599	7.84e-25	124
ptg000006l_rc_rotated	ptg000036l_1_1_1	90.426	94	6	1	8548	8641	33000483	33000573	1.01e-23	121
ptg000006l_rc_rotated	ptg000036l_1_1_1	91.463	82	6	1	12603	12683	15545441	15545360	6.10e-21	111
ptg000006l_rc_rotated	ptg000036l_1_1_1	90.588	85	5	1	8277	8361	33000483	33000564	2.20e-20	110
ptg000006l_rc_rotated	ptg000036l_1_1_1	90.588	85	5	1	8715	8799	33000483	33000564	2.20e-20	110
ptg000006l_rc_rotated	ptg000036l_1_1_1	90.588	85	5	1	8861	8945	33000483	33000564	2.20e-20	110
ptg000006l_rc_rotated	ptg000036l_1_1_1	90.588	85	5	1	9153	9237	33000483	33000564	2.20e-20	110
ptg000006l_rc_rotated	ptg000036l_1_1_1	90.588	85	5	1	9299	9383	33000483	33000564	2.20e-20	110
ptg000006l_rc_rotated	ptg000036l_1_1_1	90.588	85	5	1	9445	9529	33000483	33000564	2.20e-20	110
ptg000006l_rc_rotated	ptg000036l_1_1_1	90.588	85	5	1	9591	9675	33000483	33000564	2.20e-20	110
ptg000006l_rc_rotated	ptg000036l_1_1_1	90.588	85	5	1	9737	9821	33000483	33000564	2.20e-20	110
ptg000006l_rc_rotated	ptg000036l_1_1_1	90.588	85	5	1	9883	9967	33000483	33000564	2.20e-20	110
ptg000006l_rc_rotated	ptg000036l_1_1_1	90.588	85	5	1	10029	10113	33000483	33000564	2.20e-20	110
ptg000006l_rc_rotated	ptg000036l_1_1_1	92.405	79	3	1	8271	8349	33000498	33000573	2.20e-20	110
ptg000006l_rc_rotated	ptg000036l_1_1_1	89.412	85	6	1	8423	8507	33000483	33000564	1.02e-18	104
ptg000006l_rc_rotated	ptg000036l_1_1_1	92.105	76	3	1	8670	8745	33000501	33000573	1.02e-18	104
ptg000006l_rc_rotated	ptg000036l_1_1_1	92.105	76	3	1	8962	9037	33000501	33000573	1.02e-18	104
ptg000006l_rc_rotated	ptg000036l_1_1_1	92.105	76	3	1	9254	9329	33000501	33000573	1.02e-18	104
ptg000006l_rc_rotated	ptg000036l_1_1_1	92.105	76	3	1	9400	9475	33000501	33000573	1.02e-18	104
ptg000006l_rc_rotated	ptg000036l_1_1_1	92.105	76	3	1	9692	9767	33000501	33000573	1.02e-18	104
ptg000006l_rc_rotated	ptg000036l_1_1_1	92.105	76	3	1	9838	9913	33000501	33000573	1.02e-18	104
ptg000006l_rc_rotated	ptg000036l_1_1_1	92.105	76	3	1	10130	10205	33000501	33000573	1.02e-18	104
ptg000006l_rc_rotated	ptg000036l_1_1_1	96.721	61	2	0	10175	10235	33000483	33000543	3.67e-18	102
ptg000006l_rc_rotated	ptg000036l_1_1_1	91.892	74	3	1	8818	8891	33000503	33000573	1.32e-17	100
ptg000006l_rc_rotated	ptg000036l_1_1_1	98.246	57	0	1	12482	12537	25511794	25511738	4.75e-17	99.0
ptg000006l_rc_rotated	ptg000036l_1_1_1	90.789	76	4	1	8524	8599	33000501	33000573	4.75e-17	99.0
ptg000006l_rc_rotated	ptg000036l_1_1_1	90.789	76	4	1	9108	9183	33000501	33000573	4.75e-17	99.0
ptg000006l_rc_rotated	ptg000036l_1_1_1	90.789	76	4	1	9546	9621	33000501	33000573	4.75e-17	99.0
ptg000006l_rc_rotated	ptg000036l_1_1_1	90.789	76	4	1	9984	10059	33000501	33000573	4.75e-17	99.0
ptg000006l_rc_rotated	ptg000036l_1_1_1	92.537	67	4	1	12568	12634	23358649	23358584	6.15e-16	95.3
ptg000006l_rc_rotated	ptg000036l_1_1_1	90.541	74	4	1	8380	8453	33000503	33000573	6.15e-16	95.3
ptg000006l_rc_rotated	ptg000036l_1_1_1	98.113	53	1	0	8444	8496	33000483	33000535	2.21e-15	93.5
ptg000006l_rc_rotated	ptg000036l_1_1_1	87.179	78	10	0	2875	2952	7877019	7877096	2.86e-14	89.8
ptg000006l_rc_rotated	ptg000036l_1_1_1	96.226	53	2	0	8298	8350	33000483	33000535	1.03e-13	87.9
ptg000006l_rc_rotated	ptg000036l_1_1_1	96.226	53	2	0	8736	8788	33000483	33000535	1.03e-13	87.9
ptg000006l_rc_rotated	ptg000036l_1_1_1	96.226	53	2	0	8882	8934	33000483	33000535	1.03e-13	87.9
ptg000006l_rc_rotated	ptg000036l_1_1_1	96.226	53	2	0	9174	9226	33000483	33000535	1.03e-13	87.9
ptg000006l_rc_rotated	ptg000036l_1_1_1	96.226	53	2	0	9320	9372	33000483	33000535	1.03e-13	87.9
ptg000006l_rc_rotated	ptg000036l_1_1_1	96.226	53	2	0	9466	9518	33000483	33000535	1.03e-13	87.9
ptg000006l_rc_rotated	ptg000036l_1_1_1	96.226	53	2	0	9612	9664	33000483	33000535	1.03e-13	87.9
ptg000006l_rc_rotated	ptg000036l_1_1_1	96.226	53	2	0	9758	9810	33000483	33000535	1.03e-13	87.9
ptg000006l_rc_rotated	ptg000036l_1_1_1	96.226	53	2	0	9904	9956	33000483	33000535	1.03e-13	87.9
ptg000006l_rc_rotated	ptg000036l_1_1_1	96.226	53	2	0	10050	10102	33000483	33000535	1.03e-13	87.9
ptg000006l_rc_rotated	ptg000036l_1_1_1	94.340	53	3	0	9028	9080	33000483	33000535	4.79e-12	82.4
ptg000006l_rc_rotated	ptg000036l_1_1_1	96.000	50	2	0	9006	9055	36577881	36577832	4.79e-12	82.4
ptg000006l_rc_rotated	ptg000036l_1_1_1	96.000	50	2	0	8568	8617	36577881	36577832	4.79e-12	82.4
ptg000006l_rc_rotated	ptg000036l_1_1_1	96.000	50	2	0	8401	8450	36577881	36577832	4.79e-12	82.4
ptg000006l_rc_rotated	ptg000036l_1_1_1	94.340	53	2	1	11261	11312	14439775	14439827	1.72e-11	80.5
ptg000006l_rc_rotated	ptg000036l_1_1_1	81.250	112	10	10	8206	8311	19055847	19055953	1.72e-11	80.5
ptg000006l_rc_rotated	ptg000036l_1_1_1	100.000	43	0	0	9583	9625	19055911	19055953	1.72e-11	80.5
ptg000006l_rc_rotated	ptg000036l_1_1_1	100.000	43	0	0	10021	10063	19055911	19055953	1.72e-11	80.5
ptg000006l_rc_rotated	ptg000036l_1_1_1	100.000	41	0	0	8292	8332	19055913	19055953	2.23e-10	76.8
ptg000006l_rc_rotated	ptg000036l_1_1_1	100.000	41	0	0	8396	8436	19055913	19055953	2.23e-10	76.8
ptg000006l_rc_rotated	ptg000036l_1_1_1	100.000	41	0	0	8542	8582	19055913	19055953	2.23e-10	76.8
ptg000006l_rc_rotated	ptg000036l_1_1_1	100.000	41	0	0	8563	8603	19055913	19055953	2.23e-10	76.8
ptg000006l_rc_rotated	ptg000036l_1_1_1	100.000	41	0	0	8688	8728	19055913	19055953	2.23e-10	76.8
ptg000006l_rc_rotated	ptg000036l_1_1_1	100.000	41	0	0	8709	8749	19055913	19055953	2.23e-10	76.8
ptg000006l_rc_rotated	ptg000036l_1_1_1	100.000	41	0	0	8730	8770	19055913	19055953	2.23e-10	76.8
ptg000006l_rc_rotated	ptg000036l_1_1_1	100.000	41	0	0	8834	8874	19055913	19055953	2.23e-10	76.8
ptg000006l_rc_rotated	ptg000036l_1_1_1	100.000	41	0	0	8855	8895	19055913	19055953	2.23e-10	76.8
ptg000006l_rc_rotated	ptg000036l_1_1_1	100.000	41	0	0	8876	8916	19055913	19055953	2.23e-10	76.8
ptg000006l_rc_rotated	ptg000036l_1_1_1	100.000	41	0	0	8980	9020	19055913	19055953	2.23e-10	76.8
ptg000006l_rc_rotated	ptg000036l_1_1_1	100.000	41	0	0	9001	9041	19055913	19055953	2.23e-10	76.8
ptg000006l_rc_rotated	ptg000036l_1_1_1	100.000	41	0	0	9126	9166	19055913	19055953	2.23e-10	76.8
ptg000006l_rc_rotated	ptg000036l_1_1_1	100.000	41	0	0	9147	9187	19055913	19055953	2.23e-10	76.8
ptg000006l_rc_rotated	ptg000036l_1_1_1	100.000	41	0	0	9168	9208	19055913	19055953	2.23e-10	76.8
ptg000006l_rc_rotated	ptg000036l_1_1_1	100.000	41	0	0	9272	9312	19055913	19055953	2.23e-10	76.8
ptg000006l_rc_rotated	ptg000036l_1_1_1	100.000	41	0	0	9293	9333	19055913	19055953	2.23e-10	76.8
ptg000006l_rc_rotated	ptg000036l_1_1_1	100.000	41	0	0	9314	9354	19055913	19055953	2.23e-10	76.8
ptg000006l_rc_rotated	ptg000036l_1_1_1	100.000	41	0	0	9418	9458	19055913	19055953	2.23e-10	76.8
ptg000006l_rc_rotated	ptg000036l_1_1_1	100.000	41	0	0	9439	9479	19055913	19055953	2.23e-10	76.8
ptg000006l_rc_rotated	ptg000036l_1_1_1	100.000	41	0	0	9460	9500	19055913	19055953	2.23e-10	76.8
ptg000006l_rc_rotated	ptg000036l_1_1_1	100.000	41	0	0	9606	9646	19055913	19055953	2.23e-10	76.8
ptg000006l_rc_rotated	ptg000036l_1_1_1	100.000	41	0	0	9710	9750	19055913	19055953	2.23e-10	76.8
ptg000006l_rc_rotated	ptg000036l_1_1_1	100.000	41	0	0	9731	9771	19055913	19055953	2.23e-10	76.8
ptg000006l_rc_rotated	ptg000036l_1_1_1	100.000	41	0	0	9752	9792	19055913	19055953	2.23e-10	76.8
ptg000006l_rc_rotated	ptg000036l_1_1_1	100.000	41	0	0	9856	9896	19055913	19055953	2.23e-10	76.8
ptg000006l_rc_rotated	ptg000036l_1_1_1	100.000	41	0	0	9877	9917	19055913	19055953	2.23e-10	76.8
ptg000006l_rc_rotated	ptg000036l_1_1_1	100.000	41	0	0	9898	9938	19055913	19055953	2.23e-10	76.8
ptg000006l_rc_rotated	ptg000036l_1_1_1	100.000	41	0	0	10044	10084	19055913	19055953	2.23e-10	76.8
ptg000006l_rc_rotated	ptg000036l_1_1_1	100.000	41	0	0	10148	10188	19055913	19055953	2.23e-10	76.8
ptg000006l_rc_rotated	ptg000036l_1_1_1	100.000	41	0	0	10169	10209	19055913	19055953	2.23e-10	76.8
ptg000006l_rc_rotated	ptg000036l_1_1_1	100.000	41	0	0	10190	10230	19055913	19055953	2.23e-10	76.8
ptg000006l_rc_rotated	ptg000036l_1_1_1	92.593	54	3	1	10128	10181	36577884	36577832	2.23e-10	76.8
ptg000006l_rc_rotated	ptg000036l_1_1_1	92.593	54	3	1	9836	9889	36577884	36577832	2.23e-10	76.8
ptg000006l_rc_rotated	ptg000036l_1_1_1	92.593	54	3	1	9690	9743	36577884	36577832	2.23e-10	76.8
ptg000006l_rc_rotated	ptg000036l_1_1_1	92.593	54	3	1	9398	9451	36577884	36577832	2.23e-10	76.8
ptg000006l_rc_rotated	ptg000036l_1_1_1	92.593	54	3	1	9252	9305	36577884	36577832	2.23e-10	76.8
ptg000006l_rc_rotated	ptg000036l_1_1_1	92.593	54	3	1	8960	9013	36577884	36577832	2.23e-10	76.8
ptg000006l_rc_rotated	ptg000036l_1_1_1	92.593	54	3	1	8814	8867	36577884	36577832	2.23e-10	76.8
ptg000006l_rc_rotated	ptg000036l_1_1_1	92.593	54	3	1	8668	8721	36577884	36577832	2.23e-10	76.8
ptg000006l_rc_rotated	ptg000036l_1_1_1	92.593	54	3	1	8376	8429	36577884	36577832	2.23e-10	76.8
ptg000006l_rc_rotated	ptg000036l_1_1_1	94.000	50	3	0	10195	10244	36577881	36577832	2.23e-10	76.8
ptg000006l_rc_rotated	ptg000036l_1_1_1	94.000	50	3	0	10174	10223	36577881	36577832	2.23e-10	76.8
ptg000006l_rc_rotated	ptg000036l_1_1_1	94.000	50	3	0	10153	10202	36577881	36577832	2.23e-10	76.8
ptg000006l_rc_rotated	ptg000036l_1_1_1	94.000	50	3	0	10049	10098	36577881	36577832	2.23e-10	76.8
ptg000006l_rc_rotated	ptg000036l_1_1_1	94.000	50	3	0	10028	10077	36577881	36577832	2.23e-10	76.8
ptg000006l_rc_rotated	ptg000036l_1_1_1	94.000	50	3	0	9903	9952	36577881	36577832	2.23e-10	76.8
ptg000006l_rc_rotated	ptg000036l_1_1_1	94.000	50	3	0	9882	9931	36577881	36577832	2.23e-10	76.8
ptg000006l_rc_rotated	ptg000036l_1_1_1	94.000	50	3	0	9861	9910	36577881	36577832	2.23e-10	76.8
ptg000006l_rc_rotated	ptg000036l_1_1_1	94.000	50	3	0	9757	9806	36577881	36577832	2.23e-10	76.8
ptg000006l_rc_rotated	ptg000036l_1_1_1	94.000	50	3	0	9736	9785	36577881	36577832	2.23e-10	76.8
ptg000006l_rc_rotated	ptg000036l_1_1_1	94.000	50	3	0	9715	9764	36577881	36577832	2.23e-10	76.8
ptg000006l_rc_rotated	ptg000036l_1_1_1	94.000	50	3	0	9611	9660	36577881	36577832	2.23e-10	76.8
ptg000006l_rc_rotated	ptg000036l_1_1_1	94.000	50	3	0	9590	9639	36577881	36577832	2.23e-10	76.8
ptg000006l_rc_rotated	ptg000036l_1_1_1	94.000	50	3	0	9465	9514	36577881	36577832	2.23e-10	76.8
ptg000006l_rc_rotated	ptg000036l_1_1_1	94.000	50	3	0	9444	9493	36577881	36577832	2.23e-10	76.8
ptg000006l_rc_rotated	ptg000036l_1_1_1	94.000	50	3	0	9423	9472	36577881	36577832	2.23e-10	76.8
ptg000006l_rc_rotated	ptg000036l_1_1_1	94.000	50	3	0	9319	9368	36577881	36577832	2.23e-10	76.8
ptg000006l_rc_rotated	ptg000036l_1_1_1	94.000	50	3	0	9298	9347	36577881	36577832	2.23e-10	76.8
ptg000006l_rc_rotated	ptg000036l_1_1_1	94.000	50	3	0	9277	9326	36577881	36577832	2.23e-10	76.8
ptg000006l_rc_rotated	ptg000036l_1_1_1	94.000	50	3	0	9173	9222	36577881	36577832	2.23e-10	76.8
ptg000006l_rc_rotated	ptg000036l_1_1_1	94.000	50	3	0	9152	9201	36577881	36577832	2.23e-10	76.8
ptg000006l_rc_rotated	ptg000036l_1_1_1	94.000	50	3	0	9131	9180	36577881	36577832	2.23e-10	76.8
ptg000006l_rc_rotated	ptg000036l_1_1_1	94.000	50	3	0	8985	9034	36577881	36577832	2.23e-10	76.8
ptg000006l_rc_rotated	ptg000036l_1_1_1	94.000	50	3	0	8881	8930	36577881	36577832	2.23e-10	76.8
ptg000006l_rc_rotated	ptg000036l_1_1_1	94.000	50	3	0	8860	8909	36577881	36577832	2.23e-10	76.8
ptg000006l_rc_rotated	ptg000036l_1_1_1	94.000	50	3	0	8839	8888	36577881	36577832	2.23e-10	76.8
ptg000006l_rc_rotated	ptg000036l_1_1_1	94.000	50	3	0	8735	8784	36577881	36577832	2.23e-10	76.8
ptg000006l_rc_rotated	ptg000036l_1_1_1	94.000	50	3	0	8714	8763	36577881	36577832	2.23e-10	76.8
ptg000006l_rc_rotated	ptg000036l_1_1_1	94.000	50	3	0	8693	8742	36577881	36577832	2.23e-10	76.8
ptg000006l_rc_rotated	ptg000036l_1_1_1	94.000	50	3	0	8547	8596	36577881	36577832	2.23e-10	76.8
ptg000006l_rc_rotated	ptg000036l_1_1_1	94.000	50	3	0	8297	8346	36577881	36577832	2.23e-10	76.8
ptg000006l_rc_rotated	ptg000036l_1_1_1	94.000	50	3	0	8276	8325	36577881	36577832	2.23e-10	76.8
ptg000006l_rc_rotated	ptg000036l_1_1_1	97.561	41	1	0	8417	8457	19055913	19055953	1.04e-08	71.3
ptg000006l_rc_rotated	ptg000036l_1_1_1	97.561	41	1	0	8438	8478	19055913	19055953	1.04e-08	71.3
ptg000006l_rc_rotated	ptg000036l_1_1_1	97.561	41	1	0	8584	8624	19055913	19055953	1.04e-08	71.3
ptg000006l_rc_rotated	ptg000036l_1_1_1	97.561	41	1	0	9022	9062	19055913	19055953	1.04e-08	71.3
ptg000006l_rc_rotated	ptg000036l_1_1_1	100.000	38	0	0	8313	8350	19055913	19055950	1.04e-08	71.3
ptg000006l_rc_rotated	ptg000036l_1_1_1	100.000	38	0	0	8459	8496	19055913	19055950	1.04e-08	71.3
ptg000006l_rc_rotated	ptg000036l_1_1_1	100.000	38	0	0	8751	8788	19055913	19055950	1.04e-08	71.3
ptg000006l_rc_rotated	ptg000036l_1_1_1	100.000	38	0	0	8897	8934	19055913	19055950	1.04e-08	71.3
ptg000006l_rc_rotated	ptg000036l_1_1_1	100.000	38	0	0	9189	9226	19055913	19055950	1.04e-08	71.3
ptg000006l_rc_rotated	ptg000036l_1_1_1	100.000	38	0	0	9335	9372	19055913	19055950	1.04e-08	71.3
ptg000006l_rc_rotated	ptg000036l_1_1_1	100.000	38	0	0	9481	9518	19055913	19055950	1.04e-08	71.3
ptg000006l_rc_rotated	ptg000036l_1_1_1	100.000	38	0	0	9627	9664	19055913	19055950	1.04e-08	71.3
ptg000006l_rc_rotated	ptg000036l_1_1_1	100.000	38	0	0	9773	9810	19055913	19055950	1.04e-08	71.3
ptg000006l_rc_rotated	ptg000036l_1_1_1	100.000	38	0	0	9919	9956	19055913	19055950	1.04e-08	71.3
ptg000006l_rc_rotated	ptg000036l_1_1_1	100.000	38	0	0	10065	10102	19055913	19055950	1.04e-08	71.3
ptg000006l_rc_rotated	ptg000036l_1_1_1	100.000	38	0	0	8670	8707	19055916	19055953	1.04e-08	71.3
ptg000006l_rc_rotated	ptg000036l_1_1_1	100.000	38	0	0	8962	8999	19055916	19055953	1.04e-08	71.3
ptg000006l_rc_rotated	ptg000036l_1_1_1	100.000	38	0	0	9254	9291	19055916	19055953	1.04e-08	71.3
ptg000006l_rc_rotated	ptg000036l_1_1_1	100.000	38	0	0	9400	9437	19055916	19055953	1.04e-08	71.3
ptg000006l_rc_rotated	ptg000036l_1_1_1	100.000	38	0	0	9546	9583	19055916	19055953	1.04e-08	71.3
ptg000006l_rc_rotated	ptg000036l_1_1_1	100.000	38	0	0	9692	9729	19055916	19055953	1.04e-08	71.3
ptg000006l_rc_rotated	ptg000036l_1_1_1	100.000	38	0	0	9838	9875	19055916	19055953	1.04e-08	71.3
ptg000006l_rc_rotated	ptg000036l_1_1_1	100.000	38	0	0	9984	10021	19055916	19055953	1.04e-08	71.3
ptg000006l_rc_rotated	ptg000036l_1_1_1	100.000	38	0	0	10130	10167	19055916	19055953	1.04e-08	71.3
ptg000006l_rc_rotated	ptg000036l_1_1_1	90.741	54	4	1	9106	9159	36577884	36577832	1.04e-08	71.3
ptg000006l_rc_rotated	ptg000036l_1_1_1	90.741	54	4	1	8522	8575	36577884	36577832	1.04e-08	71.3
ptg000006l_rc_rotated	ptg000036l_1_1_1	92.000	50	4	0	10007	10056	36577881	36577832	1.04e-08	71.3
ptg000006l_rc_rotated	ptg000036l_1_1_1	92.000	50	4	0	9569	9618	36577881	36577832	1.04e-08	71.3
ptg000006l_rc_rotated	ptg000036l_1_1_1	92.000	50	4	0	8443	8492	36577881	36577832	1.04e-08	71.3
ptg000006l_rc_rotated	ptg000036l_1_1_1	100.000	36	0	0	8380	8415	19055918	19055953	1.34e-07	67.6
ptg000006l_rc_rotated	ptg000036l_1_1_1	100.000	36	0	0	8818	8853	19055918	19055953	1.34e-07	67.6
ptg000006l_rc_rotated	ptg000036l_1_1_1	97.368	38	1	0	9043	9080	19055913	19055950	4.82e-07	65.8
ptg000006l_rc_rotated	ptg000036l_1_1_1	97.368	38	1	0	8524	8561	19055916	19055953	4.82e-07	65.8
ptg000006l_rc_rotated	ptg000036l_1_1_1	97.368	38	1	0	9108	9145	19055916	19055953	4.82e-07	65.8
ptg000006l_rc_rotated	ptg000036l_1_1_1	100.000	34	0	0	10211	10244	19055913	19055946	1.73e-06	63.9
ptg000006l_rc_rotated	ptg000023l_1_1_1	83.111	225	35	3	8419	8642	10804138	10803916	3.52e-48	202
ptg000006l_rc_rotated	ptg000023l_1_1_1	82.667	225	36	3	8857	9080	10804138	10803916	1.64e-46	196
ptg000006l_rc_rotated	ptg000023l_1_1_1	83.092	207	33	2	8524	8729	10804117	10803912	9.86e-44	187
ptg000006l_rc_rotated	ptg000023l_1_1_1	90.000	130	13	0	14833	14962	13005748	13005877	3.57e-38	169
ptg000006l_rc_rotated	ptg000023l_1_1_1	80.952	210	38	2	8271	8479	10804120	10803912	4.62e-37	165
ptg000006l_rc_rotated	ptg000023l_1_1_1	87.903	124	11	4	11211	11330	9106708	9106831	2.16e-30	143
ptg000006l_rc_rotated	ptg000023l_1_1_1	98.529	68	0	1	5999	6066	3689815	3689749	3.65e-23	119
ptg000006l_rc_rotated	ptg000023l_1_1_1	100.000	38	0	0	8280	8317	17522173	17522210	1.04e-08	71.3
ptg000006l_rc_rotated	ptg000023l_1_1_1	100.000	38	0	0	8301	8338	17522173	17522210	1.04e-08	71.3
ptg000006l_rc_rotated	ptg000023l_1_1_1	100.000	38	0	0	8384	8421	17522173	17522210	1.04e-08	71.3
ptg000006l_rc_rotated	ptg000023l_1_1_1	100.000	38	0	0	8405	8442	17522173	17522210	1.04e-08	71.3
ptg000006l_rc_rotated	ptg000023l_1_1_1	100.000	38	0	0	8551	8588	17522173	17522210	1.04e-08	71.3
ptg000006l_rc_rotated	ptg000023l_1_1_1	100.000	38	0	0	8572	8609	17522173	17522210	1.04e-08	71.3
ptg000006l_rc_rotated	ptg000023l_1_1_1	100.000	38	0	0	8676	8713	17522173	17522210	1.04e-08	71.3
ptg000006l_rc_rotated	ptg000023l_1_1_1	100.000	38	0	0	8697	8734	17522173	17522210	1.04e-08	71.3
ptg000006l_rc_rotated	ptg000023l_1_1_1	100.000	38	0	0	8718	8755	17522173	17522210	1.04e-08	71.3
ptg000006l_rc_rotated	ptg000023l_1_1_1	100.000	38	0	0	8739	8776	17522173	17522210	1.04e-08	71.3
ptg000006l_rc_rotated	ptg000023l_1_1_1	100.000	38	0	0	8822	8859	17522173	17522210	1.04e-08	71.3
ptg000006l_rc_rotated	ptg000023l_1_1_1	100.000	38	0	0	8843	8880	17522173	17522210	1.04e-08	71.3
ptg000006l_rc_rotated	ptg000023l_1_1_1	100.000	38	0	0	8864	8901	17522173	17522210	1.04e-08	71.3
ptg000006l_rc_rotated	ptg000023l_1_1_1	100.000	38	0	0	8885	8922	17522173	17522210	1.04e-08	71.3
ptg000006l_rc_rotated	ptg000023l_1_1_1	100.000	38	0	0	8968	9005	17522173	17522210	1.04e-08	71.3
ptg000006l_rc_rotated	ptg000023l_1_1_1	100.000	38	0	0	8989	9026	17522173	17522210	1.04e-08	71.3
ptg000006l_rc_rotated	ptg000023l_1_1_1	100.000	38	0	0	9010	9047	17522173	17522210	1.04e-08	71.3
ptg000006l_rc_rotated	ptg000023l_1_1_1	100.000	38	0	0	9135	9172	17522173	17522210	1.04e-08	71.3
ptg000006l_rc_rotated	ptg000023l_1_1_1	100.000	38	0	0	9156	9193	17522173	17522210	1.04e-08	71.3
ptg000006l_rc_rotated	ptg000023l_1_1_1	100.000	38	0	0	9177	9214	17522173	17522210	1.04e-08	71.3
ptg000006l_rc_rotated	ptg000023l_1_1_1	100.000	38	0	0	9260	9297	17522173	17522210	1.04e-08	71.3
ptg000006l_rc_rotated	ptg000023l_1_1_1	100.000	38	0	0	9281	9318	17522173	17522210	1.04e-08	71.3
ptg000006l_rc_rotated	ptg000023l_1_1_1	100.000	38	0	0	9302	9339	17522173	17522210	1.04e-08	71.3
ptg000006l_rc_rotated	ptg000023l_1_1_1	100.000	38	0	0	9323	9360	17522173	17522210	1.04e-08	71.3
ptg000006l_rc_rotated	ptg000023l_1_1_1	100.000	38	0	0	9406	9443	17522173	17522210	1.04e-08	71.3
ptg000006l_rc_rotated	ptg000023l_1_1_1	100.000	38	0	0	9427	9464	17522173	17522210	1.04e-08	71.3
ptg000006l_rc_rotated	ptg000023l_1_1_1	100.000	38	0	0	9448	9485	17522173	17522210	1.04e-08	71.3
ptg000006l_rc_rotated	ptg000023l_1_1_1	100.000	38	0	0	9469	9506	17522173	17522210	1.04e-08	71.3
ptg000006l_rc_rotated	ptg000023l_1_1_1	100.000	38	0	0	9594	9631	17522173	17522210	1.04e-08	71.3
ptg000006l_rc_rotated	ptg000023l_1_1_1	100.000	38	0	0	9615	9652	17522173	17522210	1.04e-08	71.3
ptg000006l_rc_rotated	ptg000023l_1_1_1	100.000	38	0	0	9698	9735	17522173	17522210	1.04e-08	71.3
ptg000006l_rc_rotated	ptg000023l_1_1_1	100.000	38	0	0	9719	9756	17522173	17522210	1.04e-08	71.3
ptg000006l_rc_rotated	ptg000023l_1_1_1	100.000	38	0	0	9740	9777	17522173	17522210	1.04e-08	71.3
ptg000006l_rc_rotated	ptg000023l_1_1_1	100.000	38	0	0	9761	9798	17522173	17522210	1.04e-08	71.3
ptg000006l_rc_rotated	ptg000023l_1_1_1	100.000	38	0	0	9844	9881	17522173	17522210	1.04e-08	71.3
ptg000006l_rc_rotated	ptg000023l_1_1_1	100.000	38	0	0	9865	9902	17522173	17522210	1.04e-08	71.3
ptg000006l_rc_rotated	ptg000023l_1_1_1	100.000	38	0	0	9886	9923	17522173	17522210	1.04e-08	71.3
ptg000006l_rc_rotated	ptg000023l_1_1_1	100.000	38	0	0	9907	9944	17522173	17522210	1.04e-08	71.3
ptg000006l_rc_rotated	ptg000023l_1_1_1	100.000	38	0	0	10032	10069	17522173	17522210	1.04e-08	71.3
ptg000006l_rc_rotated	ptg000023l_1_1_1	100.000	38	0	0	10053	10090	17522173	17522210	1.04e-08	71.3
ptg000006l_rc_rotated	ptg000023l_1_1_1	100.000	38	0	0	10136	10173	17522173	17522210	1.04e-08	71.3
ptg000006l_rc_rotated	ptg000023l_1_1_1	100.000	38	0	0	10157	10194	17522173	17522210	1.04e-08	71.3
ptg000006l_rc_rotated	ptg000023l_1_1_1	100.000	38	0	0	10178	10215	17522173	17522210	1.04e-08	71.3
ptg000006l_rc_rotated	ptg000023l_1_1_1	100.000	38	0	0	10199	10236	17522173	17522210	1.04e-08	71.3
ptg000006l_rc_rotated	ptg000023l_1_1_1	100.000	37	0	0	8448	8484	17522174	17522210	3.73e-08	69.4
ptg000006l_rc_rotated	ptg000023l_1_1_1	100.000	37	0	0	8531	8567	17522174	17522210	3.73e-08	69.4
ptg000006l_rc_rotated	ptg000023l_1_1_1	97.500	40	0	1	1562	1600	1182770	1182809	1.34e-07	67.6
ptg000006l_rc_rotated	ptg000023l_1_1_1	97.436	39	1	0	8424	8462	13556489	13556527	1.34e-07	67.6
ptg000006l_rc_rotated	ptg000023l_1_1_1	97.436	39	1	0	8591	8629	13556489	13556527	1.34e-07	67.6
ptg000006l_rc_rotated	ptg000023l_1_1_1	97.436	39	1	0	9029	9067	13556489	13556527	1.34e-07	67.6
ptg000006l_rc_rotated	ptg000023l_1_1_1	100.000	36	0	0	9116	9151	17522175	17522210	1.34e-07	67.6
ptg000006l_rc_rotated	ptg000023l_1_1_1	97.368	38	1	0	9552	9589	17522173	17522210	4.82e-07	65.8
ptg000006l_rc_rotated	ptg000023l_1_1_1	97.368	38	1	0	9990	10027	17522173	17522210	4.82e-07	65.8
ptg000006l_rc_rotated	ptg000023l_1_1_1	91.489	47	3	1	1684	1730	14688297	14688252	1.73e-06	63.9
ptg000006l_rc_rotated	ptg000023l_1_1_1	100.000	31	0	0	8612	8642	13556489	13556519	8.07e-05	58.4
ptg000006l_rc_rotated	ptg000023l_1_1_1	100.000	29	0	0	8322	8350	17522173	17522201	0.001	54.7
ptg000006l_rc_rotated	ptg000023l_1_1_1	100.000	29	0	0	8468	8496	17522173	17522201	0.001	54.7
ptg000006l_rc_rotated	ptg000023l_1_1_1	100.000	29	0	0	8760	8788	17522173	17522201	0.001	54.7
ptg000006l_rc_rotated	ptg000023l_1_1_1	100.000	29	0	0	8906	8934	17522173	17522201	0.001	54.7
ptg000006l_rc_rotated	ptg000023l_1_1_1	100.000	29	0	0	9198	9226	17522173	17522201	0.001	54.7
ptg000006l_rc_rotated	ptg000023l_1_1_1	100.000	29	0	0	9344	9372	17522173	17522201	0.001	54.7
ptg000006l_rc_rotated	ptg000023l_1_1_1	100.000	29	0	0	9490	9518	17522173	17522201	0.001	54.7
ptg000006l_rc_rotated	ptg000023l_1_1_1	100.000	29	0	0	9636	9664	17522173	17522201	0.001	54.7
ptg000006l_rc_rotated	ptg000023l_1_1_1	100.000	29	0	0	9782	9810	17522173	17522201	0.001	54.7
ptg000006l_rc_rotated	ptg000023l_1_1_1	100.000	29	0	0	9928	9956	17522173	17522201	0.001	54.7
ptg000006l_rc_rotated	ptg000023l_1_1_1	100.000	29	0	0	10074	10102	17522173	17522201	0.001	54.7
ptg000006l_rc_rotated	ptg000023l_1_1_1	100.000	28	0	0	9053	9080	17522174	17522201	0.004	52.8
ptg000006l_rc_rotated	ptg000024l_1_1_1	82.403	233	25	10	2428	2651	3051602	3051377	2.74e-44	189
ptg000006l_rc_rotated	ptg000024l_1_1_1	96.970	66	2	0	11334	11399	5025534	5025599	6.10e-21	111
ptg000006l_rc_rotated	ptg000024l_1_1_1	97.917	48	0	1	8262	8309	2814460	2814506	4.79e-12	82.4
ptg000006l_rc_rotated	ptg000024l_1_1_1	92.157	51	4	0	2414	2464	1450454	1450404	2.88e-09	73.1
ptg000006l_rc_rotated	ptg000024l_1_1_1	100.000	39	0	0	8292	8330	2814468	2814506	2.88e-09	73.1
ptg000006l_rc_rotated	ptg000024l_1_1_1	100.000	39	0	0	8396	8434	2814468	2814506	2.88e-09	73.1
ptg000006l_rc_rotated	ptg000024l_1_1_1	100.000	39	0	0	8542	8580	2814468	2814506	2.88e-09	73.1
ptg000006l_rc_rotated	ptg000024l_1_1_1	100.000	39	0	0	8563	8601	2814468	2814506	2.88e-09	73.1
ptg000006l_rc_rotated	ptg000024l_1_1_1	100.000	39	0	0	8688	8726	2814468	2814506	2.88e-09	73.1
ptg000006l_rc_rotated	ptg000024l_1_1_1	100.000	39	0	0	8709	8747	2814468	2814506	2.88e-09	73.1
ptg000006l_rc_rotated	ptg000024l_1_1_1	100.000	39	0	0	8730	8768	2814468	2814506	2.88e-09	73.1
ptg000006l_rc_rotated	ptg000024l_1_1_1	100.000	39	0	0	8834	8872	2814468	2814506	2.88e-09	73.1
ptg000006l_rc_rotated	ptg000024l_1_1_1	100.000	39	0	0	8855	8893	2814468	2814506	2.88e-09	73.1
ptg000006l_rc_rotated	ptg000024l_1_1_1	100.000	39	0	0	8876	8914	2814468	2814506	2.88e-09	73.1
ptg000006l_rc_rotated	ptg000024l_1_1_1	100.000	39	0	0	8980	9018	2814468	2814506	2.88e-09	73.1
ptg000006l_rc_rotated	ptg000024l_1_1_1	100.000	39	0	0	9001	9039	2814468	2814506	2.88e-09	73.1
ptg000006l_rc_rotated	ptg000024l_1_1_1	100.000	39	0	0	9126	9164	2814468	2814506	2.88e-09	73.1
ptg000006l_rc_rotated	ptg000024l_1_1_1	100.000	39	0	0	9147	9185	2814468	2814506	2.88e-09	73.1
ptg000006l_rc_rotated	ptg000024l_1_1_1	100.000	39	0	0	9168	9206	2814468	2814506	2.88e-09	73.1
ptg000006l_rc_rotated	ptg000024l_1_1_1	100.000	39	0	0	9272	9310	2814468	2814506	2.88e-09	73.1
ptg000006l_rc_rotated	ptg000024l_1_1_1	100.000	39	0	0	9293	9331	2814468	2814506	2.88e-09	73.1
ptg000006l_rc_rotated	ptg000024l_1_1_1	100.000	39	0	0	9314	9352	2814468	2814506	2.88e-09	73.1
ptg000006l_rc_rotated	ptg000024l_1_1_1	100.000	39	0	0	9418	9456	2814468	2814506	2.88e-09	73.1
ptg000006l_rc_rotated	ptg000024l_1_1_1	100.000	39	0	0	9439	9477	2814468	2814506	2.88e-09	73.1
ptg000006l_rc_rotated	ptg000024l_1_1_1	100.000	39	0	0	9460	9498	2814468	2814506	2.88e-09	73.1
ptg000006l_rc_rotated	ptg000024l_1_1_1	100.000	39	0	0	9585	9623	2814468	2814506	2.88e-09	73.1
ptg000006l_rc_rotated	ptg000024l_1_1_1	100.000	39	0	0	9606	9644	2814468	2814506	2.88e-09	73.1
ptg000006l_rc_rotated	ptg000024l_1_1_1	100.000	39	0	0	9710	9748	2814468	2814506	2.88e-09	73.1
ptg000006l_rc_rotated	ptg000024l_1_1_1	100.000	39	0	0	9731	9769	2814468	2814506	2.88e-09	73.1
ptg000006l_rc_rotated	ptg000024l_1_1_1	100.000	39	0	0	9752	9790	2814468	2814506	2.88e-09	73.1
ptg000006l_rc_rotated	ptg000024l_1_1_1	100.000	39	0	0	9856	9894	2814468	2814506	2.88e-09	73.1
ptg000006l_rc_rotated	ptg000024l_1_1_1	100.000	39	0	0	9877	9915	2814468	2814506	2.88e-09	73.1
ptg000006l_rc_rotated	ptg000024l_1_1_1	100.000	39	0	0	9898	9936	2814468	2814506	2.88e-09	73.1
ptg000006l_rc_rotated	ptg000024l_1_1_1	100.000	39	0	0	10023	10061	2814468	2814506	2.88e-09	73.1
ptg000006l_rc_rotated	ptg000024l_1_1_1	100.000	39	0	0	10044	10082	2814468	2814506	2.88e-09	73.1
ptg000006l_rc_rotated	ptg000024l_1_1_1	100.000	39	0	0	10148	10186	2814468	2814506	2.88e-09	73.1
ptg000006l_rc_rotated	ptg000024l_1_1_1	100.000	39	0	0	10169	10207	2814468	2814506	2.88e-09	73.1
ptg000006l_rc_rotated	ptg000024l_1_1_1	100.000	39	0	0	10190	10228	2814468	2814506	2.88e-09	73.1
ptg000006l_rc_rotated	ptg000024l_1_1_1	100.000	38	0	0	8313	8350	2814468	2814505	1.04e-08	71.3
ptg000006l_rc_rotated	ptg000024l_1_1_1	100.000	38	0	0	8459	8496	2814468	2814505	1.04e-08	71.3
ptg000006l_rc_rotated	ptg000024l_1_1_1	100.000	38	0	0	8751	8788	2814468	2814505	1.04e-08	71.3
ptg000006l_rc_rotated	ptg000024l_1_1_1	100.000	38	0	0	8897	8934	2814468	2814505	1.04e-08	71.3
ptg000006l_rc_rotated	ptg000024l_1_1_1	100.000	38	0	0	9189	9226	2814468	2814505	1.04e-08	71.3
ptg000006l_rc_rotated	ptg000024l_1_1_1	100.000	38	0	0	9335	9372	2814468	2814505	1.04e-08	71.3
ptg000006l_rc_rotated	ptg000024l_1_1_1	100.000	38	0	0	9481	9518	2814468	2814505	1.04e-08	71.3
ptg000006l_rc_rotated	ptg000024l_1_1_1	100.000	38	0	0	9627	9664	2814468	2814505	1.04e-08	71.3
ptg000006l_rc_rotated	ptg000024l_1_1_1	100.000	38	0	0	9773	9810	2814468	2814505	1.04e-08	71.3
ptg000006l_rc_rotated	ptg000024l_1_1_1	100.000	38	0	0	9919	9956	2814468	2814505	1.04e-08	71.3
ptg000006l_rc_rotated	ptg000024l_1_1_1	100.000	38	0	0	10065	10102	2814468	2814505	1.04e-08	71.3
ptg000006l_rc_rotated	ptg000024l_1_1_1	97.436	39	1	0	8417	8455	2814468	2814506	1.34e-07	67.6
ptg000006l_rc_rotated	ptg000024l_1_1_1	97.436	39	1	0	8438	8476	2814468	2814506	1.34e-07	67.6
ptg000006l_rc_rotated	ptg000024l_1_1_1	97.436	39	1	0	8584	8622	2814468	2814506	1.34e-07	67.6
ptg000006l_rc_rotated	ptg000024l_1_1_1	97.436	39	1	0	9022	9060	2814468	2814506	1.34e-07	67.6
ptg000006l_rc_rotated	ptg000024l_1_1_1	100.000	36	0	0	8670	8705	2814471	2814506	1.34e-07	67.6
ptg000006l_rc_rotated	ptg000024l_1_1_1	100.000	36	0	0	8962	8997	2814471	2814506	1.34e-07	67.6
ptg000006l_rc_rotated	ptg000024l_1_1_1	100.000	36	0	0	9254	9289	2814471	2814506	1.34e-07	67.6
ptg000006l_rc_rotated	ptg000024l_1_1_1	100.000	36	0	0	9400	9435	2814471	2814506	1.34e-07	67.6
ptg000006l_rc_rotated	ptg000024l_1_1_1	100.000	36	0	0	9546	9581	2814471	2814506	1.34e-07	67.6
ptg000006l_rc_rotated	ptg000024l_1_1_1	100.000	36	0	0	9692	9727	2814471	2814506	1.34e-07	67.6
ptg000006l_rc_rotated	ptg000024l_1_1_1	100.000	36	0	0	9838	9873	2814471	2814506	1.34e-07	67.6
ptg000006l_rc_rotated	ptg000024l_1_1_1	100.000	36	0	0	9984	10019	2814471	2814506	1.34e-07	67.6
ptg000006l_rc_rotated	ptg000024l_1_1_1	100.000	36	0	0	10130	10165	2814471	2814506	1.34e-07	67.6
ptg000006l_rc_rotated	ptg000024l_1_1_1	97.368	38	1	0	9043	9080	2814468	2814505	4.82e-07	65.8
ptg000006l_rc_rotated	ptg000024l_1_1_1	100.000	34	0	0	10211	10244	2814468	2814501	1.73e-06	63.9
ptg000006l_rc_rotated	ptg000024l_1_1_1	100.000	34	0	0	8380	8413	2814473	2814506	1.73e-06	63.9
ptg000006l_rc_rotated	ptg000024l_1_1_1	100.000	34	0	0	8818	8851	2814473	2814506	1.73e-06	63.9
ptg000006l_rc_rotated	ptg000024l_1_1_1	97.222	36	1	0	8524	8559	2814471	2814506	6.24e-06	62.1
ptg000006l_rc_rotated	ptg000024l_1_1_1	97.222	36	1	0	9108	9143	2814471	2814506	6.24e-06	62.1
ptg000006l_rc_rotated	ptg000016l_1_1_1	98.077	104	2	0	5991	6094	18273512	18273409	4.59e-42	182
ptg000006l_rc_rotated	ptg000016l_1_1_1	88.194	144	13	2	11883	12026	7454948	7454809	3.57e-38	169
ptg000006l_rc_rotated	ptg000016l_1_1_1	80.093	216	30	10	11076	11287	17861953	17861747	4.65e-32	148
ptg000006l_rc_rotated	ptg000016l_1_1_1	98.592	71	1	0	939	1009	4030323	4030253	2.18e-25	126
ptg000006l_rc_rotated	ptg000016l_1_1_1	98.438	64	1	0	8580	8643	12903103	12903040	1.70e-21	113
ptg000006l_rc_rotated	ptg000016l_1_1_1	93.243	74	5	0	5865	5938	10525867	10525794	2.20e-20	110
ptg000006l_rc_rotated	ptg000016l_1_1_1	96.923	65	2	0	4255	4319	18580282	18580346	2.20e-20	110
ptg000006l_rc_rotated	ptg000016l_1_1_1	96.875	64	2	0	9018	9081	12903103	12903040	7.90e-20	108
ptg000006l_rc_rotated	ptg000016l_1_1_1	98.361	61	1	0	8997	9057	12903103	12903043	7.90e-20	108
ptg000006l_rc_rotated	ptg000016l_1_1_1	98.361	61	1	0	8559	8619	12903103	12903043	7.90e-20	108
ptg000006l_rc_rotated	ptg000016l_1_1_1	98.361	61	1	0	8413	8473	12903103	12903043	7.90e-20	108
ptg000006l_rc_rotated	ptg000016l_1_1_1	98.361	61	1	0	8392	8452	12903103	12903043	7.90e-20	108
ptg000006l_rc_rotated	ptg000016l_1_1_1	93.056	72	5	0	11584	11655	3570621	3570692	2.84e-19	106
ptg000006l_rc_rotated	ptg000016l_1_1_1	95.312	64	3	0	10040	10103	12903103	12903040	3.67e-18	102
ptg000006l_rc_rotated	ptg000016l_1_1_1	95.312	64	3	0	9894	9957	12903103	12903040	3.67e-18	102
ptg000006l_rc_rotated	ptg000016l_1_1_1	95.312	64	3	0	9748	9811	12903103	12903040	3.67e-18	102
ptg000006l_rc_rotated	ptg000016l_1_1_1	95.312	64	3	0	9602	9665	12903103	12903040	3.67e-18	102
ptg000006l_rc_rotated	ptg000016l_1_1_1	95.312	64	3	0	9456	9519	12903103	12903040	3.67e-18	102
ptg000006l_rc_rotated	ptg000016l_1_1_1	95.312	64	3	0	9310	9373	12903103	12903040	3.67e-18	102
ptg000006l_rc_rotated	ptg000016l_1_1_1	95.312	64	3	0	9164	9227	12903103	12903040	3.67e-18	102
ptg000006l_rc_rotated	ptg000016l_1_1_1	95.312	64	3	0	8872	8935	12903103	12903040	3.67e-18	102
ptg000006l_rc_rotated	ptg000016l_1_1_1	95.312	64	3	0	8726	8789	12903103	12903040	3.67e-18	102
ptg000006l_rc_rotated	ptg000016l_1_1_1	95.312	64	3	0	8288	8351	12903103	12903040	3.67e-18	102
ptg000006l_rc_rotated	ptg000016l_1_1_1	96.721	61	2	0	10165	10225	12903103	12903043	3.67e-18	102
ptg000006l_rc_rotated	ptg000016l_1_1_1	96.721	61	2	0	10144	10204	12903103	12903043	3.67e-18	102
ptg000006l_rc_rotated	ptg000016l_1_1_1	96.721	61	2	0	9873	9933	12903103	12903043	3.67e-18	102
ptg000006l_rc_rotated	ptg000016l_1_1_1	96.721	61	2	0	9852	9912	12903103	12903043	3.67e-18	102
ptg000006l_rc_rotated	ptg000016l_1_1_1	96.721	61	2	0	9727	9787	12903103	12903043	3.67e-18	102
ptg000006l_rc_rotated	ptg000016l_1_1_1	96.721	61	2	0	9706	9766	12903103	12903043	3.67e-18	102
ptg000006l_rc_rotated	ptg000016l_1_1_1	96.721	61	2	0	9435	9495	12903103	12903043	3.67e-18	102
ptg000006l_rc_rotated	ptg000016l_1_1_1	96.721	61	2	0	9414	9474	12903103	12903043	3.67e-18	102
ptg000006l_rc_rotated	ptg000016l_1_1_1	96.721	61	2	0	9289	9349	12903103	12903043	3.67e-18	102
ptg000006l_rc_rotated	ptg000016l_1_1_1	96.721	61	2	0	9268	9328	12903103	12903043	3.67e-18	102
ptg000006l_rc_rotated	ptg000016l_1_1_1	96.721	61	2	0	9143	9203	12903103	12903043	3.67e-18	102
ptg000006l_rc_rotated	ptg000016l_1_1_1	96.721	61	2	0	9122	9182	12903103	12903043	3.67e-18	102
ptg000006l_rc_rotated	ptg000016l_1_1_1	96.721	61	2	0	8976	9036	12903103	12903043	3.67e-18	102
ptg000006l_rc_rotated	ptg000016l_1_1_1	96.721	61	2	0	8851	8911	12903103	12903043	3.67e-18	102
ptg000006l_rc_rotated	ptg000016l_1_1_1	96.721	61	2	0	8830	8890	12903103	12903043	3.67e-18	102
ptg000006l_rc_rotated	ptg000016l_1_1_1	96.721	61	2	0	8705	8765	12903103	12903043	3.67e-18	102
ptg000006l_rc_rotated	ptg000016l_1_1_1	96.721	61	2	0	8684	8744	12903103	12903043	3.67e-18	102
ptg000006l_rc_rotated	ptg000016l_1_1_1	96.721	61	2	0	8538	8598	12903103	12903043	3.67e-18	102
ptg000006l_rc_rotated	ptg000016l_1_1_1	96.610	59	2	0	10186	10244	12903103	12903045	4.75e-17	99.0
ptg000006l_rc_rotated	ptg000016l_1_1_1	95.082	61	3	0	10019	10079	12903103	12903043	1.71e-16	97.1
ptg000006l_rc_rotated	ptg000016l_1_1_1	95.082	61	3	0	9581	9641	12903103	12903043	1.71e-16	97.1
ptg000006l_rc_rotated	ptg000016l_1_1_1	96.491	57	2	0	12523	12579	16644763	16644707	6.15e-16	95.3
ptg000006l_rc_rotated	ptg000016l_1_1_1	98.148	54	1	0	14456	14509	18580398	18580345	6.15e-16	95.3
ptg000006l_rc_rotated	ptg000016l_1_1_1	94.545	55	3	0	3368	3422	788081	788027	3.70e-13	86.1
ptg000006l_rc_rotated	ptg000016l_1_1_1	96.154	52	2	0	3403	3454	10440183	10440132	3.70e-13	86.1
ptg000006l_rc_rotated	ptg000016l_1_1_1	91.071	56	5	0	10061	10116	12903103	12903048	2.23e-10	76.8
ptg000006l_rc_rotated	ptg000016l_1_1_1	91.071	56	5	0	9915	9970	12903103	12903048	2.23e-10	76.8
ptg000006l_rc_rotated	ptg000016l_1_1_1	91.071	56	5	0	9769	9824	12903103	12903048	2.23e-10	76.8
ptg000006l_rc_rotated	ptg000016l_1_1_1	91.071	56	5	0	9623	9678	12903103	12903048	2.23e-10	76.8
ptg000006l_rc_rotated	ptg000016l_1_1_1	91.071	56	5	0	9477	9532	12903103	12903048	2.23e-10	76.8
ptg000006l_rc_rotated	ptg000016l_1_1_1	91.071	56	5	0	9331	9386	12903103	12903048	2.23e-10	76.8
ptg000006l_rc_rotated	ptg000016l_1_1_1	91.071	56	5	0	9185	9240	12903103	12903048	2.23e-10	76.8
ptg000006l_rc_rotated	ptg000016l_1_1_1	91.071	56	5	0	8893	8948	12903103	12903048	2.23e-10	76.8
ptg000006l_rc_rotated	ptg000016l_1_1_1	91.071	56	5	0	8747	8802	12903103	12903048	2.23e-10	76.8
ptg000006l_rc_rotated	ptg000016l_1_1_1	91.071	56	5	0	8601	8656	12903103	12903048	2.23e-10	76.8
ptg000006l_rc_rotated	ptg000016l_1_1_1	91.071	56	5	0	8455	8510	12903103	12903048	2.23e-10	76.8
ptg000006l_rc_rotated	ptg000016l_1_1_1	91.071	56	5	0	8309	8364	12903103	12903048	2.23e-10	76.8
ptg000006l_rc_rotated	ptg000016l_1_1_1	92.308	52	4	0	18205	18256	4860566	4860515	8.01e-10	75.0
ptg000006l_rc_rotated	ptg000016l_1_1_1	87.302	63	7	1	18492	18554	3401481	3401542	1.04e-08	71.3
ptg000006l_rc_rotated	ptg000016l_1_1_1	97.368	38	1	0	10207	10244	12903103	12903066	4.82e-07	65.8
ptg000006l_rc_rotated	ptg000042l_1_1_1	85.000	160	11	8	4	151	10062911	10063069	1.29e-32	150
ptg000006l_rc_rotated	ptg000042l_1_1_1	91.935	62	4	1	14853	14914	2807632	2807572	3.70e-13	86.1
ptg000006l_rc_rotated	ptg000042l_1_1_1	100.000	37	0	0	6200	6236	7446253	7446289	3.73e-08	69.4
ptg000006l_rc_rotated	ptg000035l_1_1_1	98.214	56	1	0	9005	9060	8505332	8505277	4.75e-17	99.0
ptg000006l_rc_rotated	ptg000035l_1_1_1	98.214	56	1	0	8567	8622	8505332	8505277	4.75e-17	99.0
ptg000006l_rc_rotated	ptg000035l_1_1_1	98.214	56	1	0	8400	8455	8505332	8505277	4.75e-17	99.0
ptg000006l_rc_rotated	ptg000035l_1_1_1	92.537	67	5	0	3219	3285	6271064	6270998	1.71e-16	97.1
ptg000006l_rc_rotated	ptg000035l_1_1_1	95.082	61	3	0	3226	3286	7060919	7060859	1.71e-16	97.1
ptg000006l_rc_rotated	ptg000035l_1_1_1	86.517	89	9	2	8897	8985	1752913	1752998	6.15e-16	95.3
ptg000006l_rc_rotated	ptg000035l_1_1_1	86.517	89	9	2	9189	9277	1752913	1752998	6.15e-16	95.3
ptg000006l_rc_rotated	ptg000035l_1_1_1	86.517	89	9	2	9335	9423	1752913	1752998	6.15e-16	95.3
ptg000006l_rc_rotated	ptg000035l_1_1_1	86.517	89	9	2	9481	9569	1752913	1752998	6.15e-16	95.3
ptg000006l_rc_rotated	ptg000035l_1_1_1	86.517	89	9	2	9627	9715	1752913	1752998	6.15e-16	95.3
ptg000006l_rc_rotated	ptg000035l_1_1_1	86.517	89	9	2	9773	9861	1752913	1752998	6.15e-16	95.3
ptg000006l_rc_rotated	ptg000035l_1_1_1	86.517	89	9	2	9919	10007	1752913	1752998	6.15e-16	95.3
ptg000006l_rc_rotated	ptg000035l_1_1_1	86.517	89	9	2	10065	10153	1752913	1752998	6.15e-16	95.3
ptg000006l_rc_rotated	ptg000035l_1_1_1	96.429	56	2	0	10173	10228	8505332	8505277	2.21e-15	93.5
ptg000006l_rc_rotated	ptg000035l_1_1_1	96.429	56	2	0	10152	10207	8505332	8505277	2.21e-15	93.5
ptg000006l_rc_rotated	ptg000035l_1_1_1	96.429	56	2	0	10131	10186	8505332	8505277	2.21e-15	93.5
ptg000006l_rc_rotated	ptg000035l_1_1_1	96.429	56	2	0	10027	10082	8505332	8505277	2.21e-15	93.5
ptg000006l_rc_rotated	ptg000035l_1_1_1	96.429	56	2	0	9881	9936	8505332	8505277	2.21e-15	93.5
ptg000006l_rc_rotated	ptg000035l_1_1_1	96.429	56	2	0	9860	9915	8505332	8505277	2.21e-15	93.5
ptg000006l_rc_rotated	ptg000035l_1_1_1	96.429	56	2	0	9839	9894	8505332	8505277	2.21e-15	93.5
ptg000006l_rc_rotated	ptg000035l_1_1_1	96.429	56	2	0	9735	9790	8505332	8505277	2.21e-15	93.5
ptg000006l_rc_rotated	ptg000035l_1_1_1	96.429	56	2	0	9714	9769	8505332	8505277	2.21e-15	93.5
ptg000006l_rc_rotated	ptg000035l_1_1_1	96.429	56	2	0	9693	9748	8505332	8505277	2.21e-15	93.5
ptg000006l_rc_rotated	ptg000035l_1_1_1	96.429	56	2	0	9589	9644	8505332	8505277	2.21e-15	93.5
ptg000006l_rc_rotated	ptg000035l_1_1_1	96.429	56	2	0	9443	9498	8505332	8505277	2.21e-15	93.5
ptg000006l_rc_rotated	ptg000035l_1_1_1	96.429	56	2	0	9422	9477	8505332	8505277	2.21e-15	93.5
ptg000006l_rc_rotated	ptg000035l_1_1_1	96.429	56	2	0	9401	9456	8505332	8505277	2.21e-15	93.5
ptg000006l_rc_rotated	ptg000035l_1_1_1	96.429	56	2	0	9297	9352	8505332	8505277	2.21e-15	93.5
ptg000006l_rc_rotated	ptg000035l_1_1_1	96.429	56	2	0	9276	9331	8505332	8505277	2.21e-15	93.5
ptg000006l_rc_rotated	ptg000035l_1_1_1	96.429	56	2	0	9255	9310	8505332	8505277	2.21e-15	93.5
ptg000006l_rc_rotated	ptg000035l_1_1_1	96.429	56	2	0	9151	9206	8505332	8505277	2.21e-15	93.5
ptg000006l_rc_rotated	ptg000035l_1_1_1	96.429	56	2	0	9130	9185	8505332	8505277	2.21e-15	93.5
ptg000006l_rc_rotated	ptg000035l_1_1_1	96.429	56	2	0	8984	9039	8505332	8505277	2.21e-15	93.5
ptg000006l_rc_rotated	ptg000035l_1_1_1	96.429	56	2	0	8963	9018	8505332	8505277	2.21e-15	93.5
ptg000006l_rc_rotated	ptg000035l_1_1_1	96.429	56	2	0	8859	8914	8505332	8505277	2.21e-15	93.5
ptg000006l_rc_rotated	ptg000035l_1_1_1	96.429	56	2	0	8838	8893	8505332	8505277	2.21e-15	93.5
ptg000006l_rc_rotated	ptg000035l_1_1_1	96.429	56	2	0	8713	8768	8505332	8505277	2.21e-15	93.5
ptg000006l_rc_rotated	ptg000035l_1_1_1	96.429	56	2	0	8692	8747	8505332	8505277	2.21e-15	93.5
ptg000006l_rc_rotated	ptg000035l_1_1_1	96.429	56	2	0	8671	8726	8505332	8505277	2.21e-15	93.5
ptg000006l_rc_rotated	ptg000035l_1_1_1	96.429	56	2	0	8546	8601	8505332	8505277	2.21e-15	93.5
ptg000006l_rc_rotated	ptg000035l_1_1_1	96.429	56	2	0	8275	8330	8505332	8505277	2.21e-15	93.5
ptg000006l_rc_rotated	ptg000035l_1_1_1	96.364	55	2	0	8818	8872	8505331	8505277	7.95e-15	91.6
ptg000006l_rc_rotated	ptg000035l_1_1_1	96.364	55	2	0	8380	8434	8505331	8505277	7.95e-15	91.6
ptg000006l_rc_rotated	ptg000035l_1_1_1	96.364	55	2	0	10048	10102	8505332	8505278	7.95e-15	91.6
ptg000006l_rc_rotated	ptg000035l_1_1_1	96.364	55	2	0	9902	9956	8505332	8505278	7.95e-15	91.6
ptg000006l_rc_rotated	ptg000035l_1_1_1	96.364	55	2	0	9756	9810	8505332	8505278	7.95e-15	91.6
ptg000006l_rc_rotated	ptg000035l_1_1_1	96.364	55	2	0	9610	9664	8505332	8505278	7.95e-15	91.6
ptg000006l_rc_rotated	ptg000035l_1_1_1	96.364	55	2	0	9464	9518	8505332	8505278	7.95e-15	91.6
ptg000006l_rc_rotated	ptg000035l_1_1_1	96.364	55	2	0	9318	9372	8505332	8505278	7.95e-15	91.6
ptg000006l_rc_rotated	ptg000035l_1_1_1	96.364	55	2	0	9172	9226	8505332	8505278	7.95e-15	91.6
ptg000006l_rc_rotated	ptg000035l_1_1_1	96.364	55	2	0	8880	8934	8505332	8505278	7.95e-15	91.6
ptg000006l_rc_rotated	ptg000035l_1_1_1	96.364	55	2	0	8734	8788	8505332	8505278	7.95e-15	91.6
ptg000006l_rc_rotated	ptg000035l_1_1_1	96.364	55	2	0	8296	8350	8505332	8505278	7.95e-15	91.6
ptg000006l_rc_rotated	ptg000035l_1_1_1	85.393	89	10	2	8313	8401	1752913	1752998	2.86e-14	89.8
ptg000006l_rc_rotated	ptg000035l_1_1_1	85.393	89	10	2	8459	8547	1752913	1752998	2.86e-14	89.8
ptg000006l_rc_rotated	ptg000035l_1_1_1	85.393	89	10	2	8751	8839	1752913	1752998	2.86e-14	89.8
ptg000006l_rc_rotated	ptg000035l_1_1_1	94.643	56	3	0	9985	10040	8505332	8505277	1.03e-13	87.9
ptg000006l_rc_rotated	ptg000035l_1_1_1	94.643	56	3	0	9547	9602	8505332	8505277	1.03e-13	87.9
ptg000006l_rc_rotated	ptg000035l_1_1_1	94.643	56	3	0	9109	9164	8505332	8505277	1.03e-13	87.9
ptg000006l_rc_rotated	ptg000035l_1_1_1	94.643	56	3	0	8525	8580	8505332	8505277	1.03e-13	87.9
ptg000006l_rc_rotated	ptg000035l_1_1_1	97.959	49	1	0	8283	8331	4769925	4769973	3.70e-13	86.1
ptg000006l_rc_rotated	ptg000035l_1_1_1	97.959	49	1	0	8387	8435	4769925	4769973	3.70e-13	86.1
ptg000006l_rc_rotated	ptg000035l_1_1_1	97.959	49	1	0	8533	8581	4769925	4769973	3.70e-13	86.1
ptg000006l_rc_rotated	ptg000035l_1_1_1	97.959	49	1	0	8554	8602	4769925	4769973	3.70e-13	86.1
ptg000006l_rc_rotated	ptg000035l_1_1_1	97.959	49	1	0	8679	8727	4769925	4769973	3.70e-13	86.1
ptg000006l_rc_rotated	ptg000035l_1_1_1	97.959	49	1	0	8700	8748	4769925	4769973	3.70e-13	86.1
ptg000006l_rc_rotated	ptg000035l_1_1_1	97.959	49	1	0	8721	8769	4769925	4769973	3.70e-13	86.1
ptg000006l_rc_rotated	ptg000035l_1_1_1	97.959	49	1	0	8825	8873	4769925	4769973	3.70e-13	86.1
ptg000006l_rc_rotated	ptg000035l_1_1_1	97.959	49	1	0	8846	8894	4769925	4769973	3.70e-13	86.1
ptg000006l_rc_rotated	ptg000035l_1_1_1	97.959	49	1	0	8867	8915	4769925	4769973	3.70e-13	86.1
ptg000006l_rc_rotated	ptg000035l_1_1_1	97.959	49	1	0	8971	9019	4769925	4769973	3.70e-13	86.1
ptg000006l_rc_rotated	ptg000035l_1_1_1	97.959	49	1	0	8992	9040	4769925	4769973	3.70e-13	86.1
ptg000006l_rc_rotated	ptg000035l_1_1_1	97.959	49	1	0	9117	9165	4769925	4769973	3.70e-13	86.1
ptg000006l_rc_rotated	ptg000035l_1_1_1	97.959	49	1	0	9138	9186	4769925	4769973	3.70e-13	86.1
ptg000006l_rc_rotated	ptg000035l_1_1_1	97.959	49	1	0	9159	9207	4769925	4769973	3.70e-13	86.1
ptg000006l_rc_rotated	ptg000035l_1_1_1	97.959	49	1	0	9263	9311	4769925	4769973	3.70e-13	86.1
ptg000006l_rc_rotated	ptg000035l_1_1_1	97.959	49	1	0	9284	9332	4769925	4769973	3.70e-13	86.1
ptg000006l_rc_rotated	ptg000035l_1_1_1	97.959	49	1	0	9305	9353	4769925	4769973	3.70e-13	86.1
ptg000006l_rc_rotated	ptg000035l_1_1_1	97.959	49	1	0	9409	9457	4769925	4769973	3.70e-13	86.1
ptg000006l_rc_rotated	ptg000035l_1_1_1	97.959	49	1	0	9430	9478	4769925	4769973	3.70e-13	86.1
ptg000006l_rc_rotated	ptg000035l_1_1_1	97.959	49	1	0	9451	9499	4769925	4769973	3.70e-13	86.1
ptg000006l_rc_rotated	ptg000035l_1_1_1	97.959	49	1	0	9597	9645	4769925	4769973	3.70e-13	86.1
ptg000006l_rc_rotated	ptg000035l_1_1_1	97.959	49	1	0	9701	9749	4769925	4769973	3.70e-13	86.1
ptg000006l_rc_rotated	ptg000035l_1_1_1	97.959	49	1	0	9722	9770	4769925	4769973	3.70e-13	86.1
ptg000006l_rc_rotated	ptg000035l_1_1_1	97.959	49	1	0	9743	9791	4769925	4769973	3.70e-13	86.1
ptg000006l_rc_rotated	ptg000035l_1_1_1	97.959	49	1	0	9847	9895	4769925	4769973	3.70e-13	86.1
ptg000006l_rc_rotated	ptg000035l_1_1_1	97.959	49	1	0	9868	9916	4769925	4769973	3.70e-13	86.1
ptg000006l_rc_rotated	ptg000035l_1_1_1	97.959	49	1	0	9889	9937	4769925	4769973	3.70e-13	86.1
ptg000006l_rc_rotated	ptg000035l_1_1_1	97.959	49	1	0	10035	10083	4769925	4769973	3.70e-13	86.1
ptg000006l_rc_rotated	ptg000035l_1_1_1	97.959	49	1	0	10139	10187	4769925	4769973	3.70e-13	86.1
ptg000006l_rc_rotated	ptg000035l_1_1_1	97.959	49	1	0	10160	10208	4769925	4769973	3.70e-13	86.1
ptg000006l_rc_rotated	ptg000035l_1_1_1	97.959	49	1	0	10181	10229	4769925	4769973	3.70e-13	86.1
ptg000006l_rc_rotated	ptg000035l_1_1_1	94.545	55	3	0	8442	8496	8505332	8505278	3.70e-13	86.1
ptg000006l_rc_rotated	ptg000035l_1_1_1	96.078	51	2	0	10194	10244	8505332	8505282	1.33e-12	84.2
ptg000006l_rc_rotated	ptg000035l_1_1_1	97.872	47	1	0	8304	8350	4769925	4769971	4.79e-12	82.4
ptg000006l_rc_rotated	ptg000035l_1_1_1	97.872	47	1	0	8450	8496	4769925	4769971	4.79e-12	82.4
ptg000006l_rc_rotated	ptg000035l_1_1_1	97.872	47	1	0	8742	8788	4769925	4769971	4.79e-12	82.4
ptg000006l_rc_rotated	ptg000035l_1_1_1	97.872	47	1	0	8888	8934	4769925	4769971	4.79e-12	82.4
ptg000006l_rc_rotated	ptg000035l_1_1_1	97.872	47	1	0	9180	9226	4769925	4769971	4.79e-12	82.4
ptg000006l_rc_rotated	ptg000035l_1_1_1	97.872	47	1	0	9326	9372	4769925	4769971	4.79e-12	82.4
ptg000006l_rc_rotated	ptg000035l_1_1_1	97.872	47	1	0	9472	9518	4769925	4769971	4.79e-12	82.4
ptg000006l_rc_rotated	ptg000035l_1_1_1	97.872	47	1	0	9618	9664	4769925	4769971	4.79e-12	82.4
ptg000006l_rc_rotated	ptg000035l_1_1_1	97.872	47	1	0	9764	9810	4769925	4769971	4.79e-12	82.4
ptg000006l_rc_rotated	ptg000035l_1_1_1	97.872	47	1	0	9910	9956	4769925	4769971	4.79e-12	82.4
ptg000006l_rc_rotated	ptg000035l_1_1_1	97.872	47	1	0	10056	10102	4769925	4769971	4.79e-12	82.4
ptg000006l_rc_rotated	ptg000035l_1_1_1	95.918	49	2	0	8408	8456	4769925	4769973	1.72e-11	80.5
ptg000006l_rc_rotated	ptg000035l_1_1_1	95.918	49	2	0	8575	8623	4769925	4769973	1.72e-11	80.5
ptg000006l_rc_rotated	ptg000035l_1_1_1	95.918	49	2	0	9013	9061	4769925	4769973	1.72e-11	80.5
ptg000006l_rc_rotated	ptg000035l_1_1_1	95.918	49	2	0	9555	9603	4769925	4769973	1.72e-11	80.5
ptg000006l_rc_rotated	ptg000035l_1_1_1	95.918	49	2	0	9576	9624	4769925	4769973	1.72e-11	80.5
ptg000006l_rc_rotated	ptg000035l_1_1_1	95.918	49	2	0	9993	10041	4769925	4769973	1.72e-11	80.5
ptg000006l_rc_rotated	ptg000035l_1_1_1	95.918	49	2	0	10014	10062	4769925	4769973	1.72e-11	80.5
ptg000006l_rc_rotated	ptg000035l_1_1_1	97.826	46	1	0	12087	12132	9395499	9395454	1.72e-11	80.5
ptg000006l_rc_rotated	ptg000035l_1_1_1	82.222	90	12	2	8396	8485	1752913	1752998	8.01e-10	75.0
ptg000006l_rc_rotated	ptg000035l_1_1_1	97.674	43	1	0	10202	10244	4769925	4769967	8.01e-10	75.0
ptg000006l_rc_rotated	ptg000035l_1_1_1	81.111	90	13	2	8688	8777	1752913	1752998	3.73e-08	69.4
ptg000006l_rc_rotated	ptg000035l_1_1_1	81.111	90	13	2	8834	8923	1752913	1752998	3.73e-08	69.4
ptg000006l_rc_rotated	ptg000035l_1_1_1	81.111	90	13	2	9126	9215	1752913	1752998	3.73e-08	69.4
ptg000006l_rc_rotated	ptg000035l_1_1_1	81.111	90	13	2	9272	9361	1752913	1752998	3.73e-08	69.4
ptg000006l_rc_rotated	ptg000035l_1_1_1	81.111	90	13	2	9418	9507	1752913	1752998	3.73e-08	69.4
ptg000006l_rc_rotated	ptg000035l_1_1_1	81.111	90	13	2	9710	9799	1752913	1752998	3.73e-08	69.4
ptg000006l_rc_rotated	ptg000035l_1_1_1	81.111	90	13	2	9856	9945	1752913	1752998	3.73e-08	69.4
ptg000006l_rc_rotated	ptg000035l_1_1_1	81.111	90	13	2	10148	10237	1752913	1752998	3.73e-08	69.4
ptg000006l_rc_rotated	ptg000035l_1_1_1	81.609	87	12	2	9546	9632	1752916	1752998	3.73e-08	69.4
ptg000006l_rc_rotated	ptg000035l_1_1_1	81.609	87	12	2	9984	10070	1752916	1752998	3.73e-08	69.4
ptg000006l_rc_rotated	ptg000035l_1_1_1	97.436	39	1	0	9583	9621	1752911	1752949	1.34e-07	67.6
ptg000006l_rc_rotated	ptg000035l_1_1_1	97.436	39	1	0	10021	10059	1752911	1752949	1.34e-07	67.6
ptg000006l_rc_rotated	ptg000035l_1_1_1	97.297	37	1	0	8271	8307	1752913	1752949	1.73e-06	63.9
ptg000006l_rc_rotated	ptg000035l_1_1_1	97.297	37	1	0	8292	8328	1752913	1752949	1.73e-06	63.9
ptg000006l_rc_rotated	ptg000035l_1_1_1	97.297	37	1	0	8542	8578	1752913	1752949	1.73e-06	63.9
ptg000006l_rc_rotated	ptg000035l_1_1_1	97.297	37	1	0	8563	8599	1752913	1752949	1.73e-06	63.9
ptg000006l_rc_rotated	ptg000035l_1_1_1	97.297	37	1	0	8709	8745	1752913	1752949	1.73e-06	63.9
ptg000006l_rc_rotated	ptg000035l_1_1_1	97.297	37	1	0	8730	8766	1752913	1752949	1.73e-06	63.9
ptg000006l_rc_rotated	ptg000035l_1_1_1	97.297	37	1	0	8855	8891	1752913	1752949	1.73e-06	63.9
ptg000006l_rc_rotated	ptg000035l_1_1_1	97.297	37	1	0	8876	8912	1752913	1752949	1.73e-06	63.9
ptg000006l_rc_rotated	ptg000035l_1_1_1	97.297	37	1	0	8980	9016	1752913	1752949	1.73e-06	63.9
ptg000006l_rc_rotated	ptg000035l_1_1_1	97.297	37	1	0	9001	9037	1752913	1752949	1.73e-06	63.9
ptg000006l_rc_rotated	ptg000035l_1_1_1	97.297	37	1	0	9147	9183	1752913	1752949	1.73e-06	63.9
ptg000006l_rc_rotated	ptg000035l_1_1_1	97.297	37	1	0	9168	9204	1752913	1752949	1.73e-06	63.9
ptg000006l_rc_rotated	ptg000035l_1_1_1	97.297	37	1	0	9293	9329	1752913	1752949	1.73e-06	63.9
ptg000006l_rc_rotated	ptg000035l_1_1_1	97.297	37	1	0	9314	9350	1752913	1752949	1.73e-06	63.9
ptg000006l_rc_rotated	ptg000035l_1_1_1	97.297	37	1	0	9439	9475	1752913	1752949	1.73e-06	63.9
ptg000006l_rc_rotated	ptg000035l_1_1_1	97.297	37	1	0	9460	9496	1752913	1752949	1.73e-06	63.9
ptg000006l_rc_rotated	ptg000035l_1_1_1	97.297	37	1	0	9606	9642	1752913	1752949	1.73e-06	63.9
ptg000006l_rc_rotated	ptg000035l_1_1_1	97.297	37	1	0	9731	9767	1752913	1752949	1.73e-06	63.9
ptg000006l_rc_rotated	ptg000035l_1_1_1	97.297	37	1	0	9752	9788	1752913	1752949	1.73e-06	63.9
ptg000006l_rc_rotated	ptg000035l_1_1_1	97.297	37	1	0	9877	9913	1752913	1752949	1.73e-06	63.9
ptg000006l_rc_rotated	ptg000035l_1_1_1	97.297	37	1	0	9898	9934	1752913	1752949	1.73e-06	63.9
ptg000006l_rc_rotated	ptg000035l_1_1_1	97.297	37	1	0	10044	10080	1752913	1752949	1.73e-06	63.9
ptg000006l_rc_rotated	ptg000035l_1_1_1	97.297	37	1	0	10169	10205	1752913	1752949	1.73e-06	63.9
ptg000006l_rc_rotated	ptg000035l_1_1_1	97.297	37	1	0	10190	10226	1752913	1752949	1.73e-06	63.9
ptg000006l_rc_rotated	ptg000035l_1_1_1	80.460	87	13	2	8670	8756	1752916	1752998	1.73e-06	63.9
ptg000006l_rc_rotated	ptg000035l_1_1_1	80.460	87	13	2	8962	9048	1752916	1752998	1.73e-06	63.9
ptg000006l_rc_rotated	ptg000035l_1_1_1	80.460	87	13	2	9254	9340	1752916	1752998	1.73e-06	63.9
ptg000006l_rc_rotated	ptg000035l_1_1_1	80.460	87	13	2	9400	9486	1752916	1752998	1.73e-06	63.9
ptg000006l_rc_rotated	ptg000035l_1_1_1	80.460	87	13	2	9692	9778	1752916	1752998	1.73e-06	63.9
ptg000006l_rc_rotated	ptg000035l_1_1_1	80.460	87	13	2	9838	9924	1752916	1752998	1.73e-06	63.9
ptg000006l_rc_rotated	ptg000035l_1_1_1	80.460	87	13	2	10130	10216	1752916	1752998	1.73e-06	63.9
ptg000006l_rc_rotated	ptg000035l_1_1_1	100.000	34	0	0	10069	10102	8505332	8505299	1.73e-06	63.9
ptg000006l_rc_rotated	ptg000035l_1_1_1	100.000	34	0	0	9923	9956	8505332	8505299	1.73e-06	63.9
ptg000006l_rc_rotated	ptg000035l_1_1_1	100.000	34	0	0	9777	9810	8505332	8505299	1.73e-06	63.9
ptg000006l_rc_rotated	ptg000035l_1_1_1	100.000	34	0	0	9631	9664	8505332	8505299	1.73e-06	63.9
ptg000006l_rc_rotated	ptg000035l_1_1_1	100.000	34	0	0	9485	9518	8505332	8505299	1.73e-06	63.9
ptg000006l_rc_rotated	ptg000035l_1_1_1	100.000	34	0	0	9339	9372	8505332	8505299	1.73e-06	63.9
ptg000006l_rc_rotated	ptg000035l_1_1_1	100.000	34	0	0	9193	9226	8505332	8505299	1.73e-06	63.9
ptg000006l_rc_rotated	ptg000035l_1_1_1	100.000	34	0	0	8901	8934	8505332	8505299	1.73e-06	63.9
ptg000006l_rc_rotated	ptg000035l_1_1_1	100.000	34	0	0	8755	8788	8505332	8505299	1.73e-06	63.9
ptg000006l_rc_rotated	ptg000035l_1_1_1	100.000	34	0	0	8463	8496	8505332	8505299	1.73e-06	63.9
ptg000006l_rc_rotated	ptg000035l_1_1_1	100.000	34	0	0	8317	8350	8505332	8505299	1.73e-06	63.9
ptg000006l_rc_rotated	ptg000035l_1_1_1	100.000	32	0	0	10211	10242	1752913	1752944	2.24e-05	60.2
ptg000006l_rc_rotated	ptg000035l_1_1_1	94.595	37	2	0	8417	8453	1752913	1752949	8.07e-05	58.4
ptg000006l_rc_rotated	ptg000035l_1_1_1	94.595	37	2	0	8584	8620	1752913	1752949	8.07e-05	58.4
ptg000006l_rc_rotated	ptg000035l_1_1_1	94.595	37	2	0	9022	9058	1752913	1752949	8.07e-05	58.4
ptg000006l_rc_rotated	ptg000035l_1_1_1	97.059	34	1	0	9047	9080	8505332	8505299	8.07e-05	58.4
ptg000006l_rc_rotated	ptg000035l_1_1_1	100.000	30	0	0	10215	10244	8505332	8505303	2.90e-04	56.5
ptg000006l_rc_rotated	ptg000029l_1_1_1	96.226	53	2	0	12581	12633	3549610	3549558	1.03e-13	87.9
ptg000006l_rc_rotated	ptg000029l_1_1_1	97.368	38	1	0	17099	17136	422716	422753	4.82e-07	65.8
ptg000006l_rc_rotated	ptg000029l_1_1_1	89.583	48	5	0	9114	9161	687366	687319	6.24e-06	62.1
ptg000006l_rc_rotated	ptg000029l_1_1_1	89.130	46	5	0	10180	10225	687364	687319	8.07e-05	58.4
ptg000006l_rc_rotated	ptg000029l_1_1_1	89.130	46	5	0	10159	10204	687364	687319	8.07e-05	58.4
ptg000006l_rc_rotated	ptg000029l_1_1_1	89.130	46	5	0	10138	10183	687364	687319	8.07e-05	58.4
ptg000006l_rc_rotated	ptg000029l_1_1_1	89.130	46	5	0	10055	10100	687364	687319	8.07e-05	58.4
ptg000006l_rc_rotated	ptg000029l_1_1_1	89.130	46	5	0	10034	10079	687364	687319	8.07e-05	58.4
ptg000006l_rc_rotated	ptg000029l_1_1_1	89.362	47	3	2	9992	10037	687364	687319	8.07e-05	58.4
ptg000006l_rc_rotated	ptg000029l_1_1_1	89.130	46	5	0	9909	9954	687364	687319	8.07e-05	58.4
ptg000006l_rc_rotated	ptg000029l_1_1_1	89.130	46	5	0	9888	9933	687364	687319	8.07e-05	58.4
ptg000006l_rc_rotated	ptg000029l_1_1_1	89.130	46	5	0	9867	9912	687364	687319	8.07e-05	58.4
ptg000006l_rc_rotated	ptg000029l_1_1_1	89.130	46	5	0	9846	9891	687364	687319	8.07e-05	58.4
ptg000006l_rc_rotated	ptg000029l_1_1_1	89.130	46	5	0	9763	9808	687364	687319	8.07e-05	58.4
ptg000006l_rc_rotated	ptg000029l_1_1_1	89.130	46	5	0	9742	9787	687364	687319	8.07e-05	58.4
ptg000006l_rc_rotated	ptg000029l_1_1_1	89.130	46	5	0	9721	9766	687364	687319	8.07e-05	58.4
ptg000006l_rc_rotated	ptg000029l_1_1_1	89.130	46	5	0	9700	9745	687364	687319	8.07e-05	58.4
ptg000006l_rc_rotated	ptg000029l_1_1_1	89.130	46	5	0	9617	9662	687364	687319	8.07e-05	58.4
ptg000006l_rc_rotated	ptg000029l_1_1_1	89.130	46	5	0	9596	9641	687364	687319	8.07e-05	58.4
ptg000006l_rc_rotated	ptg000029l_1_1_1	89.362	47	3	2	9554	9599	687364	687319	8.07e-05	58.4
ptg000006l_rc_rotated	ptg000029l_1_1_1	89.130	46	5	0	9471	9516	687364	687319	8.07e-05	58.4
ptg000006l_rc_rotated	ptg000029l_1_1_1	89.130	46	5	0	9450	9495	687364	687319	8.07e-05	58.4
ptg000006l_rc_rotated	ptg000029l_1_1_1	89.130	46	5	0	9429	9474	687364	687319	8.07e-05	58.4
ptg000006l_rc_rotated	ptg000029l_1_1_1	89.130	46	5	0	9408	9453	687364	687319	8.07e-05	58.4
ptg000006l_rc_rotated	ptg000029l_1_1_1	89.130	46	5	0	9325	9370	687364	687319	8.07e-05	58.4
ptg000006l_rc_rotated	ptg000029l_1_1_1	89.130	46	5	0	9304	9349	687364	687319	8.07e-05	58.4
ptg000006l_rc_rotated	ptg000029l_1_1_1	89.130	46	5	0	9283	9328	687364	687319	8.07e-05	58.4
ptg000006l_rc_rotated	ptg000029l_1_1_1	89.130	46	5	0	9262	9307	687364	687319	8.07e-05	58.4
ptg000006l_rc_rotated	ptg000029l_1_1_1	89.130	46	5	0	9179	9224	687364	687319	8.07e-05	58.4
ptg000006l_rc_rotated	ptg000029l_1_1_1	89.130	46	5	0	9158	9203	687364	687319	8.07e-05	58.4
ptg000006l_rc_rotated	ptg000029l_1_1_1	89.130	46	5	0	9137	9182	687364	687319	8.07e-05	58.4
ptg000006l_rc_rotated	ptg000029l_1_1_1	89.130	46	5	0	8991	9036	687364	687319	8.07e-05	58.4
ptg000006l_rc_rotated	ptg000029l_1_1_1	89.130	46	5	0	8970	9015	687364	687319	8.07e-05	58.4
ptg000006l_rc_rotated	ptg000029l_1_1_1	89.130	46	5	0	8887	8932	687364	687319	8.07e-05	58.4
ptg000006l_rc_rotated	ptg000029l_1_1_1	89.130	46	5	0	8866	8911	687364	687319	8.07e-05	58.4
ptg000006l_rc_rotated	ptg000029l_1_1_1	89.130	46	5	0	8845	8890	687364	687319	8.07e-05	58.4
ptg000006l_rc_rotated	ptg000029l_1_1_1	89.130	46	5	0	8824	8869	687364	687319	8.07e-05	58.4
ptg000006l_rc_rotated	ptg000029l_1_1_1	89.130	46	5	0	8741	8786	687364	687319	8.07e-05	58.4
ptg000006l_rc_rotated	ptg000029l_1_1_1	89.130	46	5	0	8720	8765	687364	687319	8.07e-05	58.4
ptg000006l_rc_rotated	ptg000029l_1_1_1	89.130	46	5	0	8699	8744	687364	687319	8.07e-05	58.4
ptg000006l_rc_rotated	ptg000029l_1_1_1	89.130	46	5	0	8678	8723	687364	687319	8.07e-05	58.4
ptg000006l_rc_rotated	ptg000029l_1_1_1	89.130	46	5	0	8553	8598	687364	687319	8.07e-05	58.4
ptg000006l_rc_rotated	ptg000029l_1_1_1	89.130	46	5	0	8532	8577	687364	687319	8.07e-05	58.4
ptg000006l_rc_rotated	ptg000029l_1_1_1	89.130	46	5	0	8449	8494	687364	687319	8.07e-05	58.4
ptg000006l_rc_rotated	ptg000029l_1_1_1	89.130	46	5	0	8386	8431	687364	687319	8.07e-05	58.4
ptg000006l_rc_rotated	ptg000029l_1_1_1	89.130	46	5	0	8303	8348	687364	687319	8.07e-05	58.4
ptg000006l_rc_rotated	ptg000029l_1_1_1	89.130	46	5	0	8282	8327	687364	687319	8.07e-05	58.4
ptg000006l_rc_rotated	ptg000029l_1_1_1	100.000	31	0	0	10201	10231	687364	687334	8.07e-05	58.4
ptg000006l_rc_rotated	ptg000029l_1_1_1	100.000	31	0	0	9012	9042	687364	687334	8.07e-05	58.4
ptg000006l_rc_rotated	ptg000029l_1_1_1	100.000	31	0	0	8574	8604	687364	687334	8.07e-05	58.4
ptg000006l_rc_rotated	ptg000029l_1_1_1	100.000	31	0	0	8407	8437	687364	687334	8.07e-05	58.4
ptg000006l_rc_rotated	ptg000009l_1_1_1	100.000	37	0	0	10068	10104	6320019	6319983	3.73e-08	69.4
ptg000006l_rc_rotated	ptg000009l_1_1_1	100.000	37	0	0	9922	9958	6320019	6319983	3.73e-08	69.4
ptg000006l_rc_rotated	ptg000009l_1_1_1	100.000	37	0	0	9776	9812	6320019	6319983	3.73e-08	69.4
ptg000006l_rc_rotated	ptg000009l_1_1_1	100.000	37	0	0	9630	9666	6320019	6319983	3.73e-08	69.4
ptg000006l_rc_rotated	ptg000009l_1_1_1	100.000	37	0	0	9484	9520	6320019	6319983	3.73e-08	69.4
ptg000006l_rc_rotated	ptg000009l_1_1_1	100.000	37	0	0	9338	9374	6320019	6319983	3.73e-08	69.4
ptg000006l_rc_rotated	ptg000009l_1_1_1	100.000	37	0	0	9192	9228	6320019	6319983	3.73e-08	69.4
ptg000006l_rc_rotated	ptg000009l_1_1_1	100.000	37	0	0	8900	8936	6320019	6319983	3.73e-08	69.4
ptg000006l_rc_rotated	ptg000009l_1_1_1	100.000	37	0	0	8754	8790	6320019	6319983	3.73e-08	69.4
ptg000006l_rc_rotated	ptg000009l_1_1_1	100.000	37	0	0	8462	8498	6320019	6319983	3.73e-08	69.4
ptg000006l_rc_rotated	ptg000009l_1_1_1	100.000	37	0	0	8316	8352	6320019	6319983	3.73e-08	69.4
ptg000006l_rc_rotated	ptg000009l_1_1_1	100.000	37	0	0	10128	10164	6320021	6319985	3.73e-08	69.4
ptg000006l_rc_rotated	ptg000009l_1_1_1	100.000	37	0	0	9982	10018	6320021	6319985	3.73e-08	69.4
ptg000006l_rc_rotated	ptg000009l_1_1_1	100.000	37	0	0	9836	9872	6320021	6319985	3.73e-08	69.4
ptg000006l_rc_rotated	ptg000009l_1_1_1	100.000	37	0	0	9690	9726	6320021	6319985	3.73e-08	69.4
ptg000006l_rc_rotated	ptg000009l_1_1_1	100.000	37	0	0	9544	9580	6320021	6319985	3.73e-08	69.4
ptg000006l_rc_rotated	ptg000009l_1_1_1	100.000	37	0	0	9398	9434	6320021	6319985	3.73e-08	69.4
ptg000006l_rc_rotated	ptg000009l_1_1_1	100.000	37	0	0	9252	9288	6320021	6319985	3.73e-08	69.4
ptg000006l_rc_rotated	ptg000009l_1_1_1	100.000	37	0	0	8960	8996	6320021	6319985	3.73e-08	69.4
ptg000006l_rc_rotated	ptg000009l_1_1_1	100.000	37	0	0	8668	8704	6320021	6319985	3.73e-08	69.4
ptg000006l_rc_rotated	ptg000009l_1_1_1	100.000	35	0	0	10193	10227	6320019	6319985	4.82e-07	65.8
ptg000006l_rc_rotated	ptg000009l_1_1_1	100.000	35	0	0	10172	10206	6320019	6319985	4.82e-07	65.8
ptg000006l_rc_rotated	ptg000009l_1_1_1	100.000	35	0	0	10151	10185	6320019	6319985	4.82e-07	65.8
ptg000006l_rc_rotated	ptg000009l_1_1_1	100.000	35	0	0	10047	10081	6320019	6319985	4.82e-07	65.8
ptg000006l_rc_rotated	ptg000009l_1_1_1	100.000	35	0	0	10026	10060	6320019	6319985	4.82e-07	65.8
ptg000006l_rc_rotated	ptg000009l_1_1_1	100.000	35	0	0	9901	9935	6320019	6319985	4.82e-07	65.8
ptg000006l_rc_rotated	ptg000009l_1_1_1	100.000	35	0	0	9880	9914	6320019	6319985	4.82e-07	65.8
ptg000006l_rc_rotated	ptg000009l_1_1_1	100.000	35	0	0	9859	9893	6320019	6319985	4.82e-07	65.8
ptg000006l_rc_rotated	ptg000009l_1_1_1	100.000	35	0	0	9755	9789	6320019	6319985	4.82e-07	65.8
ptg000006l_rc_rotated	ptg000009l_1_1_1	100.000	35	0	0	9734	9768	6320019	6319985	4.82e-07	65.8
ptg000006l_rc_rotated	ptg000009l_1_1_1	100.000	35	0	0	9713	9747	6320019	6319985	4.82e-07	65.8
ptg000006l_rc_rotated	ptg000009l_1_1_1	100.000	35	0	0	9609	9643	6320019	6319985	4.82e-07	65.8
ptg000006l_rc_rotated	ptg000009l_1_1_1	100.000	35	0	0	9588	9622	6320019	6319985	4.82e-07	65.8
ptg000006l_rc_rotated	ptg000009l_1_1_1	100.000	35	0	0	9463	9497	6320019	6319985	4.82e-07	65.8
ptg000006l_rc_rotated	ptg000009l_1_1_1	100.000	35	0	0	9442	9476	6320019	6319985	4.82e-07	65.8
ptg000006l_rc_rotated	ptg000009l_1_1_1	100.000	35	0	0	9421	9455	6320019	6319985	4.82e-07	65.8
ptg000006l_rc_rotated	ptg000009l_1_1_1	100.000	35	0	0	9317	9351	6320019	6319985	4.82e-07	65.8
ptg000006l_rc_rotated	ptg000009l_1_1_1	100.000	35	0	0	9296	9330	6320019	6319985	4.82e-07	65.8
ptg000006l_rc_rotated	ptg000009l_1_1_1	100.000	35	0	0	9275	9309	6320019	6319985	4.82e-07	65.8
ptg000006l_rc_rotated	ptg000009l_1_1_1	100.000	35	0	0	9171	9205	6320019	6319985	4.82e-07	65.8
ptg000006l_rc_rotated	ptg000009l_1_1_1	100.000	35	0	0	9150	9184	6320019	6319985	4.82e-07	65.8
ptg000006l_rc_rotated	ptg000009l_1_1_1	100.000	35	0	0	9129	9163	6320019	6319985	4.82e-07	65.8
ptg000006l_rc_rotated	ptg000009l_1_1_1	100.000	35	0	0	9004	9038	6320019	6319985	4.82e-07	65.8
ptg000006l_rc_rotated	ptg000009l_1_1_1	100.000	35	0	0	8983	9017	6320019	6319985	4.82e-07	65.8
ptg000006l_rc_rotated	ptg000009l_1_1_1	100.000	35	0	0	8879	8913	6320019	6319985	4.82e-07	65.8
ptg000006l_rc_rotated	ptg000009l_1_1_1	100.000	35	0	0	8858	8892	6320019	6319985	4.82e-07	65.8
ptg000006l_rc_rotated	ptg000009l_1_1_1	100.000	35	0	0	8837	8871	6320019	6319985	4.82e-07	65.8
ptg000006l_rc_rotated	ptg000009l_1_1_1	100.000	35	0	0	8733	8767	6320019	6319985	4.82e-07	65.8
ptg000006l_rc_rotated	ptg000009l_1_1_1	100.000	35	0	0	8712	8746	6320019	6319985	4.82e-07	65.8
ptg000006l_rc_rotated	ptg000009l_1_1_1	100.000	35	0	0	8691	8725	6320019	6319985	4.82e-07	65.8
ptg000006l_rc_rotated	ptg000009l_1_1_1	100.000	35	0	0	8566	8600	6320019	6319985	4.82e-07	65.8
ptg000006l_rc_rotated	ptg000009l_1_1_1	100.000	35	0	0	8545	8579	6320019	6319985	4.82e-07	65.8
ptg000006l_rc_rotated	ptg000009l_1_1_1	100.000	35	0	0	8399	8433	6320019	6319985	4.82e-07	65.8
ptg000006l_rc_rotated	ptg000009l_1_1_1	100.000	35	0	0	8295	8329	6320019	6319985	4.82e-07	65.8
ptg000006l_rc_rotated	ptg000009l_1_1_1	100.000	35	0	0	8274	8308	6320019	6319985	4.82e-07	65.8
ptg000006l_rc_rotated	ptg000009l_1_1_1	97.297	37	1	0	9046	9082	6320019	6319983	1.73e-06	63.9
ptg000006l_rc_rotated	ptg000009l_1_1_1	97.297	37	1	0	8814	8850	6320021	6319985	1.73e-06	63.9
ptg000006l_rc_rotated	ptg000009l_1_1_1	97.297	37	1	0	8522	8558	6320021	6319985	1.73e-06	63.9
ptg000006l_rc_rotated	ptg000009l_1_1_1	97.297	37	1	0	8376	8412	6320021	6319985	1.73e-06	63.9
ptg000006l_rc_rotated	ptg000009l_1_1_1	97.143	35	1	0	8441	8475	6320019	6319985	2.24e-05	60.2
ptg000006l_rc_rotated	ptg000009l_1_1_1	100.000	31	0	0	10214	10244	6320019	6319989	8.07e-05	58.4
ptg000006l_rc_rotated	ptg000030l_1_1_1	97.143	35	1	0	9552	9586	3300307	3300341	2.24e-05	60.2
ptg000006l_rc_rotated	ptg000030l_1_1_1	97.143	35	1	0	9990	10024	3300307	3300341	2.24e-05	60.2
